0100000000000000
0100000000000000
0100000000000000
0100000000000000
0100000000000000
0100000000000000
0100000000000000
0100000000000000
0100000000000000
0100000000000000
0100000000000000
0100000000000000
0100000000000000
0100000000000000
0100000000000000
0100000000000000
0100000000000000
0100000000000000
0100000000000000
0100000000000000
0100000000000000
0100000000000000
0100000000000000
0100000000000000
0100000000000000
0100000000000000
0100000000000000
0100000000000000
0100000000000000
0100000000000000
0100000000000000
0100000000000000
0100000000000000
0100000000000000
0100000000000000
0100000000000000
0100000000000000
0100000000000000
0100000000000000
0100000000000000
0100000000000000
0100000000000000
0100000000000000
0100000000000000
0100000000000000
0100000000000000
0100000000000000
0100000000000000
0100000000000000
0100000000000000
0100000000000000
0100000000000000
0100000000000000
0100000000000000
0100000000000000
0100000000000000
0100000000000000
0100000000000000
0100000000000000
0100000000000000
0100000000000000
0100000000000000
0100000000000000
0100000000000000
0100000000000000
0100000000000000
0100000000000000
0100000000000000
0100000000000000
0100000000000000
0100000000000000
0100000000000000
0100000000000000
0100000000000000
0100000000000000
0100000000000000
0100000000000000
0100000000000000
0100000000000000
0100000000000000
0100000000000000
0100000000000000
0100000000000000
0100000000000000
0100000000000000
0100000000000000
0100000000000000
0100000000000000
0100000000000000
0100000000000000
0100000000000000
0100000000000000
0100000000000000
0100000000000000
0100000000000000
0100000000000000
0100000000000000
0100000000000000
0100000000000000
0100000000000000
0100000000000000
0100000000000000
0100000000000000
0100000000000000
0100000000000000
0100000000000000
0100000000000000
0100000000000000
0100000000000000
0100000000000000
0100000000000000
0100000000000000
0100000000000000
0100000000000000
0100000000000000
0100000000000000
0100000000000000
00fe000000000000
00fe000000000000
00fe000000000000
00fe000000000000
00fe000000000000
00fe000000000000
00fe000000000000
00fd000100000000
00fd000100000000
00fd000100000000
00fd000100000000
0100000000000000
0100000000000000
0100000000000000
0100000000000000
0100000000000000
0100000000000000
0100000000000000
0100000000000000
0100000000000000
0100000000000000
0100000000000000
0100000000000000
0100000000000000
0100000000000000
0100000000000000
0100000000000000
0100000000000000
0100000000000000
0100000000000000
0100000000000000
0100000000000000
0100000000000000
0100000000000000
0100000000000000
0100000000000000
0100000000000000
0100000000000000
0100000000000000
0100000000000000
0100000000000000
0100000000000000
0100000000000000
0100000000000000
0100000000000000
0100000000000000
0100000000000000
0100000000000000
0100000000000000
0100000000000000
0100000000000000
0100000000000000
0100000000000000
0100000000000000
0100000000000000
0100000000000000
0100000000000000
0100000000000000
0100000000000000
0100000000000000
0100000000000000
0100000000000000
0100000000000000
0100000000000000
0100000000000000
0100000000000000
0100000000000000
0100000000000000
0100000000000000
0100000000000000
0100000000000000
0100000000000000
0100000000000000
0100000000000000
0100000000000000
0100000000000000
0100000000000000
0100000000000000
0100000000000000
0100000000000000
0100000000000000
0100000000000000
0100000000000000
0100000000000000
0100000000000000
0100000000000000
0100000000000000
0100000000000000
0100000000000000
0100000000000000
0100000000000000
0100000000000000
0100000000000000
0100000000000000
0100000000000000
0100000000000000
0100000000000000
0100000000000000
0100000000000000
0100000000000000
0100000000000000
0100000000000000
0100000000000000
0100000000000000
0100000000000000
0100000000000000
0100000000000000
0100000000000000
0100000000000000
0100000000000000
0100000000000000
0100000000000000
0100000000000000
0100000000000000
0100000000000000
0100000000000000
0100000000000000
0100000000000000
0100000000000000
0100000000000000
0100000000000000
0100000000000000
0100000000000000
0100000000000000
0100000000000000
0100000000000000
00fe000000000000
00fe000000000000
00fe000000000000
00fe000000000000
00fe000000000000
00fe000000000000
00fd000100000000
00fd000100000000
00fd000100000000
00fd000100000000
00fd000100000000
00fd000100000000
00fc000100000000
0100000000000000
0100000000000000
0100000000000000
0100000000000000
0100000000000000
0100000000000000
0100000000000000
0100000000000000
0100000000000000
0100000000000000
0100000000000000
0100000000000000
0100000000000000
0100000000000000
0100000000000000
0100000000000000
0100000000000000
0100000000000000
0100000000000000
0100000000000000
0100000000000000
0100000000000000
0100000000000000
0100000000000000
0100000000000000
0100000000000000
0100000000000000
0100000000000000
0100000000000000
0100000000000000
0100000000000000
0100000000000000
0100000000000000
0100000000000000
0100000000000000
0100000000000000
0100000000000000
0100000000000000
0100000000000000
0100000000000000
0100000000000000
0100000000000000
0100000000000000
0100000000000000
0100000000000000
0100000000000000
0100000000000000
0100000000000000
0100000000000000
0100000000000000
0100000000000000
0100000000000000
0100000000000000
0100000000000000
0100000000000000
0100000000000000
0100000000000000
0100000000000000
0100000000000000
0100000000000000
0100000000000000
0100000000000000
0100000000000000
0100000000000000
0100000000000000
0100000000000000
0100000000000000
0100000000000000
0100000000000000
0100000000000000
0100000000000000
0100000000000000
0100000000000000
0100000000000000
0100000000000000
0100000000000000
0100000000000000
0100000000000000
0100000000000000
0100000000000000
0100000000000000
0100000000000000
0100000000000000
0100000000000000
0100000000000000
0100000000000000
0100000000000000
0100000000000000
0100000000000000
0100000000000000
0100000000000000
0100000000000000
0100000000000000
0100000000000000
0100000000000000
0100000000000000
0100000000000000
0100000000000000
0100000000000000
0100000000000000
0100000000000000
0100000000000000
0100000000000000
0100000000000000
0100000000000000
0100000000000000
0100000000000000
0100000000000000
0100000000000000
0100000000000000
0100000000000000
0100000000000000
0100000000000000
0100000000000000
00fe000000000000
00fe000000000000
00fe000000000000
00fe000000000000
00fe000000000000
00fd000100000000
00fd000100000000
00fd000100000000
00fd000100000000
00fd000100000000
00fc000100000000
00fc000100000000
00fc000100000000
00fc000100000000
0100000000000000
0100000000000000
0100000000000000
0100000000000000
0100000000000000
0100000000000000
0100000000000000
0100000000000000
0100000000000000
0100000000000000
0100000000000000
0100000000000000
0100000000000000
0100000000000000
0100000000000000
0100000000000000
0100000000000000
0100000000000000
0100000000000000
0100000000000000
0100000000000000
0100000000000000
0100000000000000
0100000000000000
0100000000000000
0100000000000000
0100000000000000
0100000000000000
0100000000000000
0100000000000000
0100000000000000
0100000000000000
0100000000000000
0100000000000000
0100000000000000
0100000000000000
0100000000000000
0100000000000000
0100000000000000
0100000000000000
0100000000000000
0100000000000000
0100000000000000
0100000000000000
0100000000000000
0100000000000000
0100000000000000
0100000000000000
0100000000000000
0100000000000000
0100000000000000
0100000000000000
0100000000000000
0100000000000000
0100000000000000
0100000000000000
0100000000000000
0100000000000000
0100000000000000
0100000000000000
0100000000000000
0100000000000000
0100000000000000
0100000000000000
0100000000000000
0100000000000000
0100000000000000
0100000000000000
0100000000000000
0100000000000000
0100000000000000
0100000000000000
0100000000000000
0100000000000000
0100000000000000
0100000000000000
0100000000000000
0100000000000000
0100000000000000
0100000000000000
0100000000000000
0100000000000000
0100000000000000
0100000000000000
0100000000000000
0100000000000000
0100000000000000
0100000000000000
0100000000000000
0100000000000000
0100000000000000
0100000000000000
0100000000000000
0100000000000000
0100000000000000
0100000000000000
0100000000000000
0100000000000000
0100000000000000
0100000000000000
0100000000000000
0100000000000000
0100000000000000
0100000000000000
0100000000000000
0100000000000000
0100000000000000
0100000000000000
0100000000000000
0100000000000000
0100000000000000
0100000000000000
00fe000000000000
00fe000000000000
00fe000000000000
00fe000000000000
00fe000000000000
00fd000100000000
00fd000100000000
00fd000100000000
00fd000100000000
00fd000100000000
00fc000100000000
00fc000100000000
00fc000100000000
00fc000100000000
00fc000100000000
00fc000100000000
0100000000000000
0100000000000000
0100000000000000
0100000000000000
0100000000000000
0100000000000000
0100000000000000
0100000000000000
0100000000000000
0100000000000000
0100000000000000
0100000000000000
0100000000000000
0100000000000000
0100000000000000
0100000000000000
0100000000000000
0100000000000000
0100000000000000
0100000000000000
0100000000000000
0100000000000000
0100000000000000
0100000000000000
0100000000000000
0100000000000000
0100000000000000
0100000000000000
0100000000000000
0100000000000000
0100000000000000
0100000000000000
0100000000000000
0100000000000000
0100000000000000
0100000000000000
0100000000000000
0100000000000000
0100000000000000
0100000000000000
0100000000000000
0100000000000000
0100000000000000
0100000000000000
0100000000000000
0100000000000000
0100000000000000
0100000000000000
0100000000000000
0100000000000000
0100000000000000
0100000000000000
0100000000000000
0100000000000000
0100000000000000
0100000000000000
0100000000000000
0100000000000000
0100000000000000
0100000000000000
0100000000000000
0100000000000000
0100000000000000
0100000000000000
0100000000000000
0100000000000000
0100000000000000
0100000000000000
0100000000000000
0100000000000000
0100000000000000
0100000000000000
0100000000000000
0100000000000000
0100000000000000
0100000000000000
0100000000000000
0100000000000000
0100000000000000
0100000000000000
0100000000000000
0100000000000000
0100000000000000
0100000000000000
0100000000000000
0100000000000000
0100000000000000
0100000000000000
0100000000000000
0100000000000000
0100000000000000
0100000000000000
0100000000000000
0100000000000000
0100000000000000
0100000000000000
0100000000000000
0100000000000000
0100000000000000
0100000000000000
0100000000000000
0100000000000000
0100000000000000
0100000000000000
0100000000000000
0100000000000000
0100000000000000
0100000000000000
0100000000000000
0100000000000000
0100000000000000
00fe000000000000
00fe000000000000
00fe000000000000
00fe000000000000
00fe000000000000
00fd000100000000
00fd000100000000
00fd000100000000
00fd000100000000
00fc000100000000
00fc000100000000
00fc000100000000
00fc000100000000
00fc000100000000
00fc000100000000
00fc000100000000
00fc000100000000
0100000000000000
0100000000000000
0100000000000000
0100000000000000
0100000000000000
0100000000000000
0100000000000000
0100000000000000
0100000000000000
0100000000000000
0100000000000000
0100000000000000
0100000000000000
0100000000000000
0100000000000000
0100000000000000
0100000000000000
0100000000000000
0100000000000000
0100000000000000
0100000000000000
0100000000000000
0100000000000000
0100000000000000
0100000000000000
0100000000000000
0100000000000000
0100000000000000
0100000000000000
0100000000000000
0100000000000000
0100000000000000
0100000000000000
0100000000000000
0100000000000000
0100000000000000
0100000000000000
0100000000000000
0100000000000000
0100000000000000
0100000000000000
0100000000000000
0100000000000000
0100000000000000
0100000000000000
0100000000000000
0100000000000000
0100000000000000
0100000000000000
0100000000000000
0100000000000000
0100000000000000
0100000000000000
0100000000000000
0100000000000000
0100000000000000
0100000000000000
0100000000000000
0100000000000000
0100000000000000
0100000000000000
0100000000000000
0100000000000000
0100000000000000
0100000000000000
0100000000000000
0100000000000000
0100000000000000
0100000000000000
0100000000000000
0100000000000000
0100000000000000
0100000000000000
0100000000000000
0100000000000000
0100000000000000
0100000000000000
0100000000000000
0100000000000000
0100000000000000
0100000000000000
0100000000000000
0100000000000000
0100000000000000
0100000000000000
0100000000000000
0100000000000000
0100000000000000
0100000000000000
0100000000000000
0100000000000000
0100000000000000
0100000000000000
0100000000000000
0100000000000000
0100000000000000
0100000000000000
0100000000000000
0100000000000000
0100000000000000
0100000000000000
0100000000000000
0100000000000000
0100000000000000
0100000000000000
0100000000000000
0100000000000000
0100000000000000
0100000000000000
00fe000000000000
00fe000000000000
00fe000000000000
00fe000000000000
00fe000000000000
00fd000100000000
00fd000100000000
00fd000100000000
00fd000100000000
00fc000100000000
00fc000100000000
00fc000100000000
00fc000100000000
00fc000100000000
00fc000100000000
00fc000100000000
00fb000100000000
00fb000100000000
00fb000100000000
0100000000000000
0100000000000000
0100000000000000
0100000000000000
0100000000000000
0100000000000000
0100000000000000
0100000000000000
0100000000000000
0100000000000000
0100000000000000
0100000000000000
0100000000000000
0100000000000000
0100000000000000
0100000000000000
0100000000000000
0100000000000000
0100000000000000
0100000000000000
0100000000000000
0100000000000000
0100000000000000
0100000000000000
0100000000000000
0100000000000000
0100000000000000
0100000000000000
0100000000000000
0100000000000000
0100000000000000
0100000000000000
0100000000000000
0100000000000000
0100000000000000
0100000000000000
0100000000000000
0100000000000000
0100000000000000
0100000000000000
0100000000000000
0100000000000000
0100000000000000
0100000000000000
0100000000000000
0100000000000000
0100000000000000
0100000000000000
0100000000000000
0100000000000000
0100000000000000
0100000000000000
0100000000000000
0100000000000000
0100000000000000
0100000000000000
0100000000000000
0100000000000000
0100000000000000
0100000000000000
0100000000000000
0100000000000000
0100000000000000
0100000000000000
0100000000000000
0100000000000000
0100000000000000
0100000000000000
0100000000000000
0100000000000000
0100000000000000
0100000000000000
0100000000000000
0100000000000000
0100000000000000
0100000000000000
0100000000000000
0100000000000000
0100000000000000
0100000000000000
0100000000000000
0100000000000000
0100000000000000
0100000000000000
0100000000000000
0100000000000000
0100000000000000
0100000000000000
0100000000000000
0100000000000000
0100000000000000
0100000000000000
0100000000000000
0100000000000000
0100000000000000
0100000000000000
0100000000000000
0100000000000000
0100000000000000
0100000000000000
0100000000000000
0100000000000000
0100000000000000
0100000000000000
0100000000000000
0100000000000000
0100000000000000
0100000000000000
00fe000000000000
00fe000000000000
00fe000000000000
00fe000000000000
00fd000100000000
00fd000100000000
00fd000100000000
00fd000100000000
00fc000100000000
00fc000100000000
00fc000100000000
00fc000100000000
00fc000100000000
00fc000100000000
00fb000100000000
00fb000100000000
00fb000100000000
00fa000100000001
00fa000100000001
00fa000100000001
0100000000000000
0100000000000000
0100000000000000
0100000000000000
0100000000000000
0100000000000000
0100000000000000
0100000000000000
0100000000000000
0100000000000000
0100000000000000
0100000000000000
0100000000000000
0100000000000000
0100000000000000
0100000000000000
0100000000000000
0100000000000000
0100000000000000
0100000000000000
0100000000000000
0100000000000000
0100000000000000
0100000000000000
0100000000000000
0100000000000000
0100000000000000
0100000000000000
0100000000000000
0100000000000000
0100000000000000
0100000000000000
0100000000000000
0100000000000000
0100000000000000
0100000000000000
0100000000000000
0100000000000000
0100000000000000
0100000000000000
0100000000000000
0100000000000000
0100000000000000
0100000000000000
0100000000000000
0100000000000000
0100000000000000
0100000000000000
0100000000000000
0100000000000000
0100000000000000
0100000000000000
0100000000000000
0100000000000000
0100000000000000
0100000000000000
0100000000000000
0100000000000000
0100000000000000
0100000000000000
0100000000000000
0100000000000000
0100000000000000
0100000000000000
0100000000000000
0100000000000000
0100000000000000
0100000000000000
0100000000000000
0100000000000000
0100000000000000
0100000000000000
0100000000000000
0100000000000000
0100000000000000
0100000000000000
0100000000000000
0100000000000000
0100000000000000
0100000000000000
0100000000000000
0100000000000000
0100000000000000
0100000000000000
0100000000000000
0100000000000000
0100000000000000
0100000000000000
0100000000000000
0100000000000000
0100000000000000
0100000000000000
0100000000000000
0100000000000000
0100000000000000
0100000000000000
0100000000000000
0100000000000000
0100000000000000
0100000000000000
0100000000000000
0100000000000000
0100000000000000
0100000000000000
0100000000000000
0100000000000000
0100000000000000
00fe000000000000
00fe000000000000
00fe000000000000
00fe000000000000
00fd000100000000
00fd000100000000
00fd000100000000
00fc000100000000
00fc000100000000
00fc000100000000
00fc000100000000
00fc000100000000
00fc000100000000
00fb000100000000
00fb000100000000
00fa000100000001
00fa000100000001
00fa000100000001
00fa000100000001
00f9000100000001
00f9000100000001
0100000000000000
0100000000000000
0100000000000000
0100000000000000
0100000000000000
0100000000000000
0100000000000000
0100000000000000
0100000000000000
0100000000000000
0100000000000000
0100000000000000
0100000000000000
0100000000000000
0100000000000000
0100000000000000
0100000000000000
0100000000000000
0100000000000000
0100000000000000
0100000000000000
0100000000000000
0100000000000000
0100000000000000
0100000000000000
0100000000000000
0100000000000000
0100000000000000
0100000000000000
0100000000000000
0100000000000000
0100000000000000
0100000000000000
0100000000000000
0100000000000000
0100000000000000
0100000000000000
0100000000000000
0100000000000000
0100000000000000
0100000000000000
0100000000000000
0100000000000000
0100000000000000
0100000000000000
0100000000000000
0100000000000000
0100000000000000
0100000000000000
0100000000000000
0100000000000000
0100000000000000
0100000000000000
0100000000000000
0100000000000000
0100000000000000
0100000000000000
0100000000000000
0100000000000000
0100000000000000
0100000000000000
0100000000000000
0100000000000000
0100000000000000
0100000000000000
0100000000000000
0100000000000000
0100000000000000
0100000000000000
0100000000000000
0100000000000000
0100000000000000
0100000000000000
0100000000000000
0100000000000000
0100000000000000
0100000000000000
0100000000000000
0100000000000000
0100000000000000
0100000000000000
0100000000000000
0100000000000000
0100000000000000
0100000000000000
0100000000000000
0100000000000000
0100000000000000
0100000000000000
0100000000000000
0100000000000000
0100000000000000
0100000000000000
0100000000000000
0100000000000000
0100000000000000
0100000000000000
0100000000000000
0100000000000000
0100000000000000
0100000000000000
0100000000000000
0100000000000000
0100000000000000
0100000000000000
00fe000000000000
00fe000000000000
00fe000000000000
00fe000000000000
00fd000100000000
00fd000100000000
00fd000100000000
00fc000100000000
00fc000100000000
00fc000100000000
00fc000100000000
00fc000100000000
00fc000100000000
00fb000100000000
00fb000100000000
00fa000100000001
00fa000100000001
00fa000100000001
00f9000100000001
00f9000100000001
00f8000100000001
00f8000100000001
00f8000100000001
0100000000000000
0100000000000000
0100000000000000
0100000000000000
0100000000000000
0100000000000000
0100000000000000
0100000000000000
0100000000000000
0100000000000000
0100000000000000
0100000000000000
0100000000000000
0100000000000000
0100000000000000
0100000000000000
0100000000000000
0100000000000000
0100000000000000
0100000000000000
0100000000000000
0100000000000000
0100000000000000
0100000000000000
0100000000000000
0100000000000000
0100000000000000
0100000000000000
0100000000000000
0100000000000000
0100000000000000
0100000000000000
0100000000000000
0100000000000000
0100000000000000
0100000000000000
0100000000000000
0100000000000000
0100000000000000
0100000000000000
0100000000000000
0100000000000000
0100000000000000
0100000000000000
0100000000000000
0100000000000000
0100000000000000
0100000000000000
0100000000000000
0100000000000000
0100000000000000
0100000000000000
0100000000000000
0100000000000000
0100000000000000
0100000000000000
0100000000000000
0100000000000000
0100000000000000
0100000000000000
0100000000000000
0100000000000000
0100000000000000
0100000000000000
0100000000000000
0100000000000000
0100000000000000
0100000000000000
0100000000000000
0100000000000000
0100000000000000
0100000000000000
0100000000000000
0100000000000000
0100000000000000
0100000000000000
0100000000000000
0100000000000000
0100000000000000
0100000000000000
0100000000000000
0100000000000000
0100000000000000
0100000000000000
0100000000000000
0100000000000000
0100000000000000
0100000000000000
0100000000000000
0100000000000000
0100000000000000
0100000000000000
0100000000000000
0100000000000000
0100000000000000
0100000000000000
0100000000000000
0100000000000000
0100000000000000
0100000000000000
0100000000000000
0100000000000000
0100000000000000
0100000000000000
00fe000000000000
00fe000000000000
00fe000000000000
00fe000000000000
00fd000100000000
00fd000100000000
00fd000100000000
00fc000100000000
00fc000100000000
00fc000100000000
00fc000100000000
00fc000100000000
00fb000100000000
00fb000100000000
00fa000100000001
00fa000100000001
00f9000100000001
00f9000100000001
00f8000100000001
00f8000100000001
00f8000100000001
00f7000100000001
00f7000100000001
00f7000100000001
0100000000000000
0100000000000000
0100000000000000
0100000000000000
0100000000000000
0100000000000000
0100000000000000
0100000000000000
0100000000000000
0100000000000000
0100000000000000
0100000000000000
0100000000000000
0100000000000000
0100000000000000
0100000000000000
0100000000000000
0100000000000000
0100000000000000
0100000000000000
0100000000000000
0100000000000000
0100000000000000
0100000000000000
0100000000000000
0100000000000000
0100000000000000
0100000000000000
0100000000000000
0100000000000000
0100000000000000
0100000000000000
0100000000000000
0100000000000000
0100000000000000
0100000000000000
0100000000000000
0100000000000000
0100000000000000
0100000000000000
0100000000000000
0100000000000000
0100000000000000
0100000000000000
0100000000000000
0100000000000000
0100000000000000
0100000000000000
0100000000000000
0100000000000000
0100000000000000
0100000000000000
0100000000000000
0100000000000000
0100000000000000
0100000000000000
0100000000000000
0100000000000000
0100000000000000
0100000000000000
0100000000000000
0100000000000000
0100000000000000
0100000000000000
0100000000000000
0100000000000000
0100000000000000
0100000000000000
0100000000000000
0100000000000000
0100000000000000
0100000000000000
0100000000000000
0100000000000000
0100000000000000
0100000000000000
0100000000000000
0100000000000000
0100000000000000
0100000000000000
0100000000000000
0100000000000000
0100000000000000
0100000000000000
0100000000000000
0100000000000000
0100000000000000
0100000000000000
0100000000000000
0100000000000000
0100000000000000
0100000000000000
0100000000000000
0100000000000000
0100000000000000
0100000000000000
0100000000000000
0100000000000000
0100000000000000
0100000000000000
0100000000000000
0100000000000000
0100000000000000
00fe000000000000
00fe000000000000
00fe000000000000
00fe000000000000
00fd000100000000
00fd000100000000
00fc000100000000
00fc000100000000
00fc000100000000
00fc000100000000
00fc000100000000
00fb000100000000
00fb000100000000
00fa000100000001
00fa000100000001
00f9000100000001
00f9000100000001
00f8000100000001
00f8000100000001
00f7000100000001
00f7000100000001
00f6000200000001
00f6000200000001
00f6000200000001
00f5000200000001
0100000000000000
0100000000000000
0100000000000000
0100000000000000
0100000000000000
0100000000000000
0100000000000000
0100000000000000
0100000000000000
0100000000000000
0100000000000000
0100000000000000
0100000000000000
0100000000000000
0100000000000000
0100000000000000
0100000000000000
0100000000000000
0100000000000000
0100000000000000
0100000000000000
0100000000000000
0100000000000000
0100000000000000
0100000000000000
0100000000000000
0100000000000000
0100000000000000
0100000000000000
0100000000000000
0100000000000000
0100000000000000
0100000000000000
0100000000000000
0100000000000000
0100000000000000
0100000000000000
0100000000000000
0100000000000000
0100000000000000
0100000000000000
0100000000000000
0100000000000000
0100000000000000
0100000000000000
0100000000000000
0100000000000000
0100000000000000
0100000000000000
0100000000000000
0100000000000000
0100000000000000
0100000000000000
0100000000000000
0100000000000000
0100000000000000
0100000000000000
0100000000000000
0100000000000000
0100000000000000
0100000000000000
0100000000000000
00fe000000010000
00fe000000010000
00fe000000010000
00fe000000010000
00fe000000010000
00fe000000010000
00fe000000010000
00fd000000010001
00fd000000010001
00fd000000010001
00fd000000010001
00fd000000010001
00fd000000010001
00fd000000010001
00fd000000010001
00fd000000010001
00fd000000010001
00fd000000010001
00fd000000010001
00fd000000010001
00fd000000010001
00fd000000010001
00fd000000010001
00fd000000010001
00fe000000010000
00fe000000010000
00fe000000010000
00fe000000010000
00fe000000010000
00fe000000010000
00fe000000010000
0100000000000000
0100000000000000
0100000000000000
0100000000000000
0100000000000000
0100000000000000
0100000000000000
0100000000000000
0100000000000000
00fe000000000000
00fe000000000000
00fe000000000000
00fd000100000000
00fd000100000000
00fd000100000000
00fc000100000000
00fc000100000000
00fc000100000000
00fc000100000000
00fb000100000000
00fb000100000000
00fa000100000001
00fa000100000001
00f9000100000001
00f9000100000001
00f8000100000001
00f7000100000001
00f7000100000001
00f6000200000001
00f6000200000001
00f5000200000001
00f5000200000001
00f5000200000001
00f4000200000001
00f4000200000001
0100000000000000
0100000000000000
0100000000000000
0100000000000000
0100000000000000
0100000000000000
0100000000000000
0100000000000000
0100000000000000
0100000000000000
0100000000000000
0100000000000000
0100000000000000
0100000000000000
0100000000000000
0100000000000000
0100000000000000
0100000000000000
0100000000000000
0100000000000000
0100000000000000
0100000000000000
0100000000000000
0100000000000000
0100000000000000
0100000000000000
0100000000000000
0100000000000000
0100000000000000
0100000000000000
0100000000000000
0100000000000000
0100000000000000
0100000000000000
0100000000000000
0100000000000000
0100000000000000
0100000000000000
0100000000000000
0100000000000000
0100000000000000
0100000000000000
0100000000000000
0100000000000000
0100000000000000
0100000000000000
0100000000000000
0100000000000000
0100000000000000
0100000000000000
0100000000000000
0100000000000000
0100000000000000
0100000000000000
0100000000000000
0100000000000000
0100000000000000
0100000000000000
0100000000000000
0100000000000000
0100000000000000
00fe000000010000
00fe000000010000
00fe000000010000
00fe000000010000
00fe000000010000
00fd000000010001
00fd000000010001
00fd000000010001
00fd000000010001
00fd000000010001
00fd000000010001
00fd000000010001
00fc000000010001
00fc000000010001
00fc000000010001
00fc000000010001
00fc000000010001
00fc000000010001
00fc000000010001
00fc000000010001
00fc000000010001
00fd000000010001
00fd000000010001
00fd000000010001
00fd000000010001
00fd000000010001
00fd000000010001
00fd000000010001
00fe000000010000
00fe000000010000
00fe000000010000
00fe000000010000
00fe000000010000
00fe000000010000
0100000000000000
0100000000000000
0100000000000000
0100000000000000
0100000000000000
00fe000000000000
00fe000000000000
00fe000000000000
00fe000000000000
00fd000100000000
00fd000100000000
00fd000100000000
00fc000100000000
00fc000100000000
00fc000100000000
00fc000100000000
00fb000100000000
00fb000100000000
00fa000100000001
00f9000100000001
00f9000100000001
00f8000100000001
00f7000100000001
00f7000100000001
00f6000200000001
00f6000200000001
00f5000200000001
00f4000200000001
00f4000200000001
00f4000200000001
00f4000200000001
00f4000200000001
00f3000200000001
0100000000000000
0100000000000000
0100000000000000
0100000000000000
0100000000000000
0100000000000000
0100000000000000
0100000000000000
0100000000000000
0100000000000000
0100000000000000
0100000000000000
0100000000000000
0100000000000000
0100000000000000
0100000000000000
0100000000000000
0100000000000000
0100000000000000
0100000000000000
0100000000000000
0100000000000000
0100000000000000
0100000000000000
0100000000000000
0100000000000000
0100000000000000
0100000000000000
0100000000000000
0100000000000000
0100000000000000
0100000000000000
0100000000000000
0100000000000000
0100000000000000
0100000000000000
0100000000000000
0100000000000000
0100000000000000
0100000000000000
0100000000000000
0100000000000000
0100000000000000
0100000000000000
0100000000000000
0100000000000000
0100000000000000
0100000000000000
0100000000000000
0100000000000000
0100000000000000
0100000000000000
0100000000000000
0100000000000000
0100000000000000
0100000000000000
0100000000000000
0100000000000000
0100000000000000
0100000000000000
00fe000000010000
00fe000000010000
00fe000000010000
00fe000000010000
00fe000000010000
00fd000000010001
00fd000000010001
00fd000000010001
00fd000000010001
00fd000000010001
00fc000000010001
00fc000000010001
00fc000000010001
00fc000000010001
00fc000000010001
00fc000000010001
00fc000000010001
00fc000000010001
00fc000000010001
00fc000000010001
00fc000000010001
00fc000000010001
00fc000000010001
00fc000000010001
00fc000000010001
00fc000000010001
00fd000000010001
00fd000000010001
00fd000000010001
00fd000000010001
00fd000000010001
00fe000000010000
00fe000000010000
00fe000000010000
00fe000000010000
00fe000000010000
0100000000000000
0100000000000000
0100000000000000
00fe000000000000
00fe000000000000
00fe000000000000
00fe000000000000
00fd000100000000
00fd000100000000
00fc000100000000
00fc000100000000
00fc000100000000
00fc000100000000
00fb000100000000
00fb000100000000
00fa000100000001
00fa000100000001
00f9000100000001
00f8000100000001
00f7000100000001
00f7000100000001
00f6000200000001
00f5000200000001
00f5000200000001
00f4000200000001
00f4000200000001
00f4000200000001
00f3000200000001
00f3000200000001
00f2000200010001
00f2000200010001
00f2000200010001
0100000000000000
0100000000000000
0100000000000000
0100000000000000
0100000000000000
0100000000000000
0100000000000000
0100000000000000
0100000000000000
0100000000000000
0100000000000000
0100000000000000
0100000000000000
0100000000000000
0100000000000000
0100000000000000
0100000000000000
0100000000000000
0100000000000000
0100000000000000
0100000000000000
0100000000000000
0100000000000000
0100000000000000
0100000000000000
0100000000000000
0100000000000000
0100000000000000
0100000000000000
0100000000000000
0100000000000000
0100000000000000
0100000000000000
0100000000000000
0100000000000000
0100000000000000
0100000000000000
0100000000000000
0100000000000000
0100000000000000
0100000000000000
0100000000000000
0100000000000000
0100000000000000
0100000000000000
0100000000000000
0100000000000000
0100000000000000
0100000000000000
0100000000000000
0100000000000000
0100000000000000
0100000000000000
0100000000000000
0100000000000000
0100000000000000
0100000000000000
0100000000000000
0100000000000000
00fe000000010000
00fe000000010000
00fe000000010000
00fe000000010000
00fd000000010001
00fd000000010001
00fd000000010001
00fd000000010001
00fc000000010001
00fc000000010001
00fc000000010001
00fc000000010001
00fc000000010001
00fb000000010001
00fb000000010001
00fb000000010001
00fb000000010001
00fb000000010001
00fb000000010001
00fb000000010001
00fb000000010001
00fb000000010001
00fb000000010001
00fb000000010001
00fb000000010001
00fc000000010001
00fc000000010001
00fc000000010001
00fc000000010001
00fc000000010001
00fd000000010001
00fd000000010001
00fd000000010001
00fd000000010001
00fe000000010000
00fe000000010000
00fe000000010000
00fe000000010000
00fe000000010000
00fe000000000000
00fe000000000000
00fe000000000000
00fe000000000000
00fd000100000000
00fd000100000000
00fc000100000000
00fc000100000000
00fc000100000000
00fc000100000000
00fb000100000000
00fb000100000000
00fa000100000001
00f9000100000001
00f8000100000001
00f8000100000001
00f7000100000001
00f6000200000001
00f5000200000001
00f5000200000001
00f4000200000001
00f4000200000001
00f3000200000001
00f3000200000001
00f2000200010001
00f1000200010001
00f1000200010001
00f0000200010001
00f0000200010001
00f0000200010001
0100000000000000
0100000000000000
0100000000000000
0100000000000000
0100000000000000
0100000000000000
0100000000000000
0100000000000000
0100000000000000
0100000000000000
0100000000000000
0100000000000000
0100000000000000
0100000000000000
0100000000000000
0100000000000000
0100000000000000
0100000000000000
0100000000000000
0100000000000000
0100000000000000
0100000000000000
0100000000000000
0100000000000000
0100000000000000
0100000000000000
0100000000000000
0100000000000000
0100000000000000
0100000000000000
0100000000000000
0100000000000000
0100000000000000
0100000000000000
0100000000000000
0100000000000000
0100000000000000
0100000000000000
0100000000000000
0100000000000000
0100000000000000
0100000000000000
0100000000000000
0100000000000000
0100000000000000
0100000000000000
0100000000000000
0100000000000000
0100000000000000
0100000000000000
0100000000000000
0100000000000000
0100000000000000
0100000000000000
0100000000000000
0100000000000000
0100000000000000
0100000000000000
00fe000000010000
00fe000000010000
00fe000000010000
00fe000000010000
00fd000000010001
00fd000000010001
00fd000000010001
00fd000000010001
00fc000000010001
00fc000000010001
00fc000000010001
00fb000000010001
00fb000000010001
00fb000000010001
00fb000000010001
00fb000000010001
00fa000000020001
00fa000000020001
00fa000000020001
00fa000000020001
00fa000000020001
00fa000000020001
00fa000000020001
00fa000000020001
00fa000000020001
00fb000000010001
00fb000000010001
00fb000000010001
00fb000000010001
00fb000000010001
00fc000000010001
00fc000000010001
00fc000000010001
00fd000000010001
00fd000000010001
00fd000000010001
00fd000000010001
00fe000000010000
00fe000000010000
00fc000000000000
00fc000000000000
00fe000000000000
00fd000100000000
00fd000100000000
00fd000100000000
00fc000100000000
00fc000100000000
00fc000100000000
00fc000100000000
00fb000100000000
00fa000100000001
00fa000100000001
00f9000100000001
00f8000100000001
00f7000100000001
00f6000200000001
00f5000200000001
00f5000200000001
00f4000200000001
00f4000200000001
00f3000200000001
00f2000200010001
00f1000200010001
00f1000200010001
00f0000200010001
00ef000300010001
00ef000300010001
00ee000300010001
00ee000300010001
00ee000300010001
0100000000000000
0100000000000000
0100000000000000
0100000000000000
0100000000000000
0100000000000000
0100000000000000
0100000000000000
0100000000000000
0100000000000000
0100000000000000
0100000000000000
0100000000000000
0100000000000000
0100000000000000
0100000000000000
0100000000000000
0100000000000000
0100000000000000
0100000000000000
0100000000000000
0100000000000000
0100000000000000
0100000000000000
0100000000000000
0100000000000000
0100000000000000
0100000000000000
0100000000000000
0100000000000000
0100000000000000
0100000000000000
0100000000000000
0100000000000000
0100000000000000
0100000000000000
0100000000000000
0100000000000000
0100000000000000
0100000000000000
0100000000000000
0100000000000000
0100000000000000
0100000000000000
0100000000000000
0100000000000000
0100000000000000
0100000000000000
0100000000000000
0100000000000000
0100000000000000
0100000000000000
0100000000000000
0100000000000000
00fe000100000001
00fe000100000001
00fe000100000001
00fc000000010000
00fc000000010000
00fc000000010000
00fc000000010000
00fb000000010001
00fb000000010001
00fb000000010001
00fa000000010001
00fa000000010001
00fa000000010001
00f9000000010001
00f9000000010001
00f9000000010001
00f8000000020001
00f8000000020001
00f8000000020001
00f8000000020001
00f8000000020001
00f7000000020001
00f7000000020001
00f7000000020001
00f7000000020001
00f7000000020001
00f7000000020001
00f7000000020001
00f7000000020001
00f8000000020001
00fa000000020001
00fa000000020001
00fa000000020001
00fb000000010001
00fb000000010001
00fb000000010001
00fc000000010001
00fc000000010001
00fc000000010001
00fd000000010001
00fd000000010001
00fd000000010001
00fc000000000000
00fc000000000000
00fc000000000000
00fb000100000000
00fd000100000000
00fd000100000000
00fc000100000000
00fc000100000000
00fc000100000000
00fb000100000000
00fb000100000000
00fa000100000001
00f9000100000001
00f8000100000001
00f7000100000001
00f7000100000001
00f6000200000001
00f5000200000001
00f4000200000001
00f4000200000001
00f3000200000001
00f2000200010001
00f1000200010001
00f0000200010001
00ef000300010001
00ef000300010001
00ee000300010001
00ed000300010002
00ed000300010002
00ec000300010002
00ec000300010002
00ec000300010002
0100000000000000
0100000000000000
0100000000000000
0100000000000000
0100000000000000
0100000000000000
0100000000000000
0100000000000000
0100000000000000
0100000000000000
0100000000000000
0100000000000000
0100000000000000
0100000000000000
0100000000000000
0100000000000000
0100000000000000
0100000000000000
0100000000000000
0100000000000000
0100000000000000
0100000000000000
0100000000000000
0100000000000000
0100000000000000
0100000000000000
0100000000000000
0100000000000000
0100000000000000
0100000000000000
0100000000000000
0100000000000000
0100000000000000
0100000000000000
0100000000000000
0100000000000000
0100000000000000
0100000000000000
0100000000000000
0100000000000000
0100000000000000
0100000000000000
0100000000000000
0100000000000000
0100000000000000
0100000000000000
0100000000000000
0100000000000000
0100000000000000
0100000000000000
0100000000000000
00fe000100000001
00fe000100000001
00fe000100000001
00fe000100000001
00fe000100000001
00fc000000010000
00fc000000010000
00fc000000010000
00fc000000010000
00fa000100010002
00fa000100010002
00fa000100010002
00f9000100010002
00f9000100010002
00f9000100010002
00f8000100010002
00f8000100010002
00f7000100020002
00f7000100020002
00f7000100020002
00f6000100020002
00f6000100020002
00f6000100020002
00f6000100020002
00f5000100020002
00f5000100020002
00f5000100020002
00f6000000020001
00f6000000020001
00f6000000020001
00f6000000020001
00f6000000020001
00f7000000020001
00f7000000020001
00f7000000020001
00f7000000020001
00fa000000020001
00fa000000020001
00fb000000010001
00fb000000010001
00fb000000010001
00fc000000010001
00fc000000010001
00fc000000010001
00fb000000010000
00fb000000010000
00fb000000010000
00fb000100000000
00fb000100000000
00fb000100000000
00fa000100000000
00fc000100000000
00fc000100000000
00fb000100000000
00fa000100000001
00fa000100000001
00f9000100000001
00f8000100000001
00f7000100000001
00f6000200000001
00f5000200000001
00f4000200000001
00f4000200000001
00f3000200000001
00f2000200010001
00f1000200010001
00f0000200010001
00ef000300010001
00ee000300010001
00ed000300010002
00ec000300010002
00ec000300010002
00ec000300010002
00eb000300010002
00eb000300010002
00ea000300010002
00ea000300010002
0100000000000000
0100000000000000
0100000000000000
0100000000000000
0100000000000000
0100000000000000
0100000000000000
0100000000000000
0100000000000000
0100000000000000
0100000000000000
0100000000000000
0100000000000000
0100000000000000
0100000000000000
0100000000000000
0100000000000000
0100000000000000
0100000000000000
0100000000000000
0100000000000000
0100000000000000
0100000000000000
0100000000000000
0100000000000000
0100000000000000
0100000000000000
0100000000000000
0100000000000000
0100000000000000
0100000000000000
0100000000000000
0100000000000000
0100000000000000
0100000000000000
0100000000000000
0100000000000000
0100000000000000
0100000000000000
0100000000000000
0100000000000000
0100000000000000
0100000000000000
0100000000000000
0100000000000000
0100000000000000
0100000000000000
0100000000000000
0100000000000000
00fe000100000001
00fe000100000001
00fe000100000001
00fe000100000001
00fe000100000001
00fe000100000001
00fc000000010000
00fb000100010001
00fb000100010001
00fb000100010001
00fa000100010002
00fa000100010002
00fa000100010002
00f9000100010002
00f9000100010002
00f8000100010002
00f7000100020002
00f7000100020002
00f6000100030002
00f6000100030002
00f5000100030002
00f5000100030002
00f4000100030002
00f4000100030002
00f4000100030002
00f5000100020002
00f4000200020002
00f4000200020002
00f4000200020002
00f4000200020002
00f4000200020002
00f4000200020002
00f4000200020002
00f4000200020002
00f6000000020001
00f6000000020001
00f6000000020001
00f6000000020001
00f7000000020001
00f7000000020001
00f8000000020001
00fa000000020001
00fa000000020001
00fb000000010001
00fb000000010001
00fa000000010001
00fa000000010001
00fb000000010000
00fa000100010000
00fa000100010000
00fa000100000000
00fa000100000000
00fa000100000000
00fa000100000000
00fb000100000000
00fa000100000001
00f9000100000001
00f9000100000001
00f8000100000001
00f7000100000001
00f6000200000001
00f5000200000001
00f4000200000001
00f3000200000001
00f2000200010001
00f1000200010001
00f0000200010001
00ef000300010001
00ee000300010001
00ec000300010002
00ec000300010002
00ec000300010002
00eb000300010002
00ea000300010002
00e9000300010002
00e9000300010002
00e8000400010002
00e8000400010002
00e8000400010002
0100000000000000
0100000000000000
0100000000000000
0100000000000000
0100000000000000
0100000000000000
0100000000000000
0100000000000000
0100000000000000
0100000000000000
0100000000000000
0100000000000000
0100000000000000
0100000000000000
0100000000000000
0100000000000000
0100000000000000
0100000000000000
0100000000000000
0100000000000000
0100000000000000
0100000000000000
0100000000000000
0100000000000000
0100000000000000
0100000000000000
0100000000000000
0100000000000000
0100000000000000
0100000000000000
0100000000000000
0100000000000000
0100000000000000
0100000000000000
0100000000000000
0100000000000000
0100000000000000
0100000000000000
0100000000000000
0100000000000000
0100000000000000
0100000000000000
0100000000000000
0100000000000000
0100000000000000
0100000000000000
0100000000000000
0100000000000000
00fe000100000001
00fe000100000001
00fe000100000001
00fe000100000001
00fe000100000001
00fe000100000001
00fd000100010001
00fb000100010001
00fb000100010001
00fb000100010001
00fa000100010002
00fa000100010002
00f9000100020002
00f8000100020002
00f8000100020002
00f7000100020002
00f7000100020002
00f6000100030002
00f6000100030002
00f5000100030002
00f5000100030002
00f4000100030002
00f4000100030002
00f3000200030002
00f3000200030002
00f3000200030002
00f2000200030002
00f2000200030002
00f2000200030002
00f2000200030002
00f2000200030002
00f2000200030002
00f3000200020002
00f3000200020002
00f3000200020002
00f3000200020002
00f3000200020002
00f4000200020002
00f5000100020001
00f6000000020001
00f6000000020001
00f7000000020001
00f7000000020001
00f8000000020001
00fa000000020001
00f9000000010001
00f9000000010001
00f9000000010001
00f9000100010001
00f9000100010001
00f9000100010000
00f9000100010000
00fa000100000000
00fa000100000000
00f9000100000000
00f8000100000001
00f9000100000001
00f8000100000001
00f7000100000001
00f6000200000001
00f5000200000001
00f4000200000001
00f4000200000001
00f3000200000001
00f1000200010001
00f0000200010001
00ef000300010001
00ee000300010001
00ec000300010002
00ec000300010002
00eb000300010002
00ea000300010002
00e9000300010002
00e8000400010002
00e7000400010002
00e6000400010002
00e6000400010002
00e5000400010002
00e5000400010002
00e5000400010002
0100000000000000
0100000000000000
0100000000000000
0100000000000000
0100000000000000
0100000000000000
0100000000000000
0100000000000000
0100000000000000
0100000000000000
0100000000000000
0100000000000000
0100000000000000
0100000000000000
0100000000000000
0100000000000000
0100000000000000
0100000000000000
0100000000000000
0100000000000000
0100000000000000
0100000000000000
0100000000000000
0100000000000000
0100000000000000
0100000000000000
0100000000000000
0100000000000000
0100000000000000
0100000000000000
0100000000000000
0100000000000000
0100000000000000
0100000000000000
0100000000000000
0100000000000000
0100000000000000
0100000000000000
0100000000000000
0100000000000000
0100000000000000
0100000000000000
0100000000000000
0100000000000000
0100000000000000
0100000000000000
00fe000100000001
00fe000100000001
00fe000100000001
00fe000100000001
00fe000100000001
00fe000100000001
00fd000100010001
00fd000100010001
00fb000100010001
00fb000100010001
00fa000100020001
00f9000100020002
00f9000100020002
00f9000100020002
00f8000100020002
00f7000100020002
00f6000100020002
00f6000100020002
00f5000100030002
00f5000100030002
00f4000100030002
00f2000100030002
00f1000100030002
00f0000200030002
00f0000200030002
00ef000200030002
00ef000200030002
00ee000200040003
00ee000200040003
00ee000200040003
00ee000200040003
00ed000200040003
00ed000200040003
00ee000200040003
00ee000200040003
00ee000200040003
00ee000200040003
00ef000200040003
00f0000200030003
00f0000200030003
00f1000200020002
00f1000200020002
00f2000200020002
00f3000100020001
00f6000000020001
00f6000000020001
00f5000000020001
00f6000000010001
00f8000000010001
00f8000100010001
00f8000100010001
00f8000100010001
00f8000100010001
00f9000100010000
00f8000100010000
00f8000100010000
00f8000100000001
00f7000100000001
00f6000100000001
00f7000100000001
00f6000200000001
00f5000200000001
00f4000200000001
00f3000200000001
00f2000200010001
00f1000200010001
00ef000300010001
00ee000300010001
00ec000300010002
00ec000300010002
00eb000300010002
00e9000300010002
00e8000400010002
00e7000400010002
00e6000400010002
00e5000400010002
00e4000400010002
00e3000400010002
00e3000400010002
00e3000400010002
00e3000400010002
00e3000400010002
0100000000000000
0100000000000000
0100000000000000
0100000000000000
0100000000000000
0100000000000000
0100000000000000
0100000000000000
0100000000000000
0100000000000000
0100000000000000
0100000000000000
0100000000000000
0100000000000000
0100000000000000
0100000000000000
0100000000000000
0100000000000000
0100000000000000
0100000000000000
0100000000000000
0100000000000000
0100000000000000
0100000000000000
0100000000000000
0100000000000000
0100000000000000
0100000000000000
0100000000000000
0100000000000000
0100000000000000
0100000000000000
0100000000000000
0100000000000000
0100000000000000
0100000000000000
0100000000000000
0100000000000000
0100000000000000
0100000000000000
0100000000000000
0100000000000000
0100000000000000
0100000000000000
0100000000000000
00fe000100000001
00fe000100000001
00fe000100000001
00fe000100000001
00fe000100000001
00fd000100010001
00fd000100010001
00fd000100010001
00fb000100010001
00fa000100020001
00fa000100020001
00fa000100020001
00f9000100020002
00f8000100020002
00f7000100020002
00f7000100020002
00f6000100020002
00f5000100020002
00f4000100030002
00f2000100030002
00f1000100030002
00f0000100030002
00f0000100030002
00ef000200030002
00ee000200030002
00ed000300030002
00ec000300040003
00ec000300040003
00eb000300040003
00eb000300040003
00ea000300040003
00ea000300040003
00ea000300040003
00ea000300040003
00eb000300040003
00eb000300040003
00eb000300040003
00eb000300040003
00ec000300040003
00ec000300040003
00ed000300040003
00ed000300040003
00f0000200030003
00f0000200030003
00f1000200020002
00f2000200020002
00f1000000020001
00f2000000020001
00f5000000020001
00f4000100020001
00f5000100010001
00f6000100010001
00f7000100010001
00f8000100010001
00f7000100010001
00f8000100010000
00f7000100010001
00f6000100010001
00f6000100000001
00f5000100000001
00f4000200000001
00f4000200000001
00f4000200000001
00f3000200000001
00f1000200010001
00f0000200010001
00ee000300010001
00ed000300010002
00ec000300010002
00eb000300010002
00e9000300010002
00e8000400010002
00e6000400010002
00e5000400010002
00e4000400010002
00e3000400010002
00e3000400010002
00e2000400010002
00e1000500010002
00e1000500010002
00e0000500010003
00e0000500010003
00e0000500010003
0100000000000000
0100000000000000
0100000000000000
0100000000000000
0100000000000000
0100000000000000
0100000000000000
0100000000000000
0100000000000000
0100000000000000
0100000000000000
0100000000000000
0100000000000000
0100000000000000
0100000000000000
0100000000000000
0100000000000000
0100000000000000
0100000000000000
0100000000000000
0100000000000000
0100000000000000
0100000000000000
0100000000000000
0100000000000000
0100000000000000
0100000000000000
0100000000000000
0100000000000000
0100000000000000
0100000000000000
0100000000000000
0100000000000000
0100000000000000
0100000000000000
0100000000000000
0100000000000000
0100000000000000
0100000000000000
0100000000000000
0100000000000000
0100000000000000
0100000000000000
0100000000000000
00fe000100000001
00fe000100000001
00fe000100000001
00fe000100000001
00fd000100010001
00fd000100010001
00fd000100010001
00fd000100010001
00fc000100010001
00fa000100020001
00fa000100020001
00f9000100020001
00f8000100020002
00f8000100020002
00f7000100020002
00f6000100020002
00f5000100020002
00f3000100020002
00f1000200030002
00f1000200030002
00f0000200030002
00ef000200030002
00ed000400030002
00ed000400030002
00eb000400030003
00ea000400040004
00e9000400040004
00e8000400040005
00e7000400040005
00e7000400040005
00e7000400040004
00e7000400040004
00e6000400050004
00e6000400050004
00e6000400050004
00e6000400050004
00e7000300050004
00e7000300050004
00e7000300050004
00e8000300050004
00e9000300040004
00e9000300040004
00ea000300040004
00ec000300040003
00ed000300040003
00ed000300040003
00ed000300020002
00ef000200020002
00f0000100020002
00ef000200020002
00f1000100020001
00f1000100020001
00f4000100010001
00f4000100010001
00f6000100010001
00f6000100010001
00f6000100010002
00f5000100010002
00f5000100010001
00f3000200010001
00f3000200000001
00f2000200000001
00f2000200000001
00f2000200010001
00f1000200010001
00ef000300010001
00ed000300010002
00ec000300010002
00eb000300010002
00e9000300010002
00e8000400010002
00e6000400010002
00e5000400010002
00e3000400010002
00e3000400010002
00e1000500010002
00e0000500010003
00df000500010003
00df000500010003
00de000500010003
00dd000500010003
00dd000500010003
00dd000500010003
00dd000500010003
0100000000000000
0100000000000000
0100000000000000
0100000000000000
0100000000000000
0100000000000000
0100000000000000
0100000000000000
0100000000000000
0100000000000000
0100000000000000
0100000000000000
0100000000000000
0100000000000000
0100000000000000
0100000000000000
0100000000000000
0100000000000000
0100000000000000
0100000000000000
0100000000000000
0100000000000000
0100000000000000
0100000000000000
0100000000000000
0100000000000000
0100000000000000
0100000000000000
0100000000000000
0100000000000000
0100000000000000
0100000000000000
0100000000000000
0100000000000000
0100000000000000
0100000000000000
0100000000000000
0100000000000000
0100000000000000
0100000000000000
0100000000000000
0100000000000000
0100000000000000
00fe000100000001
00fe000100000001
00fe000100000001
00fe000100000001
00fd000100010001
00fd000100010001
00fd000100010001
00fc000100010001
00fc000100010001
00fa000100020001
00f9000100020001
00f9000100020001
00f9000100020001
00f7000100020002
00f7000100020002
00f6000100020002
00f3000200020002
00f2000200020002
00f1000200030002
00f0000200030003
00ee000300030003
00ed000300030003
00ec000400030003
00ea000400030003
00e9000400030004
00e8000400040005
00e7000400040005
00e5000400040005
00e4000400040005
00e4000400040005
00e3000400050005
00e1000400050005
00e1000400050005
00e0000400050005
00e1000400050005
00e1000400050005
00e1000400050005
00e1000400050005
00e2000400050004
00e2000400050004
00e3000400050004
00e5000300050004
00e5000300050004
00e7000300050004
00e7000300050004
00e9000300040004
00e9000300040004
00ea000300040004
00eb000300040003
00ec000400020002
00ed000400020002
00ed000300020002
00ef000200020002
00f1000100020001
00f0000100020001
00f0000100010002
00f3000100010002
00f4000100010002
00f3000100010002
00f2000200010002
00f2000200010001
00f1000200010001
00f1000200000001
00f0000200010001
00ee000200010001
00ee000300010001
00ec000300010002
00ec000300010002
00ea000300010002
00e8000400010002
00e6000400010002
00e5000400010002
00e3000400010002
00e2000400010002
00e1000500010002
00df000500010003
00de000500010003
00dd000500010003
00dc000500010003
00db000500010003
00db000500010003
00db000500010003
00db000500010003
00da000600010003
00db000500010003
0100000000000000
0100000000000000
0100000000000000
0100000000000000
0100000000000000
0100000000000000
0100000000000000
0100000000000000
0100000000000000
0100000000000000
0100000000000000
0100000000000000
0100000000000000
0100000000000000
0100000000000000
0100000000000000
0100000000000000
0100000000000000
0100000000000000
0100000000000000
0100000000000000
0100000000000000
0100000000000000
0100000000000000
0100000000000000
0100000000000000
0100000000000000
0100000000000000
0100000000000000
0100000000000000
0100000000000000
0100000000000000
0100000000000000
0100000000000000
0100000000000000
0100000000000000
0100000000000000
0100000000000000
0100000000000000
0100000000000000
0100000000000000
0100000000000000
00fe000100000001
00fe000100000001
00fe000100000001
00fe000100000001
00fd000100010001
00fd000100010001
00fd000100010001
00fc000100010001
00fc000100010001
00fc000100010001
00f9000100020001
00f9000100020001
00f8000100020001
00f7000100020002
00f6000200020002
00f3000200020002
00f3000200020002
00f1000200020003
00f0000200030003
00ee000300030003
00ed000300030003
00ec000300030003
00e9000400030004
00e8000400030004
00e6000400040005
00e5000400040005
00e4000400040005
00e2000400040005
00e1000400040005
00e0000400050005
00df000400050005
00de000400050005
00de000400050005
00dd000500050005
00dc000500060006
00dc000500060006
00dc000500060006
00dc000500060006
00dc000500060006
00dc000500060006
00df000400060006
00df000400060006
00e0000400060005
00e1000400050004
00e2000400050004
00e3000300050004
00e2000300050004
00e5000300040004
00e6000300040004
00e6000400040004
00e9000400040004
00e9000400030003
00eb000400020002
00ec000400020002
00ec000300020002
00ee000100020002
00ee000100020002
00ee000100010002
00ee000100010002
00ef000200010002
00f1000200010002
00f0000200010002
00f0000200010001
00ee000200020001
00ed000300010001
00ec000300010001
00ea000300010002
00eb000300010002
00e9000300010002
00e7000400010002
00e5000400010002
00e3000400010002
00e2000400010002
00e0000500010003
00df000500010003
00dd000500010003
00db000500010003
00db000500010003
00da000600010003
00d9000600010003
00d8000600010003
00d7000600010003
00d7000600010003
00d7000600010003
00d7000600010003
00d7000600010003
0100000000000000
0100000000000000
0100000000000000
0100000000000000
0100000000000000
0100000000000000
0100000000000000
0100000000000000
0100000000000000
0100000000000000
0100000000000000
0100000000000000
0100000000000000
0100000000000000
0100000000000000
0100000000000000
0100000000000000
0100000000000000
0100000000000000
0100000000000000
0100000000000000
0100000000000000
0100000000000000
0100000000000000
0100000000000000
0100000000000000
0100000000000000
0100000000000000
0100000000000000
0100000000000000
0100000000000000
0100000000000000
0100000000000000
0100000000000000
0100000000000000
0100000000000000
0100000000000000
0100000000000000
0100000000000000
0100000000000000
0100000000000000
00fe000100000001
00fe000100000001
00fe000100000001
00fe000100000001
00fd000100010001
00fd000100010001
00fd000100010001
00fc000100010001
00fc000100010001
00fb000100010001
00fb000100010001
00f8000100020001
00f8000100020001
00f7000200020001
00f4000200020002
00f3000200020003
00f2000200020003
00f0000200020003
00ef000300020003
00ed000300030003
00eb000300030004
00ea000300030004
00e7000400030004
00e6000400030004
00e3000500050006
00e2000500050006
00e1000500050006
00e0000500050006
00dd000600060006
00dc000600060006
00da000600070006
00d9000600070006
00d9000600080007
00d8000600080007
00d8000600080007
00d7000600080007
00d7000600080007
00d7000500070006
00d7000500070006
00d7000500070006
00d8000500070006
00d8000500070006
00d8000500070006
00da000500070006
00db000500070006
00dd000500060006
00dd000500050004
00de000500050004
00e1000300050004
00e1000400050004
00e2000400040004
00e3000400040004
00e5000400040004
00e7000400040004
00e8000400030003
00e9000400020004
00ea000300020003
00ea000300020003
00ec000100020002
00ec000200010002
00ea000200010002
00eb000200010002
00ee000200020002
00ed000200020002
00ec000300020001
00ea000300020002
00ea000300010002
00e8000300010002
00e6000400010002
00e6000400010002
00e4000400010002
00e2000400010002
00e0000500010003
00de000500010003
00dc000500010003
00db000500010003
00da000600010003
00d8000600010003
00d7000600010003
00d6000600010003
00d5000600010003
00d4000600010003
00d3000700010003
00d3000700010003
00d3000700010003
00d3000700010003
00d3000700010003
0100000000000000
0100000000000000
0100000000000000
0100000000000000
0100000000000000
0100000000000000
0100000000000000
0100000000000000
0100000000000000
0100000000000000
0100000000000000
0100000000000000
0100000000000000
0100000000000000
0100000000000000
0100000000000000
0100000000000000
0100000000000000
0100000000000000
0100000000000000
0100000000000000
0100000000000000
0100000000000000
0100000000000000
0100000000000000
0100000000000000
0100000000000000
0100000000000000
0100000000000000
0100000000000000
0100000000000000
0100000000000000
0100000000000000
0100000000000000
0100000000000000
0100000000000000
0100000000000000
0100000000000000
0100000000000000
0100000000000000
00fe000100000001
00fe000100000001
00fe000100000001
00fe000100000001
00fd000100010001
00fd000100010001
00fd000100010001
00fc000100010001
00fc000100010001
00fb000100010001
00fb000100010001
00f8000100020001
00f8000100020001
00f7000200020001
00f4000200020002
00f3000200020003
00f1000200020003
00f0000300020003
00ee000300020003
00ec000300030004
00ea000300030004
00e8000400040005
00e7000400040005
00e4000500040005
00e2000500050006
00e0000500050006
00de000600050006
00dc000600060006
00db000600070006
00d9000600070006
00d8000600070006
00d6000600080007
00d4000600080008
00d3000600080008
00d1000600080008
00d0000600090008
00d1000600090008
00d0000600090008
00d0000600090008
00d0000600090008
00d0000600090008
00d1000500080007
00d1000500080007
00d3000500080007
00d4000500080007
00d5000500080007
00d6000500080006
00d6000500070006
00d9000500070006
00d9000600070006
00db000600060004
00dd000600050004
00e0000400050004
00e1000400040004
00e2000400040004
00e3000400040005
00e4000400040005
00e6000400030004
00e7000300020004
00e8000400020003
00e7000400020003
00ea000200010002
00e8000200020002
00e7000200020002
00e8000300020002
00e8000300020003
00e8000300020002
00e6000300020002
00e5000400010002
00e3000400010002
00e1000400010002
00e1000500010002
00df000500010003
00dc000500010003
00db000500010003
00d9000600010003
00d7000600010003
00d5000600010003
00d4000600010003
00d3000700010003
00d2000700010004
00d1000700010004
00d1000700010004
00d0000700010004
00d0000700010004
00d0000700010004
00d0000700010004
00d1000700010004
0100000000000000
0100000000000000
0100000000000000
0100000000000000
0100000000000000
0100000000000000
0100000000000000
0100000000000000
0100000000000000
0100000000000000
0100000000000000
0100000000000000
0100000000000000
0100000000000000
0100000000000000
0100000000000000
0100000000000000
0100000000000000
0100000000000000
0100000000000000
0100000000000000
0100000000000000
0100000000000000
0100000000000000
0100000000000000
0100000000000000
0100000000000000
0100000000000000
0100000000000000
0100000000000000
0100000000000000
0100000000000000
0100000000000000
0100000000000000
0100000000000000
0100000000000000
0100000000000000
0100000000000000
0100000000000000
00fe000100000001
00fe000100000001
00fe000100000001
00fe000100000001
00fd000100010001
00fd000100010001
00fd000100010001
00fc000100010001
00fc000100010001
00fb000100010001
00fb000100010001
00fa000200010001
00f7000200020001
00f5000200020001
00f4000200020002
00f3000200020003
00f1000300020003
00ef000300020003
00ec000300020004
00ec000300020004
00e9000400040005
00e7000400040005
00e5000400040005
00e3000500040005
00e0000600040005
00de000600050006
00db000700060006
00da000700060006
00d8000700070006
00d6000600070007
00d4000600070007
00d3000600080008
00d0000700080008
00cf000700080008
00cd000700090008
00cc000700090008
00ca000700090008
00c9000700090008
00c8000700090009
00c8000700090009
00c70007000a0009
00c80007000a0009
00c80007000a0009
00c90007000a0009
00cc000700090009
00cc000700090009
00cf000600080007
00cf000600080007
00d0000600080007
00d2000600070007
00d4000600070007
00d5000600070006
00d8000600070006
00db000600060004
00db000600060004
00dd000500050005
00df000400040005
00e0000400040005
00e2000400040005
00e2000500030004
00e2000500030004
00e5000400020004
00e5000400030003
00e4000300030002
00e4000300020002
00e3000300020003
00e3000300020003
00e4000400020003
00e3000400020002
00e0000400020002
00e0000400010002
00de000500010003
00dd000500010003
00db000500010003
00d9000600010003
00d7000600010003
00d5000600010003
00d3000700010003
00d2000700010004
00d0000700010004
00cf000700010004
00ce000700010004
00cd000700020004
00cc000800020004
00cc000800020004
00cc000800020004
00cc000800020004
00cc000800020004
00cd000700020004
0100000000000000
0100000000000000
0100000000000000
0100000000000000
0100000000000000
0100000000000000
0100000000000000
0100000000000000
0100000000000000
0100000000000000
0100000000000000
0100000000000000
0100000000000000
0100000000000000
0100000000000000
0100000000000000
0100000000000000
0100000000000000
0100000000000000
0100000000000000
0100000000000000
0100000000000000
0100000000000000
0100000000000000
0100000000000000
0100000000000000
0100000000000000
0100000000000000
0100000000000000
0100000000000000
0100000000000000
0100000000000000
0100000000000000
0100000000000000
0100000000000000
0100000000000000
0100000000000000
0100000000000000
0100000000000000
00fe000100000001
00fe000100000001
00fe000100000001
00fd000100010001
00fd000100010001
00fd000100010001
00fc000100010001
00fc000100010001
00fb000100010001
00fb000100010001
00fa000200010001
00f7000200020001
00f5000200020001
00f4000200020002
00f2000200020003
00f0000300020003
00ef000300020003
00ed000300020004
00eb000400030005
00e8000400040005
00e5000400040005
00e4000400040005
00e1000600040005
00de000700050005
00dc000700060006
00da000700060006
00d7000700060008
00d5000700070008
00d2000800070008
00d0000800070008
00cd000800080009
00cb000800080009
00c8000800090009
00c600090009000a
00c5000800090009
00c400090009000b
00c30009000a000b
00c10009000a000b
00c10009000a000a
00c10009000a000a
00c10008000a000a
00c10008000a000a
00c10008000a000a
00c20008000a000a
00c20008000a000a
00c50007000a0009
00c40007000a0009
00c50007000a0009
00c8000700090009
00cb000700080007
00ce000700080007
00cf000700080007
00d2000600070007
00d3000600070007
00d5000600070007
00d8000600060005
00d9000600060005
00db000500040005
00dd000500040005
00dd000500040005
00df000500030004
00df000500040004
00e0000400030004
00e0000500030003
00df000500030004
00e0000300020003
00df000400020003
00dd000400020003
00df000400020003
00de000500020002
00db000500020003
00d9000500010003
00d8000600010003
00d7000600010003
00d5000600010003
00d3000700010003
00d1000700010004
00cf000700010004
00cd000700020004
00cb000800020004
00cb000800020004
00ca000800020004
00c9000800020004
00c8000800020004
00c8000800020004
00c8000800020004
00c8000800020004
00c9000800020004
00ca000800020004
0100000000000000
0100000000000000
0100000000000000
0100000000000000
0100000000000000
0100000000000000
0100000000000000
0100000000000000
0100000000000000
0100000000000000
0100000000000000
0100000000000000
0100000000000000
0100000000000000
0100000000000000
0100000000000000
0100000000000000
0100000000000000
0100000000000000
0100000000000000
0100000000000000
0100000000000000
0100000000000000
0100000000000000
0100000000000000
0100000000000000
0100000000000000
0100000000000000
0100000000000000
0100000000000000
0100000000000000
0100000000000000
0100000000000000
0100000000000000
0100000000000000
0100000000000000
0100000000000000
0100000000000000
00fe000100000001
00fe000100000001
00fe000100000001
00fd000100010001
00fd000100010001
00fd000100010001
00fc000100010001
00fc000100010001
00fb000100010001
00fb000100010001
00fa000200010001
00f9000200010002
00f4000200020002
00f4000200020002
00f3000200020002
00f0000300020003
00ef000300020003
00ec000400030005
00e9000400030005
00e7000400030005
00e5000400040005
00e4000400040005
00e1000600040005
00de000700050005
00db000700060007
00d8000700060008
00d5000700060008
00d1000800070008
00cf000800070008
00cc000900080008
00c8000a0009000a
00c600090009000a
00c4000a000a000b
00c1000a000a000a
00be000a000a000c
00bc000a000b000c
00ba000b000b000b
00b8000b000b000b
00b8000c000c000b
00b6000c000c000b
00b6000b000b000c
00b6000b000b000c
00b6000b000b000c
00b8000b000b000c
00b8000b000b000c
00ba000b000b000b
00ba0009000b000a
00bd0009000b000a
00be0008000a000a
00bf0009000a000a
00c20009000a000a
00c5000800090009
00c7000700080007
00ca000700080007
00ce000700080007
00ce000700070008
00d0000600070008
00d3000600060006
00d6000700060005
00d7000600050005
00d8000600040005
00d9000500050005
00d9000600040004
00da000600040005
00db000500040005
00da000500030005
00da000600030004
00d9000500020003
00da000400020003
00d8000500020004
00d8000500020003
00d8000500020003
00d6000600010003
00d3000600010003
00d1000700010003
00d1000700010004
00ce000700010004
00cc000800020004
00cb000800020004
00c9000800020004
00c7000800020004
00c6000900020004
00c5000900020005
00c4000900020005
00c3000900020005
00c3000900020005
00c3000900020005
00c4000900020005
00c4000900020005
00c6000900020004
0100000000000000
0100000000000000
0100000000000000
0100000000000000
0100000000000000
0100000000000000
0100000000000000
0100000000000000
0100000000000000
0100000000000000
0100000000000000
0100000000000000
0100000000000000
0100000000000000
0100000000000000
0100000000000000
0100000000000000
0100000000000000
0100000000000000
0100000000000000
0100000000000000
0100000000000000
0100000000000000
0100000000000000
0100000000000000
0100000000000000
0100000000000000
0100000000000000
0100000000000000
0100000000000000
0100000000000000
0100000000000000
0100000000000000
0100000000000000
0100000000000000
0100000000000000
0100000000000000
00fe000100000001
00fe000100000001
00fe000100000001
00fe000100000001
00fd000100010001
00fd000100010001
00fc000100010001
00fc000100010001
00fb000100010001
00fb000100010001
00fa000200010001
00f9000200010002
00f6000200010002
00f4000200020002
00f3000200020002
00f1000300020002
00ee000300020004
00ec000400030005
00ea000400030005
00e7000400030005
00e5000400040005
00e2000600040005
00df000600050006
00dc000700050006
00d9000700050007
00d5000800070008
00d2000900070008
00cf000900080009
00cb000900080009
00c8000a0008000a
00c4000a0009000b
00c1000a0009000b
00be000a000a000b
00b9000b000a000b
00b8000b000a000c
00b4000b000b000d
00b3000b000b000d
00b1000d000c000d
00af000d000c000e
00ae000d000c000e
00ae000d000d000e
00ac000d000e000e
00ac000d000e000e
00ad000d000e000d
00ae000d000d000d
00af000c000c000d
00ae000c000c000d
00af000c000c000d
00b2000b000c000d
00b3000c000b000c
00b6000b000b000b
00b9000b000b000a
00bc0009000a000a
00bf0009000a000a
00c20009000a000a
00c5000700080008
00c7000700080008
00ca000700070008
00cd000800070008
00cd000700070008
00d0000700060006
00d2000700070005
00d4000700050005
00d4000600050006
00d6000600040005
00d5000600040005
00d4000600040005
00d5000600030005
00d5000600030004
00d3000700020005
00d3000500020004
00d2000600020004
00d0000600020003
00d0000700020003
00cf000700010004
00cd000700010004
00ca000800020004
00ca000800020004
00c8000800020004
00c6000900020004
00c3000900020005
00c3000900020005
00c1000900020005
00c0000900020005
00c0000900020005
00bf000a00020005
00bf000a00020005
00c0000900020005
00c0000900020005
00c1000900020005
00c3000900020005
0100000000000000
0100000000000000
0100000000000000
0100000000000000
0100000000000000
0100000000000000
0100000000000000
0100000000000000
0100000000000000
0100000000000000
0100000000000000
0100000000000000
0100000000000000
0100000000000000
0100000000000000
0100000000000000
0100000000000000
0100000000000000
0100000000000000
0100000000000000
0100000000000000
0100000000000000
0100000000000000
0100000000000000
0100000000000000
0100000000000000
0100000000000000
0100000000000000
0100000000000000
0100000000000000
0100000000000000
0100000000000000
0100000000000000
0100000000000000
0100000000000000
0100000000000000
0100000000000000
00fe000100000001
00fe000100000001
00fe000100000001
00fd000100010001
00fd000100010001
00fc000100010001
00fc000100010001
00fb000100010001
00fb000100010001
00fa000200010001
00f9000200010002
00f6000200010002
00f6000200010002
00f3000200020002
00f1000300020002
00ee000300020004
00ed000400030005
00e9000400030005
00e6000400030005
00e5000500030005
00e3000600040005
00df000600050006
00dc000600050006
00d7000800060007
00d4000900070009
00d0000900070009
00cc000900070009
00c8000a0008000a
00c4000b0008000a
00c0000b0009000b
00bd000c0009000b
00b9000c000a000c
00b4000c000a000d
00b2000d000b000e
00ae000d000c000e
00ab000e000d000e
00a8000e000d000f
00a7000e000d0010
00a4000f000e0010
00a2000f000e0010
00a1000f000f000f
00a0000f000f000f
00a0000e000f0010
00a1000e000f0010
00a1000e000f0010
00a0000e000f0010
00a3000d000f000f
00a5000d000f000e
00a6000d000e000d
00a9000d000d000d
00ac000d000c000d
00af000d000c000c
00b3000b000b000c
00b6000b000b000a
00b8000a000a000b
00bb0009000a000b
00be00090009000b
00c3000800080008
00c4000800070008
00c8000800070008
00cb000700070007
00cd000800070006
00ce000800060006
00cf000800050006
00d1000600050006
00d1000700040005
00d0000600040005
00d0000700040005
00d0000700030006
00cf000700020005
00cd000800020005
00cc000600020004
00cb000700020004
00c8000700020004
00c9000800030004
00c8000800020004
00c5000800020004
00c2000900020005
00c3000900020005
00c1000900020005
00bf000a00020005
00bd000a00020005
00bc000a00020005
00bb000a00020005
00bb000a00020005
00bb000a00020005
00bb000a00020005
00bb000a00020005
00bb000a00020005
00bd000a00020005
00be000a00020005
0100000000000000
0100000000000000
0100000000000000
0100000000000000
0100000000000000
0100000000000000
0100000000000000
0100000000000000
0100000000000000
0100000000000000
0100000000000000
0100000000000000
0100000000000000
0100000000000000
0100000000000000
0100000000000000
0100000000000000
0100000000000000
0100000000000000
0100000000000000
0100000000000000
0100000000000000
0100000000000000
0100000000000000
0100000000000000
0100000000000000
0100000000000000
0100000000000000
0100000000000000
0100000000000000
0100000000000000
0100000000000000
0100000000000000
0100000000000000
0100000000000000
0100000000000000
00fe000100000001
00fe000100000001
00fe000100000001
00fe000100000001
00fd000100010001
00fd000100010001
00fc000100010001
00fc000100010001
00fb000100010001
00fa000200010001
00f9000200010002
00f7000200010002
00f6000200010002
00f5000200010002
00f1000300020002
00ef000300020003
00ec000400030005
00ea000400030005
00e7000400030005
00e5000500030005
00e1000600050006
00de000600050006
00da000700060007
00d7000800060008
00d2000900060008
00cf000900070009
00ca000a0007000a
00c6000b0008000b
00c1000b0008000b
00bd000c0009000c
00b9000c000a000d
00b4000e000b000d
00af000e000c000d
00ab000e000d000e
00a6000f000d0010
00a40010000e000f
00a00010000e0010
009d0010000f0010
009a0011000f0011
0099001100100011
0097001100100012
0095001100100012
0094001000110012
0093001000110012
0093001000100012
0095001000100012
0095001000100011
0096000f00100011
0099000f00100010
009a000f00100010
009d000f000f0010
00a1000e000e000f
00a4000d000e000d
00a8000d000d000d
00ac000d000c000d
00ae000c000b000d
00b2000b000b000c
00b5000b000a000b
00ba000a0009000b
00bc000a0009000a
00bf000800090008
00c2000900080008
00c4000900080009
00c8000800070008
00c9000900060006
00ca000800060006
00cb000700050006
00cc000800040006
00ca000700040006
00ca000700040006
00c9000800030006
00c8000800020006
00c6000900020006
00c5000700020005
00c3000800030005
00c1000800030004
00c1000900030005
00c1000900020005
00be000900020005
00bd000a00020005
00bb000a00020005
00ba000a00020005
00b8000b00020005
00b7000b00020006
00b6000b00020006
00b6000b00020006
00b6000b00020006
00b6000b00020006
00b7000b00020006
00b8000b00020005
00b9000a00020005
00bb000a00020005
0100000000000000
0100000000000000
0100000000000000
0100000000000000
0100000000000000
0100000000000000
0100000000000000
0100000000000000
0100000000000000
0100000000000000
0100000000000000
0100000000000000
0100000000000000
0100000000000000
0100000000000000
0100000000000000
0100000000000000
0100000000000000
0100000000000000
0100000000000000
0100000000000000
0100000000000000
0100000000000000
0100000000000000
0100000000000000
0100000000000000
0100000000000000
0100000000000000
0100000000000000
0100000000000000
0100000000000000
0100000000000000
0100000000000000
0100000000000000
0100000000000000
0100000000000000
00fe000100000001
00fe000100000001
00fe000100000001
00fd000100010001
00fd000100010001
00fc000100010001
00fc000100010001
00fb000100010001
00fa000200010001
00fa000200010001
00f7000200010002
00f6000200010002
00f5000200010002
00f3000300010002
00ef000300020003
00ed000400030004
00ea000400030005
00e7000400030005
00e6000500030005
00e2000600040006
00de000600050006
00db000700060007
00d6000800060008
00d0000900060008
00ce000900070009
00c8000b0007000b
00c5000b0007000b
00bf000d0009000b
00ba000d0009000c
00b4000e000a000e
00b0000e000c000e
00ab000e000c000f
00a60010000d0010
00a20010000d0010
009d0011000e0010
00990012000e0012
00940012000f0012
0091001300100012
008e001300100013
008c001300100013
008b001200110014
0088001200110014
0088001200120014
0088001200120014
0088001200120014
0086001200120014
0088001100110014
008a001200110013
008b001200110013
008e001000110011
0091001000100011
0095001000100011
0098000f00100010
009d000f000f0010
00a1000e000e000f
00a4000d000d000e
00a8000e000d000d
00ac000c000b000c
00b0000b000a000b
00b3000a000b000b
00b7000b000a000a
00ba000900090009
00bd000900080009
00bf000a00080009
00c1000900070008
00c3000900070006
00c4000900060007
00c4000900050007
00c6000900040006
00c3000800040006
00c4000900040006
00c2000900030007
00c0000a00030007
00bf000a00030006
00be000900030005
00bb000900030006
00b9000900030005
00bb000a00020005
00b9000a00020005
00b6000b00020005
00b6000b00020006
00b4000b00020006
00b3000b00020006
00b2000b00020006
00b1000c00020006
00b1000c00020006
00b1000c00020006
00b2000b00020006
00b3000b00020006
00b3000b00020006
00b5000b00020006
00b7000b00020006
0100000000000000
0100000000000000
0100000000000000
0100000000000000
0100000000000000
0100000000000000
0100000000000000
0100000000000000
0100000000000000
0100000000000000
0100000000000000
0100000000000000
0100000000000000
0100000000000000
0100000000000000
0100000000000000
0100000000000000
0100000000000000
0100000000000000
0100000000000000
0100000000000000
0100000000000000
0100000000000000
0100000000000000
0100000000000000
0100000000000000
0100000000000000
0100000000000000
0100000000000000
0100000000000000
0100000000000000
0100000000000000
0100000000000000
0100000000000000
0100000000000000
00fe000100000001
00fe000100000001
00fe000100000001
00fe000100000001
00fd000100010001
00fd000100010001
00fc000100010001
00fb000100010001
00fb000100010001
00fa000200010001
00f9000200010002
00f6000200010002
00f5000200010002
00f3000300010002
00f2000400020003
00ee000400030004
00ea000400030005
00e8000400030005
00e6000500030005
00e3000600040006
00df000600040006
00db000700060008
00d6000800060008
00d1000900060008
00cd000b00060009
00c8000b0007000b
00c2000c0008000b
00bd000d0009000c
00b7000e0009000d
00b2000f000b000e
00ac000f000b000f
00a60010000c0010
00a20010000d0011
009b0011000e0012
00960012000f0012
00910014000f0013
008e001400100013
0089001400110014
0085001500120015
0082001400130015
007f001400130015
007d001400140016
007c001400140016
007a001400140017
0079001500140016
0079001400140015
0079001400140015
007b001400140015
007b001500140014
007e001400140014
0080001300120014
0084001200120014
0088001200110012
008b001100110012
0090001000100012
0094001000100012
0098000f000e0010
009c000f000e000f
00a2000e000d000e
00a7000e000c000d
00ab000c000b000c
00af000c000b000c
00b1000b000a000b
00b4000c000a000b
00b8000a00080009
00ba000a00070008
00ba000a00070009
00bc000a00060008
00bd000b00060007
00bd000a00040006
00bd000a00040007
00bc000900040007
00bc000a00050007
00ba000a00040006
00b8000b00030007
00b7000b00030007
00b6000a00030005
00b3000a00030005
00b2000b00030006
00b2000b00020006
00b1000b00020006
00ae000c00020006
00ae000c00020006
00ad000c00020006
00ac000c00020006
00ab000c00020006
00ab000c00020006
00ab000c00020006
00ac000c00020006
00ae000c00020006
00af000c00020006
00b1000c00020006
00b3000b00020006
0100000000000000
0100000000000000
0100000000000000
0100000000000000
0100000000000000
0100000000000000
0100000000000000
0100000000000000
0100000000000000
0100000000000000
0100000000000000
0100000000000000
0100000000000000
0100000000000000
0100000000000000
0100000000000000
0100000000000000
0100000000000000
0100000000000000
0100000000000000
0100000000000000
0100000000000000
0100000000000000
0100000000000000
0100000000000000
0100000000000000
0100000000000000
0100000000000000
0100000000000000
0100000000000000
0100000000000000
0100000000000000
0100000000000000
0100000000000000
0100000000000000
00fe000100000001
00fe000100000001
00fe000100000001
00fd000100010001
00fd000100010001
00fc000100010001
00fc000100010001
00fb000100010001
00fa000200010001
00fa000200010001
00f7000200010002
00f6000200010002
00f3000300010002
00f2000400020003
00f0000400020004
00ec000400030004
00e8000400030005
00e7000500030005
00e4000600030006
00df000600040006
00db000700060008
00d6000800060008
00d1000900060008
00cc000b0006000a
00c8000b0008000b
00c2000d0008000b
00bc000d0008000d
00b6000f000a000d
00af000f000b000f
00aa0010000c0010
00a20011000d0010
009e0012000d0011
00970012000e0013
00910014000f0013
008b0015000f0015
0086001500110015
0081001500120016
007e001500120017
0079001600130017
0075001600140018
0073001600140018
006f001700150018
006e001800150017
006e001800160019
006b001700160018
006b001700160018
006b001600160018
006d001700150017
006e001700150017
006f001600150017
0073001600150016
0077001500150015
007b001400140015
007e001300120015
0082001200120014
0088001200110012
008c001100100012
00920010000f0011
0097000f000f000f
009a000f000e000f
00a0000f000d000e
00a5000d000c000d
00a8000d000b000c
00ac000c000a000b
00af000c000a000b
00b1000b0008000a
00b4000b00070009
00b5000b00070009
00b7000b00060008
00b6000c00060008
00b6000a00050007
00b7000a00050007
00b6000b00050007
00b3000b00050008
00b2000c00030007
00b0000c00030007
00ad000d00030008
00ad000b00030006
00ab000b00030006
00a9000c00030006
00aa000c00020006
00a8000d00020007
00a9000d00030007
00a8000d00030007
00a7000d00030007
00a6000d00030007
00a6000d00030007
00a7000d00030007
00a8000d00030007
00a9000d00030007
00aa000d00020007
00ad000c00020006
00af000c00020006
0100000000000000
0100000000000000
0100000000000000
0100000000000000
0100000000000000
0100000000000000
0100000000000000
0100000000000000
0100000000000000
0100000000000000
0100000000000000
0100000000000000
0100000000000000
0100000000000000
0100000000000000
0100000000000000
0100000000000000
0100000000000000
0100000000000000
0100000000000000
0100000000000000
0100000000000000
0100000000000000
0100000000000000
0100000000000000
0100000000000000
0100000000000000
0100000000000000
0100000000000000
0100000000000000
0100000000000000
0100000000000000
0100000000000000
0100000000000000
0100000000000000
00fe000100000001
00fe000100000001
00fe000100000001
00fd000100010001
00fd000100010001
00fc000100010001
00fb000100010001
00fb000100010001
00fa000200010001
00f9000200010002
00f6000200010002
00f5000200010002
00f3000300010002
00f0000400020004
00ef000400020004
00ea000400030004
00e7000500030005
00e5000600030006
00e0000600040006
00dc000700050008
00d7000800060008
00d2000900060008
00cd000a0006000a
00c8000c0007000a
00c2000d0008000c
00bb000e0008000d
00b5000f000a000e
00af000f000b000e
00a80011000c0010
00a20011000c0011
009a0013000d0012
00940014000e0013
008e0014000e0014
0087001600110016
0081001600120017
007b001700130017
0076001700130018
0072001800140018
006c00180015001a
006800190016001a
0065001a0016001a
0063001a0017001b
0061001a0016001a
0060001a0017001a
005e00190017001a
005d00190018001a
005d001a0018001a
005f00180018001a
006100180018001a
0063001800170019
0065001800160018
0069001600160018
006c001600160018
0070001500150017
0076001400140015
007a001400120015
0081001200110013
0086001100120012
008b001100110012
0090001100100011
00950010000e0010
00990010000d000f
009e000e000c000d
00a2000d000b000c
00a6000d000a000c
00a8000d0009000c
00ab000c0008000a
00ac000c00070009
00ad000c0007000a
00af000d00070008
00b0000c00060007
00ae000c00050008
00ae000b00050008
00ac000c00050008
00ab000c00040008
00aa000d00030008
00a8000d00030008
00a6000d00030007
00a4000c00030006
00a3000d00030007
00a2000d00030007
00a2000d00030007
00a0000e00030007
00a2000e00030007
00a1000e00030007
00a1000e00030007
00a1000e00030007
00a2000e00030007
00a2000e00030007
00a4000d00030007
00a7000d00030007
00a9000d00030007
00ab000c00020006
0100000000000000
0100000000000000
0100000000000000
0100000000000000
0100000000000000
0100000000000000
0100000000000000
0100000000000000
0100000000000000
0100000000000000
0100000000000000
0100000000000000
0100000000000000
0100000000000000
0100000000000000
0100000000000000
0100000000000000
0100000000000000
0100000000000000
0100000000000000
0100000000000000
0100000000000000
0100000000000000
0100000000000000
0100000000000000
0100000000000000
0100000000000000
0100000000000000
0100000000000000
0100000000000000
0100000000000000
0100000000000000
0100000000000000
0100000000000000
0100000000000000
00fe000100000001
00fe000100000001
00fd000100010001
00fd000100010001
00fc000100010001
00fc000100010001
00fb000100010001
00fa000200010001
00fa000200010001
00f7000200010002
00f6000200010002
00f3000300010002
00f2000400020003
00f0000400020004
00ed000400020004
00e8000500030004
00e5000600030006
00e1000600040006
00dd000700050008
00d9000700050008
00d4000900060008
00cf000900060009
00c9000c0007000a
00c3000d0007000b
00bb000e0008000d
00b5000f000a000e
00af0010000b000e
00a70011000b0010
00a00013000c0012
00980014000d0012
00920014000e0015
008a001500100015
0082001700110016
007c001800120018
0075001900130018
007000190013001a
006a001a0014001a
0065001a0015001b
0060001a0016001c
005b001b0017001d
0059001b0017001c
0056001c0019001c
0053001c001a001d
0051001b001a001d
0050001b001b001d
004f001c001a001c
0050001b0019001c
0051001a0019001c
0053001a0019001b
0055001a0019001a
005800190019001a
005b00180018001b
005f00180017001a
0064001600160019
0068001700160017
006e001600150016
0073001500140015
0078001300130015
007e001300120013
0084001200110013
0089001100100012
008f0010000e0010
00940010000d000f
0099000e000b000e
009c000e000b000d
00a0000e000a000c
00a2000e0009000c
00a4000d0008000b
00a5000e0008000a
00a7000d0007000a
00a6000e0007000a
00a7000e00050008
00a7000c00050008
00a6000d00050009
00a4000d00050009
00a2000e00040009
00a0000e00030008
00a0000d00040008
009d000d00040007
009c000e00030007
009a000e00030007
009a000e00030007
009a000f00030008
0099000f00030008
009b000f00030008
009b000f00030008
009b000f00030008
009d000e00030007
009e000e00030007
00a0000e00030007
00a2000e00030007
00a5000d00030007
00a9000d00030007
0100000000000000
0100000000000000
0100000000000000
0100000000000000
0100000000000000
0100000000000000
0100000000000000
0100000000000000
0100000000000000
0100000000000000
0100000000000000
0100000000000000
0100000000000000
0100000000000000
0100000000000000
0100000000000000
0100000000000000
0100000000000000
0100000000000000
0100000000000000
0100000000000000
0100000000000000
0100000000000000
0100000000000000
0100000000000000
0100000000000000
0100000000000000
0100000000000000
0100000000000000
0100000000000000
0100000000000000
0100000000000000
0100000000000000
0100000000000000
0100000000000000
00fe000100000001
00fe000100000001
00fd000100010001
00fd000100010001
00fc000100010001
00fc000100010001
00fb000100010001
00fa000200010001
00f9000200010002
00f6000200010002
00f5000200010002
00f3000300010002
00f0000400020004
00ee000400020004
00eb000500020004
00e8000500030004
00e4000600030006
00df000700050006
00dc000700050008
00d5000900050008
00d1000900060009
00c9000b0007000a
00c5000c0007000b
00bd000e0008000d
00b5000f000a000e
00af0010000b000e
00a60012000b0010
00a00013000d0013
00980014000d0013
00910015000e0014
0089001600100016
0081001700110017
0079001900110018
0072001a00130019
006b001b0014001b
0063001c0015001b
005e001b0016001d
0059001c0018001d
0053001d0019001e
004f001d001a001e
004c001d001a001f
0049001e001b001f
0045001e001b001f
0044001c001b001f
0043001d001c001f
0042001d001c001e
0043001c001c001e
0044001c001c001e
0046001d001c001d
0048001b001b001d
004a001a001a001d
004e001a001a001c
005200190019001c
005700190018001a
005c001900170019
0061001700160019
0066001600170017
006d001600160016
0072001400130016
0078001400120014
007e001300110013
0084001200100012
00890011000e0011
008e0011000d0010
00930010000b000e
00950010000a000d
0098000f000a000d
009c000f000a000c
009e000e0008000a
009e000e0008000b
009e000f0007000a
00a0000f00060008
009e000f00050009
009f000e00050009
009d000e00050009
009b000f0005000a
0098000f00050009
0098001000040009
0096000e00040008
0094000f00040008
0094000f00030008
0094000f00030008
0092000f00030008
0093001000030008
0095001000030008
0095001000030008
0096000f00030008
0098000f00030008
009a000f00030008
009b000f00030008
009e000e00030007
00a2000e00030007
00a5000d00030007
0100000000000000
0100000000000000
0100000000000000
0100000000000000
0100000000000000
0100000000000000
0100000000000000
0100000000000000
0100000000000000
0100000000000000
0100000000000000
0100000000000000
0100000000000000
0100000000000000
0100000000000000
0100000000000000
0100000000000000
0100000000000000
0100000000000000
0100000000000000
0100000000000000
0100000000000000
0100000000000000
0100000000000000
0100000000000000
0100000000000000
0100000000000000
0100000000000000
0100000000000000
0100000000000000
0100000000000000
0100000000000000
0100000000000000
0100000000000000
0100000000000000
00fe000100000001
00fe000100000001
00fd000100010001
00fd000100010001
00fc000100010001
00fb000100010001
00fb000100010001
00fa000200010001
00f9000200010002
00f6000200010002
00f3000300010002
00f2000400020003
00f0000400020004
00ed000400020004
00ea000500020005
00e5000600030006
00e2000600040006
00dd000700050008
00d7000800050008
00d1000900060009
00cc000b0007000a
00c7000b0007000b
00bf000e0007000b
00b8000f0009000e
00b10010000a000e
00a80012000b0010
00a10013000c0012
00980015000d0013
00910015000e0015
00880017000f0015
007f001800110018
0076001b00120018
006f001b0013001a
0066001c0014001b
0060001c0015001d
0059001d0017001d
0053001d0018001e
004d001e0019001f
0047001f001a0020
0044001f001b0021
003f001f001c0020
003c001f001c0020
003a001e001d0021
0038001e001d0021
00370020001e0021
00360020001e0021
0036001f001e0021
0037001f001e0020
0039001d001e001f
003c001d001e0020
003e001d001d001f
0041001b001b001f
0046001c001b001c
004a001a001a001c
004f00190019001c
0055001900190019
005a001800180019
0060001700170019
0066001700160017
006d001500130016
0073001400120014
0078001400110014
007e001300100012
00840012000e0010
00880013000c000f
008c0011000b000e
008f0010000b000d
00930011000a000d
0095000f0009000c
009500100008000b
009600100007000b
009700100007000b
0096001100050009
0096000f0005000a
0094000f0006000a
009400100005000a
0092001000050009
008f00110004000a
0090001000040009
008e001000040008
008c001000040008
008c001000030008
008c001000030008
008c001000030008
008e001000030008
0090001000030008
0092001000030008
0092001000030008
0095001000030008
0098000f00030008
009a000f00030008
009e000e00030007
00a2000e00030007
0100000000000000
0100000000000000
0100000000000000
0100000000000000
0100000000000000
0100000000000000
0100000000000000
0100000000000000
0100000000000000
0100000000000000
0100000000000000
0100000000000000
0100000000000000
0100000000000000
0100000000000000
0100000000000000
0100000000000000
0100000000000000
0100000000000000
0100000000000000
0100000000000000
0100000000000000
0100000000000000
0100000000000000
0100000000000000
0100000000000000
0100000000000000
0100000000000000
0100000000000000
0100000000000000
0100000000000000
0100000000000000
0100000000000000
0100000000000000
0100000000000000
00fe000100000001
00fe000100000001
00fd000100010001
00fd000100010001
00fc000100010001
00fb000100010001
00fa000200010001
00f9000200010002
00f8000200010002
00f5000200010002
00f3000300010002
00f0000400020004
00ef000400020004
00eb000500020004
00ea000500020005
00e4000600030006
00e0000700050006
00db000700050008
00d4000900050009
00cf000900070009
00c9000b0007000b
00c3000d0007000b
00ba000e0008000d
00b30010000a000f
00ab0011000a0010
00a30012000c0011
009b0014000c0012
00920015000d0015
0089001700100016
007f001900110018
0076001900110019
006e001b0012001b
0065001d0014001b
005d001d0015001d
0055001e0017001e
004f001e0018001f
0048002000190020
00430020001a0021
003d0021001c0021
00390021001d0021
00350021001d0022
00300021001e0022
002f0021001e0023
002d0022001f0022
002c0022001f0022
002c002000200022
002c002000200022
002d001f001f0022
002d001f001f0023
0030001e001f0021
0032001d001f0021
0035001e001f0021
0039001d001c001f
003e001c001c001e
0044001b001c001c
0049001a001b001c
004f001a0019001b
005400190018001a
005b001800170018
0061001800150017
0068001600130016
006d001500120014
0073001400110013
0079001400100012
007e0013000e0011
00830012000c0010
00870012000b000e
00890011000b000e
008c0011000a000d
008d00110008000c
008d00100008000c
008e00110007000b
008e00120007000b
008d00110006000a
008c00100006000a
008a00110006000b
008900110005000b
008800120005000a
008700120004000a
008600120004000a
0085001100040009
0084001100030009
0086001100030009
0086001100030009
0086001100030009
008a001100030009
008c001100030009
008e001100030009
0091001000030008
0093001000030008
0097000f00030008
009a000f00030008
009f000e00030007
0100000000000000
0100000000000000
0100000000000000
0100000000000000
0100000000000000
0100000000000000
0100000000000000
0100000000000000
0100000000000000
0100000000000000
0100000000000000
0100000000000000
0100000000000000
0100000000000000
0100000000000000
0100000000000000
0100000000000000
0100000000000000
0100000000000000
0100000000000000
0100000000000000
0100000000000000
0100000000000000
0100000000000000
0100000000000000
0100000000000000
0100000000000000
0100000000000000
0100000000000000
0100000000000000
0100000000000000
0100000000000000
0100000000000000
0100000000000000
0100000000000000
00fe000100000001
00fd000100010001
00fd000100010001
00fc000100010001
00fc000100010001
00fb000100010001
00fa000200010001
00f9000200010002
00f8000200010002
00f5000200010002
00f2000400020003
00f0000400020004
00ed000400020004
00ea000500020005
00e9000500020005
00e2000600040006
00dd000700050008
00d8000800050008
00d2000900050009
00cc000b0007000a
00c6000c0007000b
00be000e0008000c
00b600100009000d
00af0011000a000f
00a60012000b0011
009d0014000c0012
00950015000d0014
008b0017000e0016
0082001800100017
0078001900110019
006e001c0013001a
0065001e0014001c
005c001e0015001d
0054001f0017001e
004d002000180020
0045002000190021
003e0022001b0022
00380023001c0023
00330022001d0023
002f0022001d0024
002a0022001e0023
00270023001f0024
0025002200200023
0023002300210024
0022002200210024
0022002100210023
0022002100220024
0023002000220024
0024002000220024
0026001e00210023
0029001e00210022
002b001e00200021
0030001d001f0021
0033001d001e0020
0039001d001d001e
003e001c001c001e
0044001a001b001c
004a001a0019001c
004f00190018001a
0057001900170019
005c001800150018
0063001600130016
0069001600110014
006f001500100014
0075001500100012
00780015000d0011
007d0013000c0010
00800012000b000e
00820012000a000e
00840013000a000e
008500110008000c
008500120008000c
008500130008000c
008500130006000a
008400110006000b
008400120006000b
008200120005000b
008100130005000b
008000130004000b
007f00120004000b
007d00130004000a
007e001200050009
007f001200040009
007f001200040009
0080001200040009
0081001200030009
0087001200030009
008a001100030009
008c001100030009
008f001000030009
0093001000030008
0097000f00030008
009b000f00030008
0100000000000000
0100000000000000
0100000000000000
0100000000000000
0100000000000000
0100000000000000
0100000000000000
0100000000000000
0100000000000000
0100000000000000
0100000000000000
0100000000000000
0100000000000000
0100000000000000
0100000000000000
0100000000000000
0100000000000000
0100000000000000
0100000000000000
0100000000000000
0100000000000000
0100000000000000
0100000000000000
0100000000000000
0100000000000000
0100000000000000
0100000000000000
0100000000000000
0100000000000000
0100000000000000
0100000000000000
0100000000000000
0100000000000000
0100000000000000
0100000000000000
00fe000100000001
00fd000100010001
00fd000100010001
00fc000100010001
00fc000100010001
00fb000100010001
00fa000200010001
00f9000200010002
00f8000200010002
00f3000300010002
00f2000400020003
00ef000400020004
00ec000500020004
00ea000500020005
00e7000600020005
00e0000700050006
00dc000700050008
00d6000900050009
00d0000a00060009
00c9000b0007000b
00c2000d0007000c
00ba000f0008000d
00b20011000a000f
00aa0012000b0011
00a10013000c0011
00980015000c0013
008e0016000e0016
0083001800100017
007a001a00110018
0070001b0012001b
0066001e0013001c
005d001f0015001e
005400200017001f
004c00200018001f
00440021001a0021
003c0022001b0023
00360023001c0023
00300023001d0024
002a0023001e0025
00260023001f0024
0021002400210025
001f002300210025
001c002400210025
001b002300220025
0019002200230025
0019002200240025
001a002200230025
001a002100240025
001b002000240025
001d002000240024
001f002000230024
0023001f00210022
0026001d00220022
002a001d00210021
002e001e001f0020
0034001c001e0020
0039001d001d001d
003f001b001c001c
0046001a0019001c
004c001a0018001a
0052001900160019
0058001900140016
0060001700120017
0065001700120014
006b001600110012
006f0016000f0013
00730015000d0010
00770014000c0010
00790014000b000f
007b0014000a000f
007d00120009000d
007d00130009000d
007c00140008000d
007b00150006000c
007d00120006000b
007b00130006000c
007c00130005000b
007900140005000b
007900130005000b
007800130005000c
007700140005000b
007900130004000a
007a00130004000a
007a00130004000a
007d00130004000a
007e00130004000a
0080001200040009
0084001200040009
0088001100030009
008b001100030009
0090001000030008
0094001000030008
0099000f00030008
0100000000000000
0100000000000000
0100000000000000
0100000000000000
0100000000000000
0100000000000000
0100000000000000
0100000000000000
0100000000000000
0100000000000000
0100000000000000
0100000000000000
0100000000000000
0100000000000000
0100000000000000
0100000000000000
0100000000000000
0100000000000000
0100000000000000
0100000000000000
0100000000000000
0100000000000000
0100000000000000
0100000000000000
0100000000000000
0100000000000000
0100000000000000
0100000000000000
0100000000000000
0100000000000000
0100000000000000
0100000000000000
0100000000000000
0100000000000000
0100000000000000
00fe000100000001
00fd000100010001
00fd000100010001
00fc000100010001
00fb000100010001
00fb000100010001
00fa000200010001
00f9000200010002
00f7000200010002
00f3000300010002
00f1000400020003
00ef000400020004
00ec000500020004
00ea000500020005
00e6000700030005
00df000700050007
00da000700050008
00d4000900050009
00ce000a00060009
00c7000c0007000b
00c0000d0008000c
00b700100008000e
00af0011000b0010
00a60013000b0011
009d0014000c0013
00920016000d0014
00880018000f0016
007e001900110018
0073001b0011001a
006a001c0012001c
0060001f0014001d
0057001f0016001e
004d002100180020
0044002200190022
003c0022001b0023
00340024001c0024
002e0025001e0025
00280025001f0025
0023002400200026
001f002500200026
001b002400220026
0018002400220026
0016002400240027
0014002300240026
0013002400250027
0012002300250026
0012002200260026
0013002100250026
0014002100250025
0016002000240026
0018002000240024
001b001f00230023
001e001f00230022
0021001f00230022
0026001d00220022
002b001e001f0020
0030001c001e001f
0035001d001d001d
003c001b001c001c
0042001b0019001c
0048001a0017001a
004f001900150019
0055001800150017
005b001800130015
0061001600110014
00650017000f0013
006b0016000d0012
006e0015000c0011
00700016000b0010
00730014000b000f
00740014000a000e
007600140009000d
007400150008000d
007400150007000e
007400150006000c
007300140006000c
007200140007000c
007300150006000c
007000150006000c
007100140005000c
007100150005000b
007200140005000a
007400140004000a
007400140004000a
007500140004000a
007900130004000a
007c00130004000a
008100120004000a
0084001200040009
0088001100030009
008c001100030009
0092001000030008
0096000f00030008
0100000000000000
0100000000000000
0100000000000000
0100000000000000
0100000000000000
0100000000000000
0100000000000000
0100000000000000
0100000000000000
0100000000000000
0100000000000000
0100000000000000
0100000000000000
0100000000000000
0100000000000000
0100000000000000
0100000000000000
0100000000000000
0100000000000000
0100000000000000
0100000000000000
0100000000000000
0100000000000000
0100000000000000
0100000000000000
0100000000000000
0100000000000000
0100000000000000
0100000000000000
0100000000000000
0100000000000000
0100000000000000
0100000000000000
0100000000000000
0100000000000000
00fe000100000001
00fd000100010001
00fd000100010001
00fc000100010001
00fb000100010001
00fb000100010001
00fa000200010001
00f8000200010002
00f7000200010002
00f3000300010002
00f0000400020004
00ed000400020004
00ea000500020005
00e9000500020005
00e5000700040005
00dd000700050008
00d9000800050008
00d2000900060009
00cb000b0006000b
00c5000c0007000c
00bc000e0008000d
00b400110009000e
00ac0011000b0011
00a20013000b0012
00980015000d0014
008e0017000d0015
0083001900100017
0078001b00110019
006e001d0013001b
0064001f0014001c
005900200015001f
004f002100180021
0046002200190021
003e0023001a0023
00350025001c0025
002d0025001d0025
00280025001e0026
0021002500200026
001d002500210026
0018002500220027
0014002500230028
0012002500240028
000f002400250027
000e002400260027
000d002300260027
000d002300270027
000d002100260027
000d002000260027
000e002100260026
0010002100260025
0012001f00260025
0014001f00260024
0017001f00250024
001b001f00240022
001f001d00230022
0023001d00220021
0028001d00200020
002e001c001e001f
0033001d001d001d
0039001a001a001c
0040001b0018001b
0046001a0017001a
004c001b00160018
0053001800130017
0057001800120015
005c001800100014
00610018000f0012
00640016000d0012
00680017000c0010
00680015000c000f
006a0016000b0010
006c00150009000e
006d00160008000e
006d00160007000e
006b00160007000d
006c00150007000d
006a00150007000d
006a00160006000c
006900160006000c
006900160006000d
006800160005000d
006900160005000c
006d00150004000b
006e00150004000b
007000140004000b
007300140004000a
007700140004000a
007b00130004000a
008000130004000a
0084001200040009
008a001100030009
008f001000030009
0094001000030008
0100000000000000
0100000000000000
0100000000000000
0100000000000000
0100000000000000
0100000000000000
0100000000000000
0100000000000000
0100000000000000
0100000000000000
0100000000000000
0100000000000000
0100000000000000
0100000000000000
0100000000000000
0100000000000000
0100000000000000
0100000000000000
0100000000000000
0100000000000000
0100000000000000
0100000000000000
0100000000000000
0100000000000000
0100000000000000
0100000000000000
0100000000000000
0100000000000000
0100000000000000
0100000000000000
0100000000000000
0100000000000000
0100000000000000
0100000000000000
0100000000000000
00fe000100000001
00fd000100010001
00fd000100010001
00fc000100010001
00fb000100010001
00fa000200010001
00f9000200010002
00f8000200010002
00f7000200010002
00f2000400020003
00f0000400020004
00ed000400020004
00ea000500020005
00e8000500020005
00e4000700040006
00dd000700050007
00d6000900050009
00d1000a00060009
00ca000c0006000b
00c2000c0008000c
00ba000e0008000e
00b00011000a000f
00a90013000b0011
009e0014000c0012
00940016000d0014
008a0018000f0017
007e001a00100018
0074001c0012001a
0069001d0013001c
005e00200014001d
0054002100160020
004a002200180021
0040002300190022
00370024001c0024
002f0025001d0026
00280025001f0027
0022002500200027
001c002500210027
0017002600220028
0013002600230029
0010002500250028
000d002500260028
000b002400250028
000a002300260029
0009002300270027
0009002100270029
0009002000280028
0009002000280027
000a002000270026
000b002000270025
000d001f00280025
000f001f00280024
0012001e00260025
0015001e00260024
0018001f00240023
001d001d00230021
0021001d00220021
0026001c00200020
002b001d001d001f
0032001d001b001e
0038001b001b001c
003e001b0018001a
0044001a00170019
0049001a00150017
004f001900130016
0053001900100015
0057001900100014
005b0019000f0012
005e0018000d0013
00610016000c0010
00620017000b0010
00630017000a000f
006400170008000e
006400180008000f
006400170007000e
006200170007000d
006200170007000e
006300170006000d
006200170006000d
006200170006000d
006300170005000c
006300170005000c
006500170005000c
006900150004000b
006b00150004000b
006d00150004000b
007300140004000a
007700140004000a
007c00130004000a
0082001200040009
0087001200030009
008c001100030009
0092001000030008
0100000000000000
0100000000000000
0100000000000000
0100000000000000
0100000000000000
0100000000000000
0100000000000000
0100000000000000
0100000000000000
0100000000000000
0100000000000000
0100000000000000
0100000000000000
0100000000000000
0100000000000000
0100000000000000
0100000000000000
0100000000000000
0100000000000000
0100000000000000
0100000000000000
0100000000000000
0100000000000000
0100000000000000
0100000000000000
0100000000000000
0100000000000000
0100000000000000
0100000000000000
0100000000000000
0100000000000000
0100000000000000
0100000000000000
0100000000000000
0100000000000000
00fe000100000001
00fd000100010001
00fd000100010001
00fc000100010001
00fb000100010001
00fa000200010001
00f9000200010002
00f8000200010002
00f7000200010002
00f2000400020003
00ef000400020004
00ed000400020004
00ea000500020005
00e8000500020005
00e3000700040006
00dc000700050007
00d5000900050009
00cf000a0006000a
00c8000c0006000b
00c0000d0008000c
00b8000f0008000e
00af0011000a000f
00a60013000b0012
009d0014000c0013
00900017000d0015
00860018000f0018
007b001a00100019
006f001c0012001a
0064001e0013001d
005900210015001f
0050002200160020
0046002300190022
003b0024001b0024
00330025001c0024
002b0026001e0026
00240025001f0026
001d002600210028
0017002600220028
0013002600240028
000f002600250028
000d002500250029
000a002500260028
0008002500270029
0007002300280028
0006002200290029
00060022002a0028
0006002100290028
00060021002a0027
0007001f00290027
0008001f002a0025
0009001e002a0025
000b001f00290026
000e001f00280024
0010001e00270024
0014001e00250022
0017001e00240023
001c001d00220022
0020001d00200020
0025001d001e001e
002b001c001e001d
0030001c001c001c
0036001b0019001b
003b001b0018001a
0041001b00160019
0047001a00130017
004c001a00120016
004f001a00100014
0054001a000f0014
00560018000d0012
00580018000c0011
005a0017000b0011
005c0018000b000f
005d00180009000f
005c00190008000f
005b00190007000f
005c00180007000e
005b00180007000d
005b00180006000d
005b00180006000d
005c00170006000e
005b00180006000e
005d00180005000d
006000170005000d
006400160004000b
006500160004000b
006900150004000b
006e00150004000b
007300140004000a
007900130004000a
007e00130004000a
0084001200040009
008a001100030009
0091001000030008
0100000000000000
0100000000000000
0100000000000000
0100000000000000
0100000000000000
0100000000000000
0100000000000000
0100000000000000
0100000000000000
0100000000000000
0100000000000000
0100000000000000
0100000000000000
0100000000000000
0100000000000000
0100000000000000
0100000000000000
0100000000000000
0100000000000000
0100000000000000
0100000000000000
0100000000000000
0100000000000000
0100000000000000
0100000000000000
0100000000000000
0100000000000000
0100000000000000
0100000000000000
0100000000000000
0100000000000000
0100000000000000
0100000000000000
0100000000000000
0100000000000000
00fe000100000001
00fd000100010001
00fd000100010001
00fc000100010001
00fb000100010001
00fa000200010001
00f9000200010002
00f8000200010002
00f7000200010002
00f2000400020003
00ef000400020004
00ec000500020004
00ea000500020005
00e6000700030005
00e3000700040006
00db000700050008
00d4000900060009
00cf000a0006000a
00c7000c0006000c
00bf000d0008000c
00b6000f0008000e
00ae0012000a000f
00a40014000b0012
009a0015000c0013
008e0018000e0015
00830019000f0018
0078001b00120019
006d001d0012001c
0061001f0014001d
0056002100150020
004c002200180021
0041002300190023
00380024001b0024
00300026001d0026
00270026001f0026
0020002600210027
001a002500210028
0014002600230029
0010002600230029
000d002600250029
000a00250027002a
0008002500270028
0006002300290028
0005002200290028
00040021002a0029
00040021002b0028
00040021002a0027
0004001f002a0027
0005001e00290027
0006001e002b0025
0007001f002a0025
0008001e002a0026
000a001e00290024
000d001d00270024
0010001d00260022
0013001c00250022
0017001d00240022
001a001e00210020
0020001c001f0020
0025001d001e001e
002a001c001d001d
002f001c001a001c
0035001c0018001b
003a001c00160019
003f001b00140018
0044001b00120015
0047001a00110015
004c001b000f0015
004d0019000d0013
00500019000c0012
00520018000c0011
00520019000b0010
005400190009000f
0055001900080010
0054001a0007000f
005400190007000e
005300190007000f
005300190006000e
005400190006000e
005500180007000e
005500180007000e
005800180006000d
005b00180005000d
005e00170004000c
006200160004000c
006500160004000b
006900150004000b
006e00150004000b
007500140004000a
007b00130004000a
0082001200040009
0089001100030009
0090001000030008
0100000000000000
0100000000000000
0100000000000000
0100000000000000
0100000000000000
0100000000000000
0100000000000000
0100000000000000
0100000000000000
0100000000000000
0100000000000000
0100000000000000
0100000000000000
0100000000000000
0100000000000000
0100000000000000
0100000000000000
0100000000000000
0100000000000000
0100000000000000
0100000000000000
0100000000000000
0100000000000000
0100000000000000
0100000000000000
0100000000000000
0100000000000000
0100000000000000
0100000000000000
0100000000000000
0100000000000000
0100000000000000
0100000000000000
0100000000000000
0100000000000000
00fe000100000001
00fd000100010001
00fd000100010001
00fc000100010001
00fb000100010001
00fa000200010001
00f9000200010002
00f8000200010002
00f6000200010002
00f2000400020003
00ef000400020004
00ec000500020004
00ea000500020005
00e6000700030005
00e2000700040006
00da000800050008
00d4000900060009
00ce000a0006000a
00c7000c0007000c
00be000d0008000d
00b4000f0009000f
00ac0012000a0010
00a20014000c0013
00980015000c0014
008c0017000e0016
0081001a00100019
0077001b00120019
006a001e0013001d
005e00200015001e
0053002100170021
0048002300180021
003f002400190023
00350024001c0025
002d0026001d0027
00250026001f0028
001e002600200028
0018002700220028
0013002600240028
000e002600250029
000b002500260029
0008002500280029
0006002300290029
00050023002a0029
00040022002a0029
00030021002a0028
00030020002b0028
0003001f002b0027
0003001e002c0028
0003001d002c0027
0004001e002c0026
0005001c002c0026
0007001c002a0024
0008001c002a0024
000a001c00290023
000c001d00280023
000f001d00270022
0013001c00240020
0016001d00220020
001a001d00220020
001f001d001f001f
0024001d001e001d
0029001d001b001c
002e001d0019001a
0033001d0016001a
0038001d00150017
003c001c00130017
0041001b00110016
0044001c00100016
0046001a000d0013
004a0019000d0013
004a0019000c0012
004c001a000b0011
004d001a00090010
004b001a00080010
004d001b00070010
004d001a0007000f
004d001a0008000e
004d001a0008000e
004e00190007000e
004e00190007000f
004f00190007000f
005300190006000d
005600190006000d
005800190006000d
005d00170004000c
006100170004000c
006500160004000b
006c00150004000b
007300140004000a
007900130004000a
0080001200040009
0088001100030009
008e001100030009
0100000000000000
0100000000000000
0100000000000000
0100000000000000
0100000000000000
0100000000000000
0100000000000000
0100000000000000
0100000000000000
0100000000000000
0100000000000000
0100000000000000
0100000000000000
0100000000000000
0100000000000000
0100000000000000
0100000000000000
0100000000000000
0100000000000000
0100000000000000
0100000000000000
0100000000000000
0100000000000000
0100000000000000
0100000000000000
0100000000000000
0100000000000000
0100000000000000
0100000000000000
0100000000000000
0100000000000000
0100000000000000
0100000000000000
0100000000000000
0100000000000000
00fe000100000001
00fd000100010001
00fd000100010001
00fc000100010001
00fb000100010001
00fa000200010001
00f9000200010002
00f8000200010002
00f6000200010002
00f2000400020003
00ef000400020004
00ec000500020004
00e9000500020005
00e7000600030005
00e2000700040006
00db000800050007
00d3000a00060009
00cd000b0006000a
00c5000c0008000c
00bd000d0008000d
00b4000f0009000f
00ab0012000a0010
00a00015000c0013
00970015000c0014
008b0018000e0016
007f001a00100019
0074001c0012001a
0068001d0014001d
005c00200016001e
0051002200170020
0046002300190023
003d0024001a0023
00330025001c0025
002a0027001d0027
0023002600200028
001c002600200029
0016002700220029
0011002600240029
000d00260026002a
000a002500280029
0007002400290029
0005002300290029
00040023002a0029
00030021002b0029
00020020002b0029
0002001f002d0028
0002001e002c0027
0002001d002e0026
0003001c002d0025
0003001d002e0026
0004001c002d0024
0005001b002c0024
0006001b002b0023
0008001c002a0023
000a001b00290023
000d001c00280022
000f001c00250021
0013001d00240020
0017001d00220020
001b001d0020001e
001f001c001e001d
0024001d001a001d
0028001d0018001c
002e001c0017001a
0032001d00150018
0035001c00130018
003a001c00110017
003d001c00100015
0040001c000f0014
0042001b000d0013
0043001b000c0012
0044001b000c0012
0046001a00090010
0045001b00080011
0045001c00090011
0045001c0008000f
0046001b0008000f
0047001a0008000f
0047001a0007000f
0048001a0007000f
004a001a0007000f
004e001a0006000e
0051001a0006000e
005300190006000e
005900190005000d
005e00170004000c
006300160004000b
006800160004000b
006f00150004000b
007700140004000a
007f00130004000a
0085001200030009
008e001100030009
0100000000000000
0100000000000000
0100000000000000
0100000000000000
0100000000000000
0100000000000000
0100000000000000
0100000000000000
0100000000000000
0100000000000000
0100000000000000
0100000000000000
0100000000000000
0100000000000000
0100000000000000
0100000000000000
0100000000000000
0100000000000000
0100000000000000
0100000000000000
0100000000000000
0100000000000000
0100000000000000
0100000000000000
0100000000000000
0100000000000000
0100000000000000
0100000000000000
0100000000000000
0100000000000000
0100000000000000
0100000000000000
0100000000000000
0100000000000000
0100000000000000
00fe000100000001
00fd000100010001
00fd000100010001
00fc000100010001
00fb000100010001
00fa000200010001
00f9000200010002
00f8000200010002
00f6000200010002
00f2000400020003
00ef000400020004
00ec000500020004
00e9000500020005
00e7000600030005
00e2000700040006
00da000800050008
00d3000a00060009
00cd000b0006000a
00c5000c0008000b
00be000d0008000d
00b4000f0009000f
00ac001200090010
00a00014000c0013
00960016000d0014
008b0018000e0016
0080001a00100018
0073001c0012001b
0067001e0014001d
005b00210016001f
0051002200170021
0045002400190022
003b0024001b0024
00320025001d0026
00290026001f0027
0021002600200027
001b002500220028
0015002600240029
001000260025002a
000c002500270029
000900250027002a
0007002300290029
00050022002a0029
00040021002b0029
00030020002c0029
0002001f002d0028
0002001e002e0027
0002001e002d0027
0002001c002e0026
0002001c002e0025
0003001b002e0025
0003001c002d0024
0004001b002c0023
0005001b002c0024
0007001a002a0023
0008001b00280022
000a001c00270023
000d001c00260021
0010001b00240021
0013001c00220020
0017001d0020001e
001b001c001e001e
001f001d001b001c
0023001d001a001b
0028001c0018001a
002c001d00160019
002f001d00130019
0034001c00110016
0036001d00110016
003a001c000f0014
003a001c000d0015
003d001c000c0012
003d001d000b0013
003d001c000b0012
003e001c00090011
003f001d00080011
003f001d0008000f
0040001b0008000f
0040001b0008000f
0041001b0007000f
0043001b0007000f
0045001b0007000f
0048001a0007000f
004d001a0006000e
0051001a0006000e
005500190005000d
005b00170005000c
006000170004000c
006600160004000b
006e00150004000b
007500140004000a
007e00130004000a
0084001200030009
008d001100030009
0100000000000000
0100000000000000
0100000000000000
0100000000000000
0100000000000000
0100000000000000
0100000000000000
0100000000000000
0100000000000000
0100000000000000
0100000000000000
0100000000000000
0100000000000000
0100000000000000
0100000000000000
0100000000000000
0100000000000000
0100000000000000
0100000000000000
0100000000000000
0100000000000000
0100000000000000
0100000000000000
0100000000000000
0100000000000000
0100000000000000
0100000000000000
0100000000000000
0100000000000000
0100000000000000
0100000000000000
0100000000000000
0100000000000000
0100000000000000
0100000000000000
00fe000100000001
00fd000100010001
00fd000100010001
00fc000100010001
00fb000100010001
00fa000200010001
00f9000200010002
00f8000200010002
00f6000200010002
00f2000400020003
00f0000400020003
00ed000500020004
00e9000500020005
00e7000600030005
00e2000700040006
00da000800050008
00d3000900060009
00cd000b0006000a
00c5000c0008000b
00be000e0008000d
00b5000f0009000e
00ac001200090010
00a00014000c0012
00960016000e0014
008a0019000f0017
007f001900100019
0073001c0012001b
0067001e0014001d
005b00200016001e
0050002200180021
0045002300190023
003b0024001b0025
00320026001d0025
00290026001f0027
0021002600210028
001a002500220029
0014002700240029
0010002600250029
000c002600260029
0009002400280029
00070022002a0028
00050022002b0029
00040020002c0028
0003001f002c0028
0002001d002d0028
0002001e002e0027
0002001b002f0025
0002001b002f0026
0002001a002f0026
0002001a002e0025
0003001a002e0024
00030019002e0024
0004001a002c0023
0005001b002b0023
0007001a00290022
0008001a00280022
000a001b00270021
000d001b00250020
0010001c0023001f
0013001c0021001f
0017001c001f001e
001b001d001c001c
001f001c001a001b
0022001d0018001b
0027001c00160019
002b001c00130018
002d001d00130017
0031001d00110016
0033001d000f0015
0034001d000d0014
0036001d000c0013
0037001d000c0013
0038001d000b0013
0038001d00090012
0038001e00080011
0038001e00080010
0039001c00080010
003a001c00080010
003c001c00070010
003d001c00070010
0040001b00070010
0043001b0007000f
0049001b0006000e
004c001a0006000e
0051001a0006000e
005700190005000d
005e00170004000c
006500160004000b
006d00150004000b
007400140004000a
007c00130004000a
0083001200030009
008b001100030009
0100000000000000
0100000000000000
0100000000000000
0100000000000000
0100000000000000
0100000000000000
0100000000000000
0100000000000000
0100000000000000
0100000000000000
0100000000000000
0100000000000000
0100000000000000
0100000000000000
0100000000000000
0100000000000000
0100000000000000
0100000000000000
0100000000000000
0100000000000000
0100000000000000
0100000000000000
0100000000000000
0100000000000000
0100000000000000
0100000000000000
0100000000000000
0100000000000000
0100000000000000
0100000000000000
0100000000000000
0100000000000000
0100000000000000
0100000000000000
0100000000000000
00fe000100000001
00fd000100010001
00fd000100010001
00fc000100010001
00fb000100010001
00fa000200010001
00f9000200010002
00f8000200010002
00f7000200010002
00f2000400020003
00f0000400020003
00ed000500020004
00ea000500020005
00e7000600030005
00e3000700030006
00db000800050008
00d3000900060009
00ce000b0006000a
00c6000c0007000b
00be000e0008000d
00b500100009000e
00ab0012000a0010
00a10014000c0013
00960015000e0015
008b0018000f0016
0080001a00100019
0073001c0012001a
0067001d0014001e
005c00200016001e
0050002200180020
0045002200190023
003b0023001c0025
00310025001d0026
00290025001f0026
0021002600210027
001a002600220028
0015002600240028
001000250026002a
000c00250028002a
0009002300290029
00070021002b0029
00050021002b0029
0004001f002c0028
0003001e002d0028
0002001d002e0028
0002001c002f0026
0002001a00300025
0002001a00300025
00020019002f0025
0002001900300024
00020018002f0024
00030019002e0023
00040018002d0023
00040019002c0021
0005001a002b0022
0007001a002a0021
0009001a00280021
000b001b0026001f
000e001b0024001f
0010001c0020001e
0014001c001f001d
0017001d001d001b
001b001d001b001b
001e001d00190019
0022001d00160019
0025001d00150019
0028001d00130017
002b001e00110017
002c001e000f0014
002e001e000c0015
0030001d000c0013
0030001e000c0014
0031001d000a0012
0032001e00090012
0033001f00080011
0033001f00080010
0034001c00080010
0035001c00080010
0036001c00070010
0039001c00070010
003d001c00070010
003f001c00070010
0044001b0007000f
004a001b0006000e
004f001a0006000e
005500190005000d
005c00180004000d
006400160004000b
006b00150004000b
007300140004000a
007b00130004000a
0083001200030009
008c001100030009
0100000000000000
0100000000000000
0100000000000000
0100000000000000
0100000000000000
0100000000000000
0100000000000000
0100000000000000
0100000000000000
0100000000000000
0100000000000000
0100000000000000
0100000000000000
0100000000000000
0100000000000000
0100000000000000
0100000000000000
0100000000000000
0100000000000000
0100000000000000
0100000000000000
0100000000000000
0100000000000000
0100000000000000
0100000000000000
0100000000000000
0100000000000000
0100000000000000
0100000000000000
0100000000000000
0100000000000000
0100000000000000
0100000000000000
0100000000000000
0100000000000000
00fe000100000001
00fd000100010001
00fd000100010001
00fc000100010001
00fb000100010001
00fa000200010001
00f9000200010002
00f8000200010002
00f7000200010002
00f3000300020003
00f0000400020003
00ed000500020004
00ea000500020005
00e7000600030005
00e3000700030006
00db000800050008
00d5000900060009
00ce000b0006000a
00c7000c0007000b
00bf000e0008000d
00b6000f0009000e
00ac0012000a0010
00a20014000b0013
00960016000e0014
008b0018000f0016
0080001a00100019
0075001b0012001a
0068001e0014001d
005c00200015001f
0051002200170021
00460023001a0023
003b0024001c0025
00330025001d0026
00290025001f0027
0021002500210028
001a002600230029
001500260025002a
0010002400260029
000c002500280029
0009002300290029
00070021002a002a
00050020002b0028
0004001f002c0028
0003001e002e0028
0002001c002e0026
0002001b00300026
0002001900300025
0002001800310026
0002001900300023
0002001700300023
00020017002f0023
00020017002f0022
00030017002e0021
00040018002d0022
00040019002b0022
00060019002a0020
0007001900280020
0009001a0026001f
000b001b0023001f
000e001d0021001e
0011001d001f001d
0014001d001d001d
0017001e001b001a
001a001e0019001a
001e001d00160019
0021001d00150018
0024001e00130017
0025001f00110016
0028001f000e0015
002a001f000d0015
002a001e000c0014
002b001f000b0013
002c001e000a0013
002c001f00090012
002d001f00080011
002e001f00080011
002f001e00080010
0030001d00080010
0032001d00070010
0034001d00070010
0038001d00070010
003c001c00070010
0041001c00070010
0048001b0006000e
004c001a0006000e
005300190006000e
005b00180005000d
006200160004000c
006a00150004000b
007300140004000a
007b00130004000a
0084001200030009
008c001100030009
0100000000000000
0100000000000000
0100000000000000
0100000000000000
0100000000000000
0100000000000000
0100000000000000
0100000000000000
0100000000000000
0100000000000000
0100000000000000
0100000000000000
0100000000000000
0100000000000000
0100000000000000
0100000000000000
0100000000000000
0100000000000000
0100000000000000
0100000000000000
0100000000000000
0100000000000000
0100000000000000
0100000000000000
0100000000000000
0100000000000000
0100000000000000
0100000000000000
0100000000000000
0100000000000000
0100000000000000
0100000000000000
0100000000000000
0100000000000000
0100000000000000
00fe000100000001
00fd000100010001
00fd000100010001
00fc000100010001
00fb000100010001
00fb000100010001
00f9000200010002
00f8000200010002
00f7000200010002
00f3000300020003
00f0000400020003
00ed000500020004
00eb000500020005
00e7000600030005
00e4000600030006
00db000800050008
00d7000900060008
00ce000b0006000a
00c8000c0007000b
00c0000d0008000c
00b7000f0009000e
00ae0012000a000f
00a40013000b0013
00990016000d0014
008d0017000f0016
0082001900100018
0077001b0012001a
0069001d0014001d
005f001f0016001e
0053002100170020
00470022001a0023
003d0023001b0025
00320025001d0025
002a0025001f0027
0022002500210028
001b002600230029
0015002500250029
0011002400260029
000d002400280029
000a00220029002a
00070021002b0029
0005001f002c0029
0004001e002d0028
0003001d002f0028
0002001b00300026
0002001a00310025
0002001900310025
0001001900300024
0001001800300024
00010018002f0023
00020016002f0023
00020017002e0022
00020018002d0021
00030016002c0021
00030018002b0020
0005001900290020
000600190028001f
0007001a0026001f
0009001a0024001e
000c001b0022001d
000e001c0020001d
0010001d001d001c
0014001e001b001a
0017001d00190019
0019001e00160019
001d001e00140018
001e001f00130017
0021002000100016
0023001e000e0015
0025001f000d0014
0025001f000c0014
00260020000b0014
0027001f000a0012
0027002000090012
0027002000080012
0028001f00090011
002a001e00090011
002a001e00090011
002d001e00080011
0031001d00070011
0035001d00070010
0039001d00070010
003f001c00070010
0044001b0007000f
004a001a0007000e
005200190006000e
005a00180005000d
006100170004000d
006900160004000c
007200140004000a
007c00130004000a
0083001200030009
008d001000030009
0100000000000000
0100000000000000
0100000000000000
0100000000000000
0100000000000000
0100000000000000
0100000000000000
0100000000000000
0100000000000000
0100000000000000
0100000000000000
0100000000000000
0100000000000000
0100000000000000
0100000000000000
0100000000000000
0100000000000000
0100000000000000
0100000000000000
0100000000000000
0100000000000000
0100000000000000
0100000000000000
0100000000000000
0100000000000000
0100000000000000
0100000000000000
0100000000000000
0100000000000000
0100000000000000
0100000000000000
0100000000000000
0100000000000000
0100000000000000
0100000000000000
00fe000100000001
00fe000100000001
00fd000100010001
00fc000100010001
00fc000100010001
00fb000100010001
00fa000200010001
00f8000200010002
00f7000200010002
00f3000300020003
00f1000400020003
00ee000500020003
00ec000500020005
00e8000600030005
00e4000600030006
00dd000800040007
00d8000900060008
00d1000a0006000a
00c9000c0007000b
00c1000d0008000c
00b9000f0009000e
00af0011000a000f
00a50013000b0012
009b0015000c0014
008f0017000f0015
0084001800100018
0078001b0012001a
006c001c0014001c
0060001f0016001e
0055002000170020
004a0021001a0022
003f0022001b0024
00350024001e0026
002b002400200027
0023002400210027
001d002500230028
0017002400250028
0011002400280029
000d002300280029
000a0021002a0029
00080021002b002a
0006001f002c0028
0004001e002d0028
0003001c002e0027
0002001b00310026
0002001a00300026
0001001900300025
0001001800300024
0001001700300023
0001001600300023
00010016002f0022
00010016002e0022
00020017002d0021
00020016002d0021
00030017002a0021
0004001800290020
0004001800270020
000600190025001e
0007001a0024001e
000a001b0021001d
000c001b0020001c
000e001d001d001c
0010001e001a001b
0013001e0019001a
0017001f00150019
0018001f00130018
001b001f00110018
001d001f00100016
001f001f000e0016
001f001f000d0014
00210020000c0015
00210021000b0013
0022002000090013
00210021000a0013
0023002000090012
0024001f00090011
0025001e00090011
0027001e00090011
0029001e00080011
002d001e00080011
0031001e00080011
0037001d00070010
003c001c00070010
0043001b0007000f
004a001a0007000e
0051001a0006000e
005800190006000d
006100170004000d
006a00160004000c
007300140004000a
007d00130004000a
0084001100030009
008f001000030008
0100000000000000
0100000000000000
0100000000000000
0100000000000000
0100000000000000
0100000000000000
0100000000000000
0100000000000000
0100000000000000
0100000000000000
0100000000000000
0100000000000000
0100000000000000
0100000000000000
0100000000000000
0100000000000000
0100000000000000
0100000000000000
0100000000000000
0100000000000000
0100000000000000
0100000000000000
0100000000000000
0100000000000000
0100000000000000
0100000000000000
0100000000000000
0100000000000000
0100000000000000
0100000000000000
0100000000000000
0100000000000000
0100000000000000
0100000000000000
0100000000000000
00fe000100000001
00fe000100000001
00fd000100010001
00fc000100010001
00fc000100010001
00fb000100010001
00fa000200010001
00f9000200010002
00f7000200010002
00f4000200010002
00f2000300020003
00ef000400020003
00ec000500020005
00e9000500020005
00e5000600030006
00dd000800040007
00d9000900060008
00d2000a00060009
00cb000a0007000b
00c3000d0008000c
00bb000d0009000d
00b200110009000f
00a70012000b0012
009e0014000c0013
00910017000e0015
0087001800100017
007b001a0012001a
006f001c0014001c
0063001e0016001d
0057001f0017001f
004b0022001a0022
00410021001b0023
00370023001e0025
002e002400200026
0025002500210027
001e002500230028
0018002500240028
0013002300270029
000e002200280029
000b0021002a002a
00080020002c0029
0006001e002c0028
0004001d002e0027
0003001c00300026
0002001a002f0026
0001001900310026
0001001800310026
0001001700310024
0001001700310021
0001001600300021
0001001600300020
00010016002f0020
00010017002e0020
00010016002d001f
00020016002b001f
000200170029001f
000300180027001f
0005001a0026001e
0006001a0023001d
0008001b0021001e
000a001c001e001b
000c001c001b001c
000f001e001a001a
0011001d00180019
0013001e00150019
0015001f00130019
0017002000120017
0019002000100017
001b0020000e0015
001b0020000d0015
001c0021000c0014
001d0020000a0013
001d0021000a0013
001e0020000a0013
001f002100090012
001f002000090011
0022001f00090012
0023001f00090011
0027001f00080011
002b001e00080011
002e001e00080011
0035001d00070011
003b001c00070010
0041001c00070010
0049001b0007000e
0050001a0007000e
005900180006000d
006100170005000c
006a00160004000c
007300150004000b
007d00120004000a
0086001100030009
0090001000030008
0100000000000000
0100000000000000
0100000000000000
0100000000000000
0100000000000000
0100000000000000
0100000000000000
0100000000000000
0100000000000000
0100000000000000
0100000000000000
0100000000000000
0100000000000000
0100000000000000
0100000000000000
0100000000000000
0100000000000000
0100000000000000
0100000000000000
0100000000000000
0100000000000000
0100000000000000
0100000000000000
0100000000000000
0100000000000000
0100000000000000
0100000000000000
0100000000000000
0100000000000000
0100000000000000
0100000000000000
0100000000000000
0100000000000000
0100000000000000
0100000000000000
00fe000100000001
00fe000100000001
00fd000100010001
00fd000100010001
00fc000100010001
00fb000100010001
00fa000200010001
00f9000200010002
00f8000200010002
00f4000200010002
00f2000300020003
00ef000400020003
00ec000500020005
00ea000500020005
00e5000600030006
00df000600040007
00da000800050008
00d4000900060009
00cc000a0007000b
00c4000d0008000c
00bc000d0009000d
00b5000f0009000e
00aa0012000b0011
009f0014000c0013
00950016000e0014
008a0018000f0017
007f001900120018
0072001b0014001b
0066001d0016001d
005b001f0017001f
004e002000190021
00430022001b0023
00390023001e0025
0030002300200025
0027002400210027
0020002500220028
0019002400250028
0014002200270028
000f002300280029
000b0020002a0029
00080021002c0029
0006001e002d0027
0004001e002e0027
0003001b002f0026
0002001a00300026
0001001800300026
0001001800300024
0001001600300022
0001001500310023
0001001500300022
00000014002f0021
00000014002e0020
00010015002e0020
00010015002d001f
00010016002b001e
000200170029001e
000200180027001e
000400190026001e
0005001a0023001d
0006001b0020001d
0008001c001e001c
000a001c001c001b
000c001e001a001a
000e001e0017001a
0010001f0015001a
0012002000140018
0014002000110018
00160021000f0017
00170020000e0016
00180021000d0014
00180022000d0015
001a0020000b0013
001a0021000a0013
001a0021000a0014
001b002100090012
001c002100090012
001e002000090012
0020001f00090012
0024001f00080012
0028001f00080011
002d001e00080011
0032001d00070011
003a001d00070010
0041001c00070010
0048001b0007000f
0050001a0007000e
005900180007000d
006200170005000c
006c00160004000c
007500140004000b
007e00130004000a
008600120003000a
0090001000030008
0100000000000000
0100000000000000
0100000000000000
0100000000000000
0100000000000000
0100000000000000
0100000000000000
0100000000000000
0100000000000000
0100000000000000
0100000000000000
0100000000000000
0100000000000000
0100000000000000
0100000000000000
0100000000000000
0100000000000000
0100000000000000
0100000000000000
0100000000000000
0100000000000000
0100000000000000
0100000000000000
0100000000000000
0100000000000000
0100000000000000
0100000000000000
0100000000000000
0100000000000000
0100000000000000
0100000000000000
0100000000000000
0100000000000000
0100000000000000
0100000000000000
00fe000100000001
00fe000100000001
00fd000100010001
00fd000100010001
00fc000100010001
00fb000100010001
00fa000200010001
00f9000200010002
00f8000200010002
00f4000200010002
00f3000300020003
00f1000300020003
00ed000500020004
00eb000500020005
00e7000600030006
00e0000600040006
00dc000700040008
00d6000900050009
00ce000a0007000a
00c7000b0008000c
00bf000d0009000d
00b7000f0009000e
00ae0011000b0010
00a30013000c0012
00970016000e0014
008d0017000f0017
0082001800110018
0076001b0013001b
0069001d0016001c
005f001e0017001e
0052001f00190020
00470020001b0022
003d0023001d0023
0033002300200025
002a002300200027
0022002400220028
001b002300250027
0015002200270029
0010002100280028
000c0020002a0029
00090020002c0028
0006001e002d0027
0004001c002e0026
0003001b002f0026
0002001900300027
0001001a00300024
0001001700310023
0000001600310023
0000001500300022
00000014002f0021
00000014002f0021
000000150030001f
00000015002d0020
00010015002c001e
00010016002b001e
000100170028001d
000200170027001d
000300180025001d
0003001a0022001c
0005001c0020001c
0007001c001f001a
0008001d001c001c
000a001e0019001a
000c001f00170019
000e002000150019
000f001f00130018
0012002100110016
00120022000f0016
00130021000e0015
00140022000e0015
00150020000c0014
00150021000b0013
00160021000a0014
0016002200090013
0018002200090012
001a002000090012
001c002000090012
001e002000090012
0022001f00080012
0026001f00080011
002b001e00080011
0030001e00080011
0038001d00070010
0040001c00070010
0048001b0007000f
005000190007000f
005a00180006000d
006200170006000c
006b00160006000c
007600140004000b
007f00130004000a
008800120003000a
0092000f00030008
0100000000000000
0100000000000000
0100000000000000
0100000000000000
0100000000000000
0100000000000000
0100000000000000
0100000000000000
0100000000000000
0100000000000000
0100000000000000
0100000000000000
0100000000000000
0100000000000000
0100000000000000
0100000000000000
0100000000000000
0100000000000000
0100000000000000
0100000000000000
0100000000000000
0100000000000000
0100000000000000
0100000000000000
0100000000000000
0100000000000000
0100000000000000
0100000000000000
0100000000000000
0100000000000000
0100000000000000
0100000000000000
0100000000000000
0100000000000000
0100000000000000
00fe000100000001
00fe000100000001
00fd000100010001
00fd000100010001
00fc000100010001
00fb000100010001
00fb000100010001
00f9000200010002
00f8000200010002
00f7000200010002
00f3000300020003
00f1000300020003
00ee000500020003
00ec000500020004
00e8000600030006
00e2000600040006
00dd000700040008
00d7000900050008
00d0000a0006000a
00c8000b0008000c
00c2000c0009000d
00b9000f0009000e
00b10010000b0010
00a70013000c0012
009c0014000d0014
00910016000f0016
0086001800110017
007a00190012001b
006e001c0015001c
0061001e0016001e
0056001e00180020
004b0020001a0022
00400022001c0023
00360022001e0024
002d002300200025
0025002300220027
001d002300240028
0017002100270028
0011002100280028
000d0020002a0029
00090020002c0027
0006001e002d0027
0005001c002e0026
0003001b002f0025
0002001900300025
0001001800300024
0000001600310023
0000001600310023
0000001500300022
00000015002f0020
00000014002f0020
00000014002f001f
00000014002e001f
00000015002c001e
00000015002b001e
000100170028001e
000100170027001d
000200180025001d
000200190022001b
0004001b001f001b
0005001c001d001b
0006001d001b0019
0008001e00180019
000a001f00160019
000c001f00140018
000d002000120017
000e002200100016
00100021000f0015
00110021000e0015
00120020000c0014
00120021000b0013
00120022000a0014
00130022000a0014
0015002200090012
0016002100090012
0018002000090012
001a002000090012
001c002000090012
0020002000080012
0024001f00080012
002a001e00080011
0030001e00080011
0038001d00070010
0040001c00070010
0048001a0007000f
005100190007000f
005a00180006000e
006400170006000c
006d00150006000c
007900140004000b
008200130003000a
008b001100030009
0095000f00030008
0100000000000000
0100000000000000
0100000000000000
0100000000000000
0100000000000000
0100000000000000
0100000000000000
0100000000000000
0100000000000000
0100000000000000
0100000000000000
0100000000000000
0100000000000000
0100000000000000
0100000000000000
0100000000000000
0100000000000000
0100000000000000
0100000000000000
0100000000000000
0100000000000000
0100000000000000
0100000000000000
0100000000000000
0100000000000000
0100000000000000
0100000000000000
0100000000000000
0100000000000000
0100000000000000
0100000000000000
0100000000000000
0100000000000000
0100000000000000
0100000000000000
00fe000100000001
00fe000100000001
00fe000100000001
00fd000100010001
00fc000100010001
00fc000100010001
00fb000100010001
00fa000200010001
00f9000200010002
00f7000200010002
00f6000200010002
00f2000300020003
00f0000300020003
00ed000500020004
00e9000600030005
00e3000600040006
00de000700040007
00d9000800050008
00d2000a00050009
00cb000b0008000a
00c5000c0008000b
00bc000e0009000d
00b40010000b0010
00ab0011000b0011
009f0014000d0013
00940015000f0016
0089001700110017
007e001800120019
0072001c0014001b
0066001d0016001c
005b001e00170020
004e0020001a0020
00440022001c0022
003a0022001e0023
0030002200200024
0027002300220027
0020002200240028
0019002100270028
0013002100280028
000e0020002a0029
000a0020002c0027
0007001d002d0027
0005001d002e0026
0003001b002f0026
0002001900300025
0001001800300023
0001001700300023
0000001500300023
0000001400300021
0000001400300021
00000014002f0020
00000014002f001f
00000014002d001e
00000014002b001e
000000150029001d
000000160028001d
000000160026001c
000100190024001c
000200190021001c
0003001a0020001a
0004001c001d001a
0005001d001a001a
0007001d0018001a
0009001f00160017
000b001f00140017
000c001f00120017
000d002000100016
000e0020000e0016
000f0021000e0015
000e0021000c0014
000f0022000b0014
00110022000a0014
00110023000a0014
0012002300090012
0014002100090012
0015002100090012
0018002100090012
001a002000090012
001e002000080012
0024001f00080012
002a001e00080011
0031001d00070011
0039001c00070010
0040001b00070010
0049001a0007000f
005200190007000e
005b00180006000e
006600160006000c
007000150006000b
007b00140005000b
008500120003000a
008d001100030009
0096001000030009
0100000000000000
0100000000000000
0100000000000000
0100000000000000
0100000000000000
0100000000000000
0100000000000000
0100000000000000
0100000000000000
0100000000000000
0100000000000000
0100000000000000
0100000000000000
0100000000000000
0100000000000000
0100000000000000
0100000000000000
0100000000000000
0100000000000000
0100000000000000
0100000000000000
0100000000000000
0100000000000000
0100000000000000
0100000000000000
0100000000000000
0100000000000000
0100000000000000
0100000000000000
0100000000000000
0100000000000000
0100000000000000
0100000000000000
0100000000000000
0100000000000000
0100000000000000
00fe000100000001
00fe000100000001
00fd000100010001
00fd000100010001
00fc000100010001
00fb000100010001
00fa000200010001
00f9000200010002
00f8000200010002
00f6000200010002
00f2000300020003
00f0000300020003
00ed000500020004
00eb000500020004
00e5000600040006
00e0000600040007
00da000700050008
00d6000800050009
00ce000a0007000a
00c7000b0008000b
00bf000d0009000d
00b8000f0009000e
00ad0011000b0010
00a30013000d0012
00980014000f0014
008f0016000f0016
0084001800110018
007700190013001a
006b001b0015001c
0060001c0017001d
0053001e0019001f
0048001f001b0021
003e0021001e0023
0034002100200024
002b002100220026
0023002100240027
001c002100260028
0015002100280028
0010002000290028
000c001f002c0027
0008001e002d0027
0005001c002e0027
0003001b002f0025
0002001900300024
00010017002f0023
00000017002f0023
0000001600300022
00000015002f0021
0000001400300020
00000013002f001f
00000014002e001f
00000014002c001e
00000015002b001d
00000016002a001d
000000170028001d
000000170025001c
000000190023001c
000100190020001a
0002001b001f001b
0003001c001c001a
0004001d001a0019
0005001d00180019
0007001f00160018
0008001f00140017
0009002000110017
000b002100100016
000b0021000f0016
000c0021000d0014
000d0022000c0015
000e0022000b0014
000e0023000a0014
000e0023000a0014
0010002200090013
0011002100090013
0013002100090013
0016002100090012
001a002000090012
001d002000090012
0023001f00080012
0029001e00080011
0030001d00070011
0038001c00070010
0042001b0007000f
004b001a0007000f
005400190007000e
005e00170006000d
006800160006000d
007300140006000b
007c00130006000a
008500120005000a
0090001100030009
0099000f00030008
0100000000000000
0100000000000000
0100000000000000
0100000000000000
0100000000000000
0100000000000000
0100000000000000
0100000000000000
0100000000000000
0100000000000000
0100000000000000
0100000000000000
0100000000000000
0100000000000000
0100000000000000
0100000000000000
0100000000000000
0100000000000000
0100000000000000
0100000000000000
0100000000000000
0100000000000000
0100000000000000
0100000000000000
0100000000000000
0100000000000000
0100000000000000
0100000000000000
0100000000000000
0100000000000000
0100000000000000
0100000000000000
0100000000000000
0100000000000000
0100000000000000
0100000000000000
00fe000100000001
00fe000100000001
00fd000100010001
00fd000100010001
00fc000100010001
00fb000100010001
00fa000200010001
00f9000200010002
00f8000200010002
00f7000200010002
00f5000300020003
00f1000300020003
00ef000400020003
00ec000500020004
00e7000600040004
00e2000600040007
00dd000700040008
00d7000800050009
00d100090006000a
00ca000b0007000b
00c3000c0009000c
00ba000e0009000e
00b10010000b0010
00a70012000d0011
009e0013000d0013
00930015000f0015
0087001600110016
007c00180013001a
0070001b0014001c
0065001d0017001c
0058001e0019001f
004d001f001b0020
00430020001d0022
0038002000200023
002e002100220025
0026002100230026
001f001f00250027
0018002000280026
0012001f00290026
000e001e002b0027
000a001d002c0026
0006001c002e0027
0004001c002f0025
00020018002e0024
00010017002f0024
00000016002f0023
00000015002f0021
00000015002f0022
00000014002f0020
00000014002f001f
00000014002d001e
00000015002c001d
00000014002a001d
000000150029001d
000000170027001c
000000170025001b
000000190022001b
0000001a0021001b
0001001b001e001a
0002001c001c001a
0004001e0019001a
0005001e00170019
0006001f00150018
0007002000130018
0008002100110017
0009002200100017
000a0021000e0015
000a0022000d0015
000b0022000b0014
000c0023000b0014
000c0023000a0014
000d002400090013
000f002300090013
0010002200090013
0012002100090013
0015002100090012
0019002000090012
001d002000090012
0023001f00090011
002a001e00090011
0033001d00070010
003a001c00070010
0044001b0007000f
004c001a0007000f
005600180006000e
006000170006000d
006a00160006000d
007400140006000b
007f00130005000a
0089001100050009
0094001000030009
009d000f00030008
0100000000000000
0100000000000000
0100000000000000
0100000000000000
0100000000000000
0100000000000000
0100000000000000
0100000000000000
0100000000000000
0100000000000000
0100000000000000
0100000000000000
0100000000000000
0100000000000000
0100000000000000
0100000000000000
0100000000000000
0100000000000000
0100000000000000
0100000000000000
0100000000000000
0100000000000000
0100000000000000
0100000000000000
0100000000000000
0100000000000000
0100000000000000
0100000000000000
0100000000000000
0100000000000000
0100000000000000
0100000000000000
0100000000000000
0100000000000000
0100000000000000
0100000000000000
00fe000100000001
00fe000100000001
00fe000100000001
00fd000100010001
00fc000100010001
00fc000100010001
00fb000100010001
00fa000200010001
00f9000200010002
00f7000200010002
00f5000300020003
00f4000300020003
00ef000400020003
00ee000400020004
00e8000500030004
00e3000600040007
00df000700040008
00da000800050008
00d3000900050009
00cd000a0007000a
00c6000c0007000b
00be000e0009000c
00b6000f000b000f
00ac0010000c0011
00a20012000d0012
00980014000f0014
008c001500110016
0080001700120018
007500190014001a
0069001b0017001b
005e001c0018001d
0052001d001b001f
0048001f001c0021
003d001f001e0023
0034002000200024
002a002000230025
0022002000250027
001b002000270026
0015001f00290026
000f001f002a0026
000b001d002c0027
0008001b002d0026
0005001b002e0025
00030018002e0024
00020017002f0024
00010017002f0023
00000016002f0021
00000014002f0020
00000014002f001f
00000014002e001f
00000014002d001d
00000015002b001d
00000015002a001d
000000150028001b
000000150026001b
000000180024001c
000000180022001a
000000190020001a
0001001c001d001a
0002001c001a0019
0003001e00190018
0004001e00160018
0005002000140017
0006002000120017
0007002000100016
00080021000f0015
00090021000d0015
00090022000c0015
000a0023000b0014
000a0023000a0014
000b0024000a0014
000c002300090013
000d002300090013
000f002200090013
0011002200090013
0015002100090012
0019002000090012
001e002000090012
0024001f00090011
002b001e00090011
0034001d00080010
003c001d00070010
0045001a0007000f
004e00190007000f
005800180006000e
006200160006000d
006d00150006000c
007800140006000c
008200120005000a
008b001100050009
0096001000040009
009f000e00030008
0100000000000000
0100000000000000
0100000000000000
0100000000000000
0100000000000000
0100000000000000
0100000000000000
0100000000000000
0100000000000000
0100000000000000
0100000000000000
0100000000000000
0100000000000000
0100000000000000
0100000000000000
0100000000000000
0100000000000000
0100000000000000
0100000000000000
0100000000000000
0100000000000000
0100000000000000
0100000000000000
0100000000000000
0100000000000000
0100000000000000
0100000000000000
0100000000000000
0100000000000000
0100000000000000
0100000000000000
0100000000000000
0100000000000000
0100000000000000
0100000000000000
0100000000000000
0100000000000000
00fe000100000001
00fe000100000001
00fd000100010001
00fd000100010001
00fc000100010001
00fb000100010001
00fa000200010001
00f9000200010002
00f8000200010002
00f6000200010002
00f4000300020003
00f0000300020003
00ee000400020004
00ea000400030004
00e6000600040005
00e1000600040007
00dc000700050008
00d6000800050009
00d000090007000a
00c9000a0007000b
00c2000d0008000c
00b9000f000a000e
00b20010000b000f
00a80011000d0010
009c0013000f0014
0091001500100015
0085001600120017
007b001900140018
006e001b0015001b
0063001c0018001c
0058001c0019001e
004d001e001c0020
0042001f001e0023
0037001e00200024
002e001f00220025
0026002000240024
001e002000260026
0017001f00280026
0012001e00290026
000e001d002b0026
000a001c002c0025
0006001b002d0024
00040019002d0025
00030017002e0023
00010016002e0022
00000016002e0022
00000015002f0020
00000015002e0020
00000014002c001e
00000015002b001d
00000014002a001d
000000140029001c
000000160027001c
000000160025001b
000000170023001a
000000190021001b
0000001a001f0019
0000001c001c0019
0001001d001a0019
0002001d00180019
0003001f00150018
0004001f00130017
0005002000110016
0006002100100016
00070021000e0015
00070022000d0015
00080022000c0015
00080023000b0015
00090024000a0014
000a0023000a0014
000b002300090013
000c002300090013
000e002200090013
0011002200090013
0015002100090012
0019002100090012
001e002000090012
0024002000090011
002c001f00090011
0035001d00080010
003d001c00080010
0048001b0007000f
005200190007000e
005b00180006000d
006600160006000d
007000140006000c
007a00130006000b
008500120005000a
008e001000050009
009a000f00040008
00a2000e00040008
0100000000000000
0100000000000000
0100000000000000
0100000000000000
0100000000000000
0100000000000000
0100000000000000
0100000000000000
0100000000000000
0100000000000000
0100000000000000
0100000000000000
0100000000000000
0100000000000000
0100000000000000
0100000000000000
0100000000000000
0100000000000000
0100000000000000
0100000000000000
0100000000000000
0100000000000000
0100000000000000
0100000000000000
0100000000000000
0100000000000000
0100000000000000
0100000000000000
0100000000000000
0100000000000000
0100000000000000
0100000000000000
0100000000000000
0100000000000000
0100000000000000
0100000000000000
0100000000000000
00fe000100000001
00fe000100000001
00fd000100010001
00fd000100010001
00fc000100010001
00fb000100010001
00fb000100010001
00f9000200010002
00f8000200010002
00f7000200010002
00f5000300020003
00f3000300020003
00ef000400020003
00eb000400030004
00e8000500040004
00e3000600040006
00de000700040008
00d9000800050008
00d200090006000a
00cd000a0007000a
00c6000c0008000c
00be000e0009000d
00b6000f000a000f
00ac0011000d0010
00a10012000e0012
00960013000f0014
008c001400110017
0080001800130018
007400190015001a
0069001a0016001c
005d001b0019001e
0053001d001a001f
0048001d001e0022
003d001d001f0023
0033001f00220023
002a001f00240024
0022001f00250024
001b001e00270025
0014001d00280026
0010001d002a0026
000b001c002b0024
0008001a002c0023
00050019002d0023
00030018002d0023
00020017002e0021
00010016002e0020
00000015002e0020
00000015002d0020
00000014002c001d
00000014002b001d
00000015002a001d
000000150028001b
000000160026001b
000000170024001b
000000180023001a
0000001800200019
0000001b001e001a
0000001b001c0019
0001001e001a0018
0001001e00170019
0002001f00150018
0003001f00130017
0004002100110017
0005002200100016
00050021000e0016
00060022000d0015
00070023000c0015
00070024000b0014
00080024000a0014
00090023000a0014
000a002300090013
000c002300090013
000e002300090013
0011002100090013
0015002200090012
0019002100090012
001f002000090012
0027001f00090011
002f001e00080011
0036001d00080011
0040001c0008000f
004a001a0008000f
005300190007000e
005d00180006000d
006800160006000c
007300140006000c
007e00120005000b
008800110005000a
009100100005000a
009c000f00050008
00a4000d00040007
0100000000000000
0100000000000000
0100000000000000
0100000000000000
0100000000000000
0100000000000000
0100000000000000
0100000000000000
0100000000000000
0100000000000000
0100000000000000
0100000000000000
0100000000000000
0100000000000000
0100000000000000
0100000000000000
0100000000000000
0100000000000000
0100000000000000
0100000000000000
0100000000000000
0100000000000000
0100000000000000
0100000000000000
0100000000000000
0100000000000000
0100000000000000
0100000000000000
0100000000000000
0100000000000000
0100000000000000
0100000000000000
0100000000000000
0100000000000000
0100000000000000
0100000000000000
0100000000000000
00fe000100000001
00fe000100000001
00fe000100000001
00fd000100010001
00fd000100010001
00fc000100010001
00fb000100010001
00fa000200010001
00f9000200010002
00f7000200010002
00f6000200010002
00f4000300020003
00f2000300020003
00ec000400030003
00ea000400030004
00e6000500040006
00e0000700040006
00da000800050008
00d5000900060009
00d000090007000a
00c8000c0007000b
00c3000c0009000d
00ba000e0009000e
00b00010000b000f
00a60011000c0010
009b0013000f0013
0091001400100014
0086001600120016
007a001800150018
006f00190016001a
0064001a0019001b
0059001c001a001e
004d001c001c001f
0042001d001e0021
0038001f00200023
002f001f00210024
0027001d00240024
001f001e00270024
0018001d00280025
0012001e00290026
000e001c002a0024
000a001a002b0024
00060019002c0023
00050018002c0022
00030017002d0022
00010016002e0021
00000015002d0020
00000015002c001f
00000014002b001e
00000015002a001c
000000150029001d
000000160027001c
000000160025001b
000000170023001b
000000190022001a
00000019001f0019
0000001c001d001a
0000001c001b0019
0000001d00190019
0001001e00170017
0002002000140018
0003002000120017
0004002100110017
00040022000f0016
00050022000e0016
00060023000d0015
00060023000c0015
00070023000b0014
00080023000a0014
00080023000a0014
000a002300090013
000c002300090013
000f002300090013
0012002200090013
0016002200090012
001a002200090012
0020002100090012
0029001f00090012
0030001e00080011
0039001c00080011
0042001b00080010
004c001a0008000f
005700190007000e
006100170007000d
006c00160006000c
007700130006000b
008000120005000b
008b00110005000a
0095000f00050009
00a0000e00050008
00a8000d00040007
0100000000000000
0100000000000000
0100000000000000
0100000000000000
0100000000000000
0100000000000000
0100000000000000
0100000000000000
0100000000000000
0100000000000000
0100000000000000
0100000000000000
0100000000000000
0100000000000000
0100000000000000
0100000000000000
0100000000000000
0100000000000000
0100000000000000
0100000000000000
0100000000000000
0100000000000000
0100000000000000
0100000000000000
0100000000000000
0100000000000000
0100000000000000
0100000000000000
0100000000000000
0100000000000000
0100000000000000
0100000000000000
0100000000000000
0100000000000000
0100000000000000
0100000000000000
0100000000000000
0100000000000000
00fe000100000001
00fe000100000001
00fd000100010001
00fd000100010001
00fc000100010001
00fb000100010001
00fa000200010001
00f9000200010002
00f8000200010002
00f7000200010002
00f5000300020003
00f3000300020003
00ef000300030003
00eb000400030004
00e7000500040005
00e4000500040006
00de000700040007
00d9000800050008
00d200090006000a
00cc000a0007000a
00c5000c0008000c
00bf000d0009000d
00b6000e000b000f
00ab000f000b0010
00a20011000d0012
00960014000f0013
008c001500100015
0080001700130017
0075001800160019
006a00190017001a
005f001a0019001d
0053001c001c001f
0048001d001d0020
003e001d001e0021
0034001d00210022
002a001d00240023
0023001e00250025
001c001c00270025
0015001c00280024
0010001c00290023
000d001a002a0023
0008001a002b0022
00060019002b0022
00040017002c0022
00020016002d0020
00010015002c0020
00000015002b001f
00000014002a001d
000000160029001d
000000160028001c
000000160026001b
000000160024001b
000000180022001a
000000180020001a
0000001a001e0019
0000001a001c0018
0000001c001b0019
0000001d00180018
0001001e00160017
0002002000130016
0002002000110017
0003002100110016
00040022000f0016
00040022000d0016
00050023000c0014
00050024000b0014
00060024000b0014
00070023000a0014
00080023000a0014
000a0023000a0014
000c002300090013
000e002300090013
0012002300090012
0017002200090012
001c002100090013
0024002000090012
002b001f00080012
0032001e00080011
003c001d00080010
0046001b00080010
005100190007000f
005a00180007000e
006400170007000e
007000150006000c
007a00140005000b
008500110005000a
009000100005000a
0099000f00050009
00a2000e00040008
00ac000c00040007
0100000000000000
0100000000000000
0100000000000000
0100000000000000
0100000000000000
0100000000000000
0100000000000000
0100000000000000
0100000000000000
0100000000000000
0100000000000000
0100000000000000
0100000000000000
0100000000000000
0100000000000000
0100000000000000
0100000000000000
0100000000000000
0100000000000000
0100000000000000
0100000000000000
0100000000000000
0100000000000000
0100000000000000
0100000000000000
0100000000000000
0100000000000000
0100000000000000
0100000000000000
0100000000000000
0100000000000000
0100000000000000
0100000000000000
0100000000000000
0100000000000000
0100000000000000
0100000000000000
0100000000000000
00fe000100000001
00fe000100000001
00fe000100000001
00fd000100010001
00fc000100010001
00fc000100010001
00fb000100010001
00fa000200010001
00f9000200010002
00f7000200010002
00f6000200010002
00f4000300020003
00f0000300030003
00ee000400030003
00e9000400030005
00e6000500040006
00e1000600040006
00db000800050007
00d6000900060008
00d000090007000a
00c8000b0007000b
00c3000c0009000d
00b9000d0009000e
00b0000f000b000f
00a70011000d0011
009c0012000e0012
0093001300100014
0086001600120017
007c001700130017
007000180016001b
006500190017001c
0059001b0019001e
004f001b001c001f
0045001b001e0020
003a001c00210021
0031001d00220022
0028001d00240023
0020001c00260024
0019001c00270023
0013001c00290023
000f001a00290023
000b0019002a0022
00080019002a0022
00050018002b0021
00030018002b0020
00020017002b001f
00010016002a001f
000000160029001e
000000160029001d
000000160028001c
000000160025001b
000000170023001b
000000180022001a
0000001900200019
0000001a001d0019
0000001b001b0019
0000001d001a0018
0000001d00170018
0001001f00150018
0001002000130016
0002002100120016
0003002200100015
00030023000f0015
00040022000d0015
00040023000c0015
00050024000b0014
00060023000b0014
00070023000a0014
00080023000a0014
000a0023000a0014
000c0024000a0014
000f0023000a0014
00140022000a0013
00180022000a0014
001f0021000a0013
00250020000a0013
002d001f00080011
0035001e00080011
003f001c00080010
0049001b0008000f
005300190007000f
005e00170007000e
006900160007000d
007300140007000c
007e00130005000b
008900120005000a
0092000f00050009
009c000e00050009
00a7000d00040007
00af000c00040007
0100000000000000
0100000000000000
0100000000000000
0100000000000000
0100000000000000
0100000000000000
0100000000000000
0100000000000000
0100000000000000
0100000000000000
0100000000000000
0100000000000000
0100000000000000
0100000000000000
0100000000000000
0100000000000000
0100000000000000
0100000000000000
0100000000000000
0100000000000000
0100000000000000
0100000000000000
0100000000000000
0100000000000000
0100000000000000
0100000000000000
0100000000000000
0100000000000000
0100000000000000
0100000000000000
0100000000000000
0100000000000000
0100000000000000
0100000000000000
0100000000000000
0100000000000000
0100000000000000
0100000000000000
0100000000000000
00fe000100000001
00fe000100000001
00fd000100010001
00fd000100010001
00fc000100010001
00fb000100010001
00fa000200010001
00f9000200010002
00f8000200010002
00f7000200010002
00f5000300020003
00f3000300020003
00ef000300030003
00ed000400030004
00e9000500040005
00e3000500040006
00df000600040007
00d9000800060007
00d3000900060009
00cc000b0007000a
00c5000c0009000d
00be000c0009000d
00b4000e000b000f
00ab0010000c0010
00a30011000e0011
00970013000f0014
008e001400110015
0081001600130017
007700170014001a
006b00170017001b
0060001a0018001c
0055001a001a001d
004a001b001c0020
0040001b001f0020
0035001c00210022
002d001b00240023
0025001d00240022
001e001b00270022
0017001b00270022
0012001b00280022
000d001900290021
000a001800290022
00070019002a0020
00050018002a0020
00030017002a001f
000200160029001e
000000170028001e
000000170028001d
000000160027001c
000000170024001b
000000180022001a
000000180021001a
00000019001f001a
0000001b001d0019
0000001b001a0018
0000001d001a0019
0000001e00170018
0001001f00150017
0001001f00130016
0002002000120016
0002002200100016
00030021000e0015
00040022000d0014
00050023000c0015
00050023000c0015
00060023000b0014
00070023000b0014
00090023000a0014
000b0023000a0014
000d0023000a0014
00110022000a0014
00140022000a0014
001b0021000a0014
00210020000a0013
0029001f00090012
0030001e00090012
0039001d00090011
0042001c00080010
004c001a0007000f
005600190007000e
006100170007000e
006d00150007000d
007800140006000c
008100120006000b
008d00110005000a
0096001000050009
00a0000e00040009
00aa000c00040008
00b3000b00040006
0100000000000000
0100000000000000
0100000000000000
0100000000000000
0100000000000000
0100000000000000
0100000000000000
0100000000000000
0100000000000000
0100000000000000
0100000000000000
0100000000000000
0100000000000000
0100000000000000
0100000000000000
0100000000000000
0100000000000000
0100000000000000
0100000000000000
0100000000000000
0100000000000000
0100000000000000
0100000000000000
0100000000000000
0100000000000000
0100000000000000
0100000000000000
0100000000000000
0100000000000000
0100000000000000
0100000000000000
0100000000000000
0100000000000000
0100000000000000
0100000000000000
0100000000000000
0100000000000000
0100000000000000
0100000000000000
00fe000100000001
00fe000100000001
00fe000100000001
00fd000100010001
00fc000100010001
00fc000100010001
00fb000100010001
00fa000200010001
00f9000200010002
00f7000200010002
00f6000200010002
00f4000300020003
00f0000300030003
00ee000400030003
00eb000400030005
00e7000500040006
00e1000500040006
00dc000600060007
00d7000700060008
00d0000a00070009
00c8000b0007000a
00c0000c0009000d
00ba000d000a000d
00b0000f000b000f
00a60010000c0011
009d0012000e0012
00940012000f0014
0089001400120017
007d001600140018
0072001600150019
006600180017001b
005b0019001a001d
0051001a001d001e
0046001b001e001f
003c001b00210020
0033001b00210021
002a001c00240021
0022001c00240021
001c001a00260022
0016001a00270021
0011001a00280021
000d001900290020
0009001800290020
000700180029001f
000400180029001e
000300180029001e
000100170028001d
000000160026001c
000000170025001b
000000180024001c
000000190022001a
000000180020001a
0000001a001e0019
0000001a001c0018
0000001d001a0019
0000001e00180018
0000001e00170017
0001001f00140017
0001001f00120017
0002002000110016
0003002100100016
00030021000e0015
00040022000d0014
00050022000c0015
00050023000c0015
00070023000b0014
00080023000b0014
00090024000a0014
000b0023000a0014
000e0023000a0014
00130022000a0014
00180021000a0014
001d0021000a0013
00240020000a0013
002b001e00090012
0034001d00090012
003d001c00090011
0046001b00090010
0050001900080010
005b00180007000e
006600160007000d
007000140007000c
007a00130006000c
008600120006000b
009000100005000a
009b000f00050009
00a4000d00040008
00ae000c00040008
00b6000b00040006
0100000000000000
0100000000000000
0100000000000000
0100000000000000
0100000000000000
0100000000000000
0100000000000000
0100000000000000
0100000000000000
0100000000000000
0100000000000000
0100000000000000
0100000000000000
0100000000000000
0100000000000000
0100000000000000
0100000000000000
0100000000000000
0100000000000000
0100000000000000
0100000000000000
0100000000000000
0100000000000000
0100000000000000
0100000000000000
0100000000000000
0100000000000000
0100000000000000
0100000000000000
0100000000000000
0100000000000000
0100000000000000
0100000000000000
0100000000000000
0100000000000000
0100000000000000
0100000000000000
0100000000000000
0100000000000000
0100000000000000
00fe000100000001
00fe000100000001
00fd000100010001
00fd000100010001
00fc000100010001
00fb000100010001
00fa000200010001
00f9000200010002
00f8000200010002
00f7000200010002
00f5000300020003
00f1000300030003
00ef000300030003
00ed000400030004
00ea000400030005
00e6000500040006
00df000600040007
00d9000700060007
00d5000800060008
00cc000a00070009
00c6000b0008000b
00be000d0009000c
00b6000e000a000d
00ad0010000c000f
00a30011000e0011
00990012000f0013
008f001400110016
0084001400120017
0079001500150019
006e00170016001a
006300180018001b
00570019001b001d
004c001a001d001e
0042001b001f0020
0039001b0021001f
002f001a00230020
0028001b00230021
0020001a00250021
001a001900260020
0014001a00270021
0010001900280021
000c001800280020
0008001800280020
000600170028001f
000400170027001e
000200170027001e
000100180026001d
000000180024001c
000000180023001b
000000180022001b
0000001a001f001a
0000001a001d0019
0000001c001b001a
0000001d001a0018
0000001d00170018
0000001e00160018
0000002000140017
0001002000130017
0002002100110016
0002002100100016
00030021000e0015
00040021000d0015
00050022000d0014
00050022000c0015
00070022000b0014
00080022000b0014
000a0023000b0014
000d0023000b0013
00110022000b0014
00150021000b0014
001a0021000b0013
001f0020000b0013
0027001f000a0012
002e001e00090012
0037001c00090011
0040001b00090011
004a001a00080010
005400190008000f
006000170007000d
006a00160007000d
007500140006000c
008000120006000b
008a00110006000b
009400100005000a
009e000e00040008
00a7000d00040008
00b1000b00040007
00b9000a00040007
0100000000000000
0100000000000000
0100000000000000
0100000000000000
0100000000000000
0100000000000000
0100000000000000
0100000000000000
0100000000000000
0100000000000000
0100000000000000
0100000000000000
0100000000000000
0100000000000000
0100000000000000
0100000000000000
0100000000000000
0100000000000000
0100000000000000
0100000000000000
0100000000000000
0100000000000000
0100000000000000
0100000000000000
0100000000000000
0100000000000000
0100000000000000
0100000000000000
0100000000000000
0100000000000000
0100000000000000
0100000000000000
0100000000000000
0100000000000000
0100000000000000
0100000000000000
0100000000000000
0100000000000000
0100000000000000
0100000000000000
00fe000100000001
00fe000100000001
00fe000100000001
00fd000100010001
00fd000100010001
00fc000100010001
00fb000100010001
00fa000200010001
00f9000200010002
00f8000200010002
00f6000200010002
00f2000300030003
00f0000300030003
00ee000400030003
00ec000400030005
00e8000500040005
00e4000500040006
00df000600050007
00d6000700060007
00d1000800060008
00ca000a0008000a
00c1000d0008000b
00bb000d000a000c
00b3000e000b000e
00aa0010000d000f
00a00010000e0011
0095001200100013
008c001300110015
007f001500130017
0074001600150018
006a001700180019
005f0018001a001a
00540019001c001c
0049001a001e001d
003e001a0020001e
003600190021001f
002d001a00230020
0025001a0023001f
001e001a0025001f
0018001900250020
001400190027001f
000f00190027001f
000b00180026001f
000800180027001e
000600180026001e
000400180025001d
000200180025001d
000100180023001b
0000001a0022001a
000000190021001a
0000001a001f001a
0000001c001d0019
0000001c001a0019
0000001d00190019
0000001d00180018
0000001f00150018
0001002000130016
0001002000130016
0002002100110016
0003002100100016
00030021000e0015
00040022000d0015
00050022000d0014
00060023000c0014
00070023000c0015
00090023000c0014
000b0022000b0014
000f0022000b0014
00120022000b0014
00170021000b0013
001c0020000b0013
0023001f000a0012
002a001e000a0012
0032001d000a0011
003a001d000b0012
0044001b000a0011
004e001a00090010
005900180008000f
006300160008000e
006e00150007000c
007900140006000c
008400110006000b
008e00100006000a
0099000f0006000a
00a3000e00040008
00ab000d00040008
00b5000b00040007
00bd000a00040006
0100000000000000
0100000000000000
0100000000000000
0100000000000000
0100000000000000
0100000000000000
0100000000000000
0100000000000000
0100000000000000
0100000000000000
0100000000000000
0100000000000000
0100000000000000
0100000000000000
0100000000000000
0100000000000000
0100000000000000
0100000000000000
0100000000000000
0100000000000000
0100000000000000
0100000000000000
0100000000000000
0100000000000000
0100000000000000
0100000000000000
0100000000000000
0100000000000000
0100000000000000
0100000000000000
0100000000000000
0100000000000000
0100000000000000
0100000000000000
0100000000000000
0100000000000000
0100000000000000
0100000000000000
0100000000000000
0100000000000000
0100000000000000
00fe000100000001
00fe000100000001
00fd000100010001
00fd000100010001
00fc000100010001
00fb000100010001
00fb000100010001
00fa000200010001
00f8000200010002
00f7000200010002
00f5000300020003
00f2000300030003
00f0000300030003
00ed000400030004
00ea000400030005
00e6000500040006
00e1000600050006
00db000600060007
00d6000700060008
00cd000a00060009
00c7000b0008000a
00bf000c0009000b
00b7000e000a000c
00ae000f000b000e
00a6000f000d0010
009b0010000e0012
0091001200100014
0086001400120014
007c001500140016
006f001500170018
0065001800180019
005a0018001a001b
00500017001c001c
00460019001e001d
003c0019001f001d
003300190021001f
002a001a0022001f
0023001900230020
001d00190025001f
001700190025001f
0012001a0025001f
000e00190026001f
000a00190026001d
000800190025001d
000500190025001c
000300180024001c
000200190022001b
000100190021001b
000100190020001a
0000001b001e001a
0000001b001c0019
0000001c001b0019
0000001e00190019
0000001e00170017
0001001f00150017
0001002000130016
0002002000130016
0002002100110016
0003002100100016
00040021000e0015
00050021000e0015
00050022000d0014
00070022000d0014
00080022000c0014
000b0022000c0015
000e0022000c0015
00110021000c0015
00150021000c0014
001a0020000c0014
001f001f000b0014
0026001e000a0012
002d001d000a0012
0035001d000b0012
003e001c000b0011
0047001b000a0011
00520019000a0010
005d00180009000f
006800160008000e
007300140007000d
007d00130006000b
008700120006000b
0093000f0006000a
009d000e00050009
00a7000d00040008
00ae000c00040007
00b9000a00040007
00c0000900040006
0100000000000000
0100000000000000
0100000000000000
0100000000000000
0100000000000000
0100000000000000
0100000000000000
0100000000000000
0100000000000000
0100000000000000
0100000000000000
0100000000000000
0100000000000000
0100000000000000
0100000000000000
0100000000000000
0100000000000000
0100000000000000
0100000000000000
0100000000000000
0100000000000000
0100000000000000
0100000000000000
0100000000000000
0100000000000000
0100000000000000
0100000000000000
0100000000000000
0100000000000000
0100000000000000
0100000000000000
0100000000000000
0100000000000000
0100000000000000
0100000000000000
0100000000000000
0100000000000000
0100000000000000
0100000000000000
0100000000000000
0100000000000000
00fe000100000001
00fe000100000001
00fe000100000001
00fd000100010001
00fd000100010001
00fc000100010001
00fb000100010001
00fa000200010001
00f9000200010002
00f8000200010002
00f6000200010002
00f3000200020002
00f1000300030003
00ee000300030004
00ec000400030005
00e9000400030005
00e5000500040006
00dd000600050007
00da000600060007
00d3000900060008
00cd000a0008000a
00c4000b0008000a
00bd000c0009000b
00b4000d000b000d
00ac000e000c000f
00a1000f000e0011
00980011000f0012
008c001200110013
0082001400130015
0077001300150017
006c001600170018
006100160019001a
00570017001b001a
004c0018001d001b
00420018001e001d
00390018001f001d
003000180021001d
002900190021001e
002200190024001f
001c00190024001e
001600190024001e
001100180024001e
000d00190024001d
000a00190024001d
000800190024001c
000500190022001c
000400190021001c
000300190020001a
0002001b001f001a
0001001b001d0019
0001001b001b0018
0000001d001b0018
0000001e00190018
0001001e00170017
0001001f00150017
0002001f00130016
0002002000120016
0003002000110016
0003002100100016
00040022000f0015
00050021000e0015
00060022000d0015
00090022000d0014
000a0022000d0015
000c0022000c0015
000f0021000c0015
00130021000c0014
00170020000c0014
001c001f000b0014
0023001e000b0013
0029001e000c0014
0031001d000c0013
0038001c000c0013
0042001b000a0011
004c001a000a0010
00570018000a0010
006100170009000f
006c00160008000e
007700130007000d
008300120006000b
008d00110006000a
0098000f0006000a
00a2000e00050009
00ac000c00040007
00b3000b00040007
00bc000a00040006
00c3000900040006
0100000000000000
0100000000000000
0100000000000000
0100000000000000
0100000000000000
0100000000000000
0100000000000000
0100000000000000
0100000000000000
0100000000000000
0100000000000000
0100000000000000
0100000000000000
0100000000000000
0100000000000000
0100000000000000
0100000000000000
0100000000000000
0100000000000000
0100000000000000
0100000000000000
0100000000000000
0100000000000000
0100000000000000
0100000000000000
0100000000000000
0100000000000000
0100000000000000
0100000000000000
0100000000000000
0100000000000000
0100000000000000
0100000000000000
0100000000000000
0100000000000000
0100000000000000
0100000000000000
0100000000000000
0100000000000000
0100000000000000
0100000000000000
0100000000000000
00fe000100000001
00fe000100000001
00fe000100000001
00fd000100010001
00fc000100010001
00fc000100010001
00fb000100010001
00fa000200010001
00f9000200010002
00f7000200010002
00f4000200020002
00f2000300030003
00ef000300030004
00ed000400030004
00eb000400030005
00e5000500040005
00e1000500040006
00dd000600050006
00d7000800060007
00d0000900070009
00ca000a0008000a
00c3000b0009000b
00b9000c000a000d
00b0000d000c000e
00a8000d000c0010
009e000f000e0011
0093001100100012
0089001200130014
007e001300140014
0073001400160017
0068001500170018
005d001600190019
00540016001b001a
00490018001c001c
003f0018001e001c
00360018001e001c
002e00190020001d
002700190021001d
002000190023001e
001a00190023001d
001500180023001e
001000180022001d
000d00190022001d
000a00190022001d
000700190021001b
000500190020001b
0004001b0020001b
0003001b001e001a
0002001b001c001a
0002001b001b0019
0001001d001a0018
0001001d00180018
0002001e00160017
0002001f00150017
0002001f00130016
0002002000120016
0003002000110016
0004002100100015
00050021000f0016
00070021000e0015
00080022000e0015
000a0022000d0015
000c0021000d0015
000e0021000d0015
00120021000d0014
00150020000d0014
001a001f000c0014
001f001f000d0014
0025001f000d0014
002d001d000c0013
0035001c000c0013
003e001b000b0012
0047001a000b0011
00510019000a0010
005b0017000a000f
00660016000a000e
007100150008000e
007c00140008000d
008600110007000b
009200100006000a
009b000e00050009
00a5000d00050009
00ae000c00050008
00b6000b00040007
00bf000a00040006
00c7000800030006
0100000000000000
0100000000000000
0100000000000000
0100000000000000
0100000000000000
0100000000000000
0100000000000000
0100000000000000
0100000000000000
0100000000000000
0100000000000000
0100000000000000
0100000000000000
0100000000000000
0100000000000000
0100000000000000
0100000000000000
0100000000000000
0100000000000000
0100000000000000
0100000000000000
0100000000000000
0100000000000000
0100000000000000
0100000000000000
0100000000000000
0100000000000000
0100000000000000
0100000000000000
0100000000000000
0100000000000000
0100000000000000
0100000000000000
0100000000000000
0100000000000000
0100000000000000
0100000000000000
0100000000000000
0100000000000000
0100000000000000
0100000000000000
0100000000000000
0100000000000000
00fe000100000001
00fe000100000001
00fd000100010001
00fd000100010001
00fc000100010001
00fb000100010001
00fb000100010001
00fa000200010001
00f8000200010002
00f7000200010002
00f3000200020002
00f2000300030003
00ef000300030004
00ec000400030004
00e7000400030005
00e3000500040006
00de000600050006
00da000700050007
00d3000900060007
00ce000a00070009
00c7000a0009000a
00bf000b0009000c
00b8000c000a000d
00ae000c000c000e
00a3000e000d0010
00990010000f0012
0090001100110012
0084001200130014
007c001200140016
006f001400170017
0064001500180017
005a0016001a0018
004f0016001b001a
00460017001c001b
003d0018001d001b
003400180020001d
002c00190020001c
002500180021001d
001f00190021001c
001900190022001d
001400190022001d
001000190021001c
000d00190021001c
000a00190020001b
0007001b001f001a
0006001b001f001b
0004001a001d0019
0004001b001b0019
0003001d001a0019
0002001e00190018
0002001e00170018
0003001e00160017
0003001f00140017
0003001f00130016
0004001f00110016
0004002000110016
0006002100100015
00070022000f0015
00080022000f0014
00090021000e0016
000b0021000e0015
000d0021000e0015
00100020000d0015
00140020000d0014
0018001f000c0014
001d001e000c0013
0023001f000d0014
0029001e000d0013
0031001d000d0013
0039001c000d0012
0042001a000b0011
004c0019000b0011
00560018000b0010
00610016000a000f
006c00150009000e
007700140008000d
008100120007000c
008b00110007000b
0096000f00050009
009f000e00050009
00a9000c00050008
00b2000b00050008
00bb000a00040006
00c3000800030006
00c9000800030005
0100000000000000
0100000000000000
0100000000000000
0100000000000000
0100000000000000
0100000000000000
0100000000000000
0100000000000000
0100000000000000
0100000000000000
0100000000000000
0100000000000000
0100000000000000
0100000000000000
0100000000000000
0100000000000000
0100000000000000
0100000000000000
0100000000000000
0100000000000000
0100000000000000
0100000000000000
0100000000000000
0100000000000000
0100000000000000
0100000000000000
0100000000000000
0100000000000000
0100000000000000
0100000000000000
0100000000000000
0100000000000000
0100000000000000
0100000000000000
0100000000000000
0100000000000000
0100000000000000
0100000000000000
0100000000000000
0100000000000000
0100000000000000
0100000000000000
0100000000000000
00fe000100000001
00fe000100000001
00fe000100000001
00fd000100010001
00fd000100010001
00fc000100010001
00fb000100010001
00fa000200010001
00f9000200010002
00f8000200010002
00f5000200020002
00f3000200020002
00f0000300030004
00ee000300030004
00ea000400030004
00e6000400030005
00e1000600050006
00de000600050006
00d7000800050007
00d2000900070008
00cb000a00070009
00c3000a0009000b
00bb000b000a000d
00b3000d000b000d
00ab000d000c000f
00a1000f000e0010
0097001000100011
008c001100120014
0082001200130014
0078001300150015
006d001400160016
0062001500180019
0058001500190019
004d0017001b0019
00450017001c001b
003c0018001d001b
00330018001f001c
002b00180020001c
002500190020001d
001e00190020001c
001900190021001c
001500190021001b
001100190020001b
000d001b001f001b
000b001b001e001b
0009001a001e001a
0007001b001d001a
0006001c001a0019
0005001d00190019
0005001e00190017
0004001e00170018
0005001f00160017
0004002000140017
0005001f00130016
0005002000120016
0006002100110016
0007002100110015
0008002100100015
00090021000f0016
000b0021000f0015
000d0021000f0015
00100020000e0015
00120020000e0015
0017001f000d0014
001b001e000d0014
0020001f000e0015
0026001e000d0014
002e001d000d0014
0035001c000d0012
003e001a000c0012
00470019000c0011
00510018000b0010
005b0017000b0010
006600160009000e
007100140009000d
007a00130009000d
008600120008000c
009100100007000b
009a000f0006000a
00a4000e00050008
00ad000c00050008
00b6000b00050008
00be000a00040006
00c7000800030006
00cd000700030005
0100000000000000
0100000000000000
0100000000000000
0100000000000000
0100000000000000
0100000000000000
0100000000000000
0100000000000000
0100000000000000
0100000000000000
0100000000000000
0100000000000000
0100000000000000
0100000000000000
0100000000000000
0100000000000000
0100000000000000
0100000000000000
0100000000000000
0100000000000000
0100000000000000
0100000000000000
0100000000000000
0100000000000000
0100000000000000
0100000000000000
0100000000000000
0100000000000000
0100000000000000
0100000000000000
0100000000000000
0100000000000000
0100000000000000
0100000000000000
0100000000000000
0100000000000000
0100000000000000
0100000000000000
0100000000000000
0100000000000000
0100000000000000
0100000000000000
0100000000000000
0100000000000000
00fe000100000001
00fe000100000001
00fe000100000001
00fd000100010001
00fc000100010001
00fc000100010001
00fb000100010001
00fa000200010001
00f9000200010002
00f6000200020002
00f4000200020002
00f3000200020002
00ee000300030003
00eb000300030004
00e9000400030004
00e4000500030005
00df000600050006
00db000600050006
00d6000800050007
00ce000900070009
00c900090008000a
00c0000a000a000c
00b8000c000a000c
00b1000c000b000d
00a7000d000e000f
009e000f000f0010
0094001000100012
0089001100120013
007d001200140015
0075001300150015
006a001400170017
0060001500180018
00540015001a0018
004b0017001a0019
00410017001c001a
00390017001d001b
00310018001e001b
002a0018001e001b
00230019001e001b
001e00190020001c
001800190020001b
0014001a001f001b
0011001b001e001b
000e001a001e001a
000c001a001d001a
0009001b001c001a
0008001c001a0018
0007001d00180019
0006001d00180018
0006001e00170018
0006001f00150018
0006002000140017
0006001f00130016
0007002000120016
0008002000110016
0008002100110017
0009002100110016
000b002100100016
000c002100100016
000f0021000f0016
00120020000e0015
00150020000e0014
0019001f000e0014
001e001e000e0015
0024001e000e0014
002b001d000e0014
0031001c000e0013
003a001b000c0013
0042001a000c0011
004c0018000c0010
00550017000c0010
00610016000a000f
006a0015000a000f
007600130009000d
008000120009000c
008b00110008000c
0096000f0006000a
009e000e0006000a
00a8000d00050008
00b1000b00050008
00ba000a00050007
00c1000900030007
00ca000700030005
00d0000700030005
0100000000000000
0100000000000000
0100000000000000
0100000000000000
0100000000000000
0100000000000000
0100000000000000
0100000000000000
0100000000000000
0100000000000000
0100000000000000
0100000000000000
0100000000000000
0100000000000000
0100000000000000
0100000000000000
0100000000000000
0100000000000000
0100000000000000
0100000000000000
0100000000000000
0100000000000000
0100000000000000
0100000000000000
0100000000000000
0100000000000000
0100000000000000
0100000000000000
0100000000000000
0100000000000000
0100000000000000
0100000000000000
0100000000000000
0100000000000000
0100000000000000
0100000000000000
0100000000000000
0100000000000000
0100000000000000
0100000000000000
0100000000000000
0100000000000000
0100000000000000
0100000000000000
0100000000000000
00fe000100000001
00fe000100000001
00fd000100010001
00fd000100010001
00fc000100010001
00fc000100010001
00fb000100010001
00fa000200010001
00f9000200010002
00f5000200020002
00f4000200020002
00ef000300030003
00ed000300030004
00e9000400030004
00e6000500030005
00e2000500040005
00de000600050006
00d9000700050006
00d3000800060009
00cc000900070009
00c500090008000a
00bc000b0009000c
00b6000c000b000c
00ad000c000d000e
00a4000f000e000e
009a000f00100011
0090001000110011
0085001100120012
007b001100130014
0070001300150016
0066001400160017
005b001500180017
0052001500190018
00480016001b0019
003f0017001c001a
00370017001c001a
002f0018001d001a
00290018001d001a
00220018001e001b
001d0019001e001b
0018001a001d001a
0015001a001d001b
0011001a001c0019
000e001b001c0019
000c001c001b0019
000a001d001a0019
0009001d00180018
0008001d00180018
0008001e00170018
0008001e00150017
0007001f00140018
0008001f00130017
0008001f00120017
0009002000110016
000a002000110016
000b002000100016
000d002000100015
000f0020000f0015
00110020000f0015
0015001f000f0015
0019001f000e0015
001c001f000f0016
0022001e000f0014
0028001e000f0014
002f001c000e0013
0036001b000d0013
003e001a000d0012
00470019000d0012
00510017000c0010
005a0016000c000f
00660015000a000f
00700014000a000e
007b00130009000d
008500110009000c
008f00100008000b
009a000e0006000a
00a4000d00060009
00ad000c00050008
00b6000a00050007
00bd000900050007
00c6000900030005
00cc000700030005
00d2000600030005
0100000000000000
0100000000000000
0100000000000000
0100000000000000
0100000000000000
0100000000000000
0100000000000000
0100000000000000
0100000000000000
0100000000000000
0100000000000000
0100000000000000
0100000000000000
0100000000000000
0100000000000000
0100000000000000
0100000000000000
0100000000000000
0100000000000000
0100000000000000
0100000000000000
0100000000000000
0100000000000000
0100000000000000
0100000000000000
0100000000000000
0100000000000000
0100000000000000
0100000000000000
0100000000000000
0100000000000000
0100000000000000
0100000000000000
0100000000000000
0100000000000000
0100000000000000
0100000000000000
0100000000000000
0100000000000000
0100000000000000
0100000000000000
0100000000000000
0100000000000000
0100000000000000
0100000000000000
00fe000100000001
00fe000100000001
00fe000100000001
00fd000100010001
00fd000100010001
00fc000100010001
00fb000100010001
00fb000100010001
00fa000200010001
00f6000200020002
00f5000200020002
00f1000200020002
00ef000300030003
00eb000400030004
00e8000500030004
00e5000500030005
00e1000500040005
00dc000700050006
00d6000700060008
00d0000800060009
00c8000a00080009
00c2000a0009000b
00ba000b0009000b
00b2000b000c000c
00a9000d000d000d
00a0000e000e0010
00960010000f0010
008b001000110012
0081001100130013
0077001100140014
006c001300150015
0063001400160017
0058001500190017
004f001600190017
00460016001a0019
003d0017001b0018
00350017001c0019
002d0019001b001a
00270019001d001a
00220019001c001a
001c001a001c0019
0018001a001c001a
0014001a001b0019
0011001b001b0019
000f001b001a0019
000d001d00190019
000c001c00170018
000b001c00170018
000a001d00160018
0009001e00150017
0009001f00140017
000a001e00130017
000a001f00120017
000b001f00120016
000c001f00110016
000d001f00100016
0010001f00100016
0011001f00100015
0015001f000f0015
0018001e000f0015
001b001f00100015
0020001e00100015
0026001d00100015
002c001d000f0014
0034001c000e0013
003b001b000e0012
00440019000d0012
004d0017000d0011
00570016000c0010
00610015000b000f
006b0014000b000e
00760013000a000e
00800012000a000d
008b00110008000c
0096000f0008000b
009f000e00060009
00a8000d00060009
00b1000c00050007
00b9000a00050007
00c2000900040007
00c9000800040005
00cf000600030005
00d5000600030005
0100000000000000
0100000000000000
0100000000000000
0100000000000000
0100000000000000
0100000000000000
0100000000000000
0100000000000000
0100000000000000
0100000000000000
0100000000000000
0100000000000000
0100000000000000
0100000000000000
0100000000000000
0100000000000000
0100000000000000
0100000000000000
0100000000000000
0100000000000000
0100000000000000
0100000000000000
0100000000000000
0100000000000000
0100000000000000
0100000000000000
0100000000000000
0100000000000000
0100000000000000
0100000000000000
0100000000000000
0100000000000000
0100000000000000
0100000000000000
0100000000000000
0100000000000000
0100000000000000
0100000000000000
0100000000000000
0100000000000000
0100000000000000
0100000000000000
0100000000000000
0100000000000000
0100000000000000
0100000000000000
00fe000100000001
00fe000100000001
00fe000100000001
00fd000100010001
00fd000100010001
00fc000100010001
00fb000100010001
00fa000200010001
00f9000200010002
00f4000200010002
00f3000200010002
00f1000200020002
00ed000400030004
00e9000400030004
00e6000500030004
00e4000500040005
00df000500040006
00d9000700050007
00d4000700060008
00cd000900060009
00c6000900080009
00bf000a0009000b
00b6000b000b000b
00ae000c000b000e
00a4000e000e000e
009c000f000f000f
0092000f00100010
0087001000110012
007d001100120013
0073001300130013
0069001400140015
005f001400170016
0056001500180017
004c001600190017
00430017001a0017
003b0017001a0019
00340018001a0019
002d0019001c0018
00270019001b0019
00210019001b0019
001c001a001b0019
0019001a001a0018
0015001b001a0019
0013001b00190018
0010001b00180018
000f001c00180018
000e001c00160017
000d001d00160017
000c001e00150017
000c001e00140017
000c001f00130016
000c001e00130017
000d001f00120017
000f001f00110016
0010001f00110016
0012001f00100016
0015001e00100016
0017001e00100015
001b001e00110015
0020001e00110015
0024001d00100015
002a001c00100014
0031001c000f0014
0038001b000e0013
0041001a000e0013
004a0018000e0011
00530016000d0010
005c0016000c0010
00670014000b000f
00700013000b000e
007b0012000a000d
00850011000a000d
009000100008000b
009a000f0008000b
00a3000d00060009
00ac000c00060009
00b5000b00060008
00be000900040007
00c5000800040006
00cc000800040005
00d2000600030005
00d8000500030004
0100000000000000
0100000000000000
0100000000000000
0100000000000000
0100000000000000
0100000000000000
0100000000000000
0100000000000000
0100000000000000
0100000000000000
0100000000000000
0100000000000000
0100000000000000
0100000000000000
0100000000000000
0100000000000000
0100000000000000
0100000000000000
0100000000000000
0100000000000000
0100000000000000
0100000000000000
0100000000000000
0100000000000000
0100000000000000
0100000000000000
0100000000000000
0100000000000000
0100000000000000
0100000000000000
0100000000000000
0100000000000000
0100000000000000
0100000000000000
0100000000000000
0100000000000000
0100000000000000
0100000000000000
0100000000000000
0100000000000000
0100000000000000
0100000000000000
0100000000000000
0100000000000000
0100000000000000
0100000000000000
0100000000000000
00fe000100000001
00fe000100000001
00fe000100000001
00fd000100010001
00fd000100010001
00fc000100010001
00fb000100010001
00fa000200010001
00f5000200010001
00f4000200010002
00f1000300020002
00ef000300020002
00ec000400030004
00e9000400030004
00e4000500040004
00e1000500040006
00dd000600040006
00d6000700060008
00d0000800060008
00ca000900070008
00c3000900090009
00bb000b000a000a
00b2000b000b000c
00ab000c000c000d
00a1000e000d000e
0098000e000f000f
008d001000100011
0084001100110011
0079001100120012
0070001300130013
0066001400150014
005b001500170016
0052001500180016
004a001600170017
0041001700180017
003a0018001a0018
00320019001a0018
002c0019001a0019
00260019001a0018
0021001a001a0019
001d001a001a0018
0019001b00190018
0016001c00190017
0014001b00180018
0012001c00170018
0010001d00160018
000f001d00160017
000f001d00150017
000e001e00140017
000f001e00130016
000f001e00130016
0010001e00120016
0011001e00120016
0013001e00110015
0016001e00110015
0018001d00110015
001b001e00110016
0020001d00110016
0024001d00110015
002a001c00100014
002f001b00100014
0036001a000f0013
003e001a000f0013
00460018000f0012
004f0018000e0011
00580017000d0010
00620015000c000f
006d0013000b000f
00770012000b000d
00810011000b000d
008a00100009000c
0095000f0009000c
009e000e0008000a
00a8000d0007000a
00b1000b00060008
00b8000a00050008
00c1000a00040006
00c9000800040006
00cf000700040005
00d5000600030004
00da000500030004
0100000000000000
0100000000000000
0100000000000000
0100000000000000
0100000000000000
0100000000000000
0100000000000000
0100000000000000
0100000000000000
0100000000000000
0100000000000000
0100000000000000
0100000000000000
0100000000000000
0100000000000000
0100000000000000
0100000000000000
0100000000000000
0100000000000000
0100000000000000
0100000000000000
0100000000000000
0100000000000000
0100000000000000
0100000000000000
0100000000000000
0100000000000000
0100000000000000
0100000000000000
0100000000000000
0100000000000000
0100000000000000
0100000000000000
0100000000000000
0100000000000000
0100000000000000
0100000000000000
0100000000000000
0100000000000000
0100000000000000
0100000000000000
0100000000000000
0100000000000000
0100000000000000
0100000000000000
0100000000000000
0100000000000000
0100000000000000
00fe000100000001
00fe000100000001
00fd000100010001
00fd000100010001
00fc000100010001
00fc000100010001
00fb000100010001
00f6000100010001
00f5000200010001
00f3000300010002
00f1000300020002
00ed000300020003
00eb000400030004
00e7000400030004
00e3000500040005
00df000500040005
00da000600040006
00d4000800060007
00ce000800070008
00c7000800080008
00c0000a0009000a
00b8000a000b000b
00af000b000b000c
00a6000c000c000d
009d000e000d000e
0094000f000e000f
008a0010000f0010
0080001000100011
0077001100110013
006d001300130013
0062001400140015
0059001500150015
0050001500170016
0048001600170016
0040001700190017
0039001700180017
0032001800180017
002c001900190017
0026001a00190018
0022001900180017
001e001a00180018
001b001b00180017
0018001b00170018
0016001c00170017
0014001d00160018
0013001c00150017
0012001d00150016
0012001d00140017
0012001e00140017
0012001e00130016
0013001d00130016
0015001d00120016
0016001d00120016
0019001d00110015
001c001c00110015
0020001d00120015
0024001c00120015
0029001c00100015
002e001b00100014
0035001a00100014
003b001900100013
00430018000f0012
004c0017000f0011
00550017000d0011
005e0016000d000f
00680013000c000f
00710012000c000e
007c0011000b000d
00870010000a000c
0090000f0009000c
009c000e0008000a
00a4000c00070009
00ad000b00060008
00b5000b00060008
00bd000a00050008
00c4000900040006
00cb000700040006
00d3000600040005
00d7000500030004
00dd000500030004
0100000000000000
0100000000000000
0100000000000000
0100000000000000
0100000000000000
0100000000000000
0100000000000000
0100000000000000
0100000000000000
0100000000000000
0100000000000000
0100000000000000
0100000000000000
0100000000000000
0100000000000000
0100000000000000
0100000000000000
0100000000000000
0100000000000000
0100000000000000
0100000000000000
0100000000000000
0100000000000000
0100000000000000
0100000000000000
0100000000000000
0100000000000000
0100000000000000
0100000000000000
0100000000000000
0100000000000000
0100000000000000
0100000000000000
0100000000000000
0100000000000000
0100000000000000
0100000000000000
0100000000000000
0100000000000000
0100000000000000
0100000000000000
0100000000000000
0100000000000000
0100000000000000
0100000000000000
0100000000000000
0100000000000000
0100000000000000
0100000000000000
00fe000100000001
00fe000100000001
00fd000100010001
00fd000100010001
00fc000100010001
00fa000100010001
00f9000100010001
00f6000100010001
00f4000300010001
00f1000300020002
00ef000300020003
00ed000300020003
00ea000400030004
00e4000400040005
00e1000500040005
00dc000700040005
00d6000700050007
00d2000700050007
00cb000800080008
00c4000900080008
00bc000a0009000a
00b4000b000a000b
00ac000b000c000c
00a2000e000d000c
0099000e000e000f
0091000f000f000f
00860010000f0010
007c001000110011
0073001100130012
0069001300130013
0060001400140014
0057001500150014
004e001600160015
0046001600180016
003f001700170016
0037001800170017
0032001800170017
002c001900180018
0027001900160017
0023001a00170018
001f001b00170017
001c001b00170017
001a001b00160017
0018001c00160017
0016001d00150018
0016001c00140016
0016001d00140016
0015001d00140016
0016001c00130016
0017001c00130016
0018001c00130016
001a001c00120015
001d001d00130016
0020001c00130016
0024001c00120015
0029001b00110015
002e001b00110014
0034001a00110014
003b001900100013
0041001800100013
004a001700100011
00520016000e0011
005b0016000e0010
00650014000d0010
006e0013000d000e
00780011000c000e
00820010000a000c
008c000f000a000c
0096000e0009000b
00a0000d0009000b
00a8000d00080009
00b0000b00070008
00b9000a00050008
00c2000900040006
00c9000800040006
00d0000700040005
00d5000500040004
00da000500030004
00e0000400030004
0100000000000000
0100000000000000
0100000000000000
0100000000000000
0100000000000000
0100000000000000
0100000000000000
0100000000000000
0100000000000000
0100000000000000
0100000000000000
0100000000000000
0100000000000000
0100000000000000
0100000000000000
0100000000000000
0100000000000000
0100000000000000
0100000000000000
0100000000000000
0100000000000000
0100000000000000
0100000000000000
0100000000000000
0100000000000000
0100000000000000
0100000000000000
0100000000000000
0100000000000000
0100000000000000
0100000000000000
0100000000000000
0100000000000000
0100000000000000
0100000000000000
0100000000000000
0100000000000000
0100000000000000
0100000000000000
0100000000000000
0100000000000000
0100000000000000
0100000000000000
0100000000000000
0100000000000000
0100000000000000
0100000000000000
0100000000000000
0100000000000000
00fe000100000001
00fe000100000001
00fe000100000001
00fd000100010001
00fd000100010001
00fa000100010001
00fa000100010001
00f6000200010001
00f5000200010001
00f2000300020001
00f1000300020002
00ee000300020003
00eb000300020004
00e7000400030005
00e3000400040005
00df000500040005
00da000600040005
00d5000700050007
00ce000700070007
00c8000900080008
00c100090009000a
00ba000a0009000a
00b1000b000a000a
00a9000c000b000c
009f000d000c000d
0096000e000e000e
008c0010000f000e
0083001000100010
0079001100120010
0070001200130012
0066001400130012
005d001400140014
0055001500140014
004c001600160016
0045001600160015
003d001700160016
0037001800170016
0031001900170016
002c001900160016
0028001900170017
0024001a00170016
0021001a00160016
001f001b00160017
001c001c00150017
001b001c00150016
001a001d00140017
001a001c00130016
001a001c00130016
001a001c00130015
001b001c00130015
001d001c00140016
001f001c00130016
0021001c00120016
0026001b00120016
0029001b00120015
002e001a00120014
0034001a00110014
003a001900110013
0040001800110013
0048001700100012
00500016000f0012
00590015000e0010
00610015000e0010
006b0013000d000f
00740012000d000e
007e0010000b000d
0088000f000a000d
0092000f000a000b
009b000e0009000b
00a5000d0009000b
00ae000b00070008
00b6000a00060008
00bc000900050007
00c5000900050007
00cc000800040006
00d3000600040004
00d6000600040004
00dd000400030004
00e2000400030004
0100000000000000
0100000000000000
0100000000000000
0100000000000000
0100000000000000
0100000000000000
0100000000000000
0100000000000000
0100000000000000
0100000000000000
0100000000000000
0100000000000000
0100000000000000
0100000000000000
0100000000000000
0100000000000000
0100000000000000
0100000000000000
0100000000000000
0100000000000000
0100000000000000
0100000000000000
0100000000000000
0100000000000000
0100000000000000
0100000000000000
0100000000000000
0100000000000000
0100000000000000
0100000000000000
0100000000000000
0100000000000000
0100000000000000
0100000000000000
0100000000000000
0100000000000000
0100000000000000
0100000000000000
0100000000000000
0100000000000000
0100000000000000
0100000000000000
0100000000000000
0100000000000000
0100000000000000
0100000000000000
0100000000000000
0100000000000000
0100000000000000
0100000000000000
00fe000100000001
00fe000100000001
00fe000100000001
00fd000100010001
00fb000100000001
00fa000100010001
00f9000200010001
00f6000200010001
00f4000200010001
00f2000300020001
00ef000300020003
00ed000300020004
00e9000300020004
00e4000400040005
00e1000500040005
00dc000600040005
00d7000600060006
00d2000700060006
00cb000800070008
00c5000800070008
00be000a00090009
00b5000a000a000a
00ad000b000a000c
00a4000b000b000c
009b000e000c000d
0093000f000d000e
0088000f000f000f
007f001000100010
0075001100110011
006d001200110012
0064001400120012
005b001500130013
0053001500140014
004b001600150014
0043001700150016
003d001800160016
0037001800160016
0032001800150016
002d001900160016
0029001a00160016
0026001a00160016
0023001b00150017
0022001b00150016
0020001c00150016
001f001c00140016
001e001c00140016
001f001b00130016
001f001d00130016
0021001d00130016
0022001b00130016
0025001b00130015
0027001b00130015
002b001a00120015
002f001a00120015
0035001900120014
003a001800120013
0040001800110013
0047001700110012
004e0016000f0012
00570015000f0011
005f0014000f0010
00670013000e000f
00720012000d000f
007b0012000c000e
0085000f000b000d
008e000f000a000d
0096000e000a000b
00a0000d0009000b
00a9000c0009000a
00b1000a00060008
00ba000a00050007
00c2000900050007
00c7000800050007
00d0000800040004
00d5000500040004
00da000500040004
00df000400030004
00e4000400030003
0100000000000000
0100000000000000
0100000000000000
0100000000000000
0100000000000000
0100000000000000
0100000000000000
0100000000000000
0100000000000000
0100000000000000
0100000000000000
0100000000000000
0100000000000000
0100000000000000
0100000000000000
0100000000000000
0100000000000000
0100000000000000
0100000000000000
0100000000000000
0100000000000000
0100000000000000
0100000000000000
0100000000000000
0100000000000000
0100000000000000
0100000000000000
0100000000000000
0100000000000000
0100000000000000
0100000000000000
0100000000000000
0100000000000000
0100000000000000
0100000000000000
0100000000000000
0100000000000000
0100000000000000
0100000000000000
0100000000000000
0100000000000000
0100000000000000
0100000000000000
0100000000000000
0100000000000000
0100000000000000
0100000000000000
0100000000000000
0100000000000000
0100000000000000
0100000000000000
00fe000100000001
00fe000100000001
00fe000100000001
00fb000100000001
00fb000100000001
00f9000200010001
00f7000200010001
00f5000200010001
00f3000200020001
00f1000300020001
00ee000300020004
00ea000300020004
00e7000300020004
00e3000400030004
00df000500040005
00da000600050005
00d3000700060006
00cf000700060007
00c8000800070008
00c2000900070008
00b9000900080009
00b1000b000a000b
00a9000b000b000c
00a0000c000b000c
0098000e000c000e
008d000f000e000e
0085000f000f000f
007c001000100010
0073001100100010
006a001200110012
0062001300120012
005a001500120013
0052001600140014
004a001600140014
0043001700150014
003d001700140014
0038001800140015
0034001900140014
002f001a00150015
002c001900150015
002a001a00150015
0027001b00150016
0025001b00150016
0024001b00140016
0024001c00140016
0024001c00140016
0024001c00140016
0026001c00130015
0028001b00130015
002b001a00130015
002d001a00130015
0031001900130015
0036001900120014
003b001800120014
0041001700120013
0047001700100012
004d001600100012
0055001500100011
005d0014000f0011
00660013000f000f
006e0012000e000f
00780012000c000f
00810011000c000d
008a000f000b000d
0095000e000a000c
009d000d000a000b
00a7000c0009000a
00ae000a00070009
00b7000a00060007
00bd000900060007
00c5000800050007
00cc000800050007
00d2000700040004
00d7000600040004
00de000400040004
00e2000400030004
00e7000300030003
0100000000000000
0100000000000000
0100000000000000
0100000000000000
0100000000000000
0100000000000000
0100000000000000
0100000000000000
0100000000000000
0100000000000000
0100000000000000
0100000000000000
0100000000000000
0100000000000000
0100000000000000
0100000000000000
0100000000000000
0100000000000000
0100000000000000
0100000000000000
0100000000000000
0100000000000000
0100000000000000
0100000000000000
0100000000000000
0100000000000000
0100000000000000
0100000000000000
0100000000000000
0100000000000000
0100000000000000
0100000000000000
0100000000000000
0100000000000000
0100000000000000
0100000000000000
0100000000000000
0100000000000000
0100000000000000
0100000000000000
0100000000000000
0100000000000000
0100000000000000
0100000000000000
0100000000000000
0100000000000000
0100000000000000
0100000000000000
0100000000000000
0100000000000000
0100000000000000
0100000000000000
00fe000100000001
00fe000100000001
00fc000000000000
00fb000100000001
00fa000200000001
00f8000200010001
00f6000200010001
00f5000200010001
00f2000200020001
00ef000300020003
00ec000300020004
00e9000300020004
00e4000400030004
00e1000400030004
00dc000500040004
00d6000700060006
00d1000700060007
00cd000700060007
00c5000800070007
00be000900080009
00b6000a0008000a
00ae000a0009000a
00a6000b000a000b
009d000d000b000d
0093000f000d000e
008b000f000e000e
00820010000f000f
00790011000f0010
0071001200100011
0068001300110012
005f001400120013
0058001400130012
0051001500120012
004b001600130014
0044001700130014
003e001800130015
003a001800130014
0036001800140014
0032001900150015
002f001900140015
002d001a00140015
002b001a00140015
002a001b00140016
0029001b00140016
002a001b00140016
002a001b00140016
002c001b00130015
002e001b00130015
0031001900130014
0034001900130014
0037001800130014
003c001800130014
0041001700120013
0047001600110013
004d001600110012
0055001500100011
005c001400100011
00650013000f0010
006d0012000f000f
00750012000d000f
007f0011000c000e
00890010000c000d
0090000e000b000c
009b000d000a000c
00a4000b00090009
00ab000a00080009
00b3000a00070009
00bb000900060007
00c2000800060007
00c8000800050007
00d0000700050005
00d5000700040004
00db000400040004
00df000400040004
00e4000400030003
00e9000300030003
0100000000000000
0100000000000000
0100000000000000
0100000000000000
0100000000000000
0100000000000000
0100000000000000
0100000000000000
0100000000000000
0100000000000000
0100000000000000
0100000000000000
0100000000000000
0100000000000000
0100000000000000
0100000000000000
0100000000000000
0100000000000000
0100000000000000
0100000000000000
0100000000000000
0100000000000000
0100000000000000
0100000000000000
0100000000000000
0100000000000000
0100000000000000
0100000000000000
0100000000000000
0100000000000000
0100000000000000
0100000000000000
0100000000000000
0100000000000000
0100000000000000
0100000000000000
0100000000000000
0100000000000000
0100000000000000
0100000000000000
0100000000000000
0100000000000000
0100000000000000
0100000000000000
0100000000000000
0100000000000000
0100000000000000
0100000000000000
0100000000000000
0100000000000000
0100000000000000
0100000000000000
0100000000000000
00fe000100000001
00fc000000000000
00fb000100000000
00fa000200000001
00f9000200000001
00f6000200010001
00f6000200010001
00f3000200020001
00f0000200020002
00ee000200020003
00ea000400020003
00e6000400020004
00e3000400030004
00de000400040004
00d9000600040004
00d4000700060007
00ce000700060007
00c8000800070007
00c3000800070007
00ba000900080009
00b3000a00090009
00ab000b0009000a
00a3000c000a000c
0099000d000b000c
0091000e000c000d
0089000f000d000e
007f0010000e000e
00770011000e0010
006f0011000f0010
0066001200100010
005f001300110012
0058001400120012
0051001500120013
004a001700120013
0046001700120012
0041001700130014
003c001800130014
0039001800140014
0036001900140015
0033001900140015
0032001900140015
0031001a00140015
0030001a00140015
0031001a00140015
0031001a00140015
0033001a00130014
0034001900130014
0037001900130014
003b001800130014
003e001700130013
0043001700120013
0049001600110013
004f001500110012
0055001500110011
005c001400100011
0064001300100010
006b0012000f0010
00740011000e000e
007d0011000d000e
00860010000c000e
008d000f000c000c
0097000d000b000c
00a0000b0009000a
00a7000c000a000a
00b0000a00070009
00b8000900070008
00c0000800060007
00c6000800050007
00cd000700050006
00d3000700040004
00d8000600040004
00dd000400040004
00e2000400040003
00e6000300030003
00ea000300020003
0100000000000000
0100000000000000
0100000000000000
0100000000000000
0100000000000000
0100000000000000
0100000000000000
0100000000000000
0100000000000000
0100000000000000
0100000000000000
0100000000000000
0100000000000000
0100000000000000
0100000000000000
0100000000000000
0100000000000000
0100000000000000
0100000000000000
0100000000000000
0100000000000000
0100000000000000
0100000000000000
0100000000000000
0100000000000000
0100000000000000
0100000000000000
0100000000000000
0100000000000000
0100000000000000
0100000000000000
0100000000000000
0100000000000000
0100000000000000
0100000000000000
0100000000000000
0100000000000000
0100000000000000
0100000000000000
0100000000000000
0100000000000000
0100000000000000
0100000000000000
0100000000000000
0100000000000000
0100000000000000
0100000000000000
0100000000000000
0100000000000000
0100000000000000
0100000000000000
0100000000000000
0100000000000000
0100000000000000
00fc000000000000
00fb000100000000
00fb000100000000
00f9000200000001
00f9000200000001
00f5000200010001
00f4000200010002
00f1000200020002
00ef000200020003
00ec000300020003
00e8000400020003
00e4000400030004
00e0000400040004
00dc000500040004
00d7000600040005
00d1000700060007
00ca000800060007
00c4000800070007
00be000900070008
00b7000900080009
00af000a00090009
00a7000c0009000a
009e000d000b000b
0096000e000c000c
008e000f000c000e
00850010000d000e
007e0011000e000e
00760011000e0010
006d0012000f0010
0066001300100011
005f001400110011
0058001500110012
0052001500120012
004c001500120012
0047001600120013
0043001700120013
0040001800120013
003d001800130013
003b001800130013
0039001900140015
0038001900130014
0037001900140015
0037001900140015
0038001900130014
0039001900130014
003c001800130013
003e001800130013
0042001700120013
0047001600120013
004b001600120013
0050001500110012
0056001400110012
005c001400110011
0064001300100010
006b001200100010
00730011000e000f
007b0010000e000e
00840010000d000e
008c000f000c000d
0095000e000c000c
009e000b000a000a
00a5000c000a000b
00ad000a00080009
00b5000900070008
00bc000900070008
00c4000800060007
00ca000700060006
00d1000700050005
00d6000700040004
00dc000500040004
00e0000400040003
00e4000300040003
00e9000300020003
00eb000300020003
0100000000000000
0100000000000000
0100000000000000
0100000000000000
0100000000000000
0100000000000000
0100000000000000
0100000000000000
0100000000000000
0100000000000000
0100000000000000
0100000000000000
0100000000000000
0100000000000000
0100000000000000
0100000000000000
0100000000000000
0100000000000000
0100000000000000
0100000000000000
0100000000000000
0100000000000000
0100000000000000
0100000000000000
0100000000000000
0100000000000000
0100000000000000
0100000000000000
0100000000000000
0100000000000000
0100000000000000
0100000000000000
0100000000000000
0100000000000000
0100000000000000
0100000000000000
0100000000000000
0100000000000000
0100000000000000
0100000000000000
0100000000000000
0100000000000000
0100000000000000
0100000000000000
0100000000000000
0100000000000000
0100000000000000
0100000000000000
0100000000000000
0100000000000000
0100000000000000
0100000000000000
0100000000000000
0100000000000000
00fe000000000000
00fb000100000000
00fb000100000000
00fa000100000000
00f9000200000001
00f6000200000001
00f5000200000002
00f2000200020002
00ef000200020002
00ed000300020003
00e9000300020003
00e6000400020003
00e1000400040004
00dd000500040004
00d9000600040005
00d4000600040005
00cd000700050006
00c7000700060006
00c0000900070008
00bb000900070008
00b3000a00080009
00ac000b0009000a
00a4000b000a000a
009c000c000b000b
0094000d000b000c
008c000f000c000d
0084000f000d000d
007b0011000d000e
00740011000e000f
006c0013000f0010
0066001200100010
005f001300100010
0059001400110011
0054001400110012
004f001500110012
004b001600120013
0047001600120013
0044001600120013
0042001700120013
0040001700130013
003f001700130013
003e001800130013
003e001800130013
003f001800130013
0041001800120013
0043001700120013
0046001600120013
0049001600120013
004e001500120012
0053001500120012
0058001400110012
005e001300110011
0065001300100010
006b001200100010
00730011000f000f
007b0010000e000f
00820010000e000e
008a000f000d000d
0093000e000c000d
009c000b000a000a
00a2000b000a000a
00ac000a00080009
00b2000900080008
00ba000900070008
00c1000800060007
00c7000800060006
00cd000700050006
00d4000700050005
00d8000600050005
00dd000500040004
00e3000300040003
00e6000300040003
00ea000300020003
00ed000300010003
0100000000000000
0100000000000000
0100000000000000
0100000000000000
0100000000000000
0100000000000000
0100000000000000
0100000000000000
0100000000000000
0100000000000000
0100000000000000
0100000000000000
0100000000000000
0100000000000000
0100000000000000
0100000000000000
0100000000000000
0100000000000000
0100000000000000
0100000000000000
0100000000000000
0100000000000000
0100000000000000
0100000000000000
0100000000000000
0100000000000000
0100000000000000
0100000000000000
0100000000000000
0100000000000000
0100000000000000
0100000000000000
0100000000000000
0100000000000000
0100000000000000
0100000000000000
0100000000000000
0100000000000000
0100000000000000
0100000000000000
0100000000000000
0100000000000000
0100000000000000
0100000000000000
0100000000000000
0100000000000000
0100000000000000
0100000000000000
0100000000000000
0100000000000000
0100000000000000
0100000000000000
0100000000000000
0100000000000000
00fe000000000000
00fd000100000000
00fb000100000000
00fa000100000000
00fa000100000000
00f9000100000000
00f5000200000002
00f4000200000002
00f0000200020002
00ee000300020002
00eb000300020003
00e7000300030003
00e4000300030003
00de000500040004
00db000500040005
00d6000700040005
00d0000700050006
00ca000700050006
00c5000800050007
00be000800060007
00b6000a00080009
00b0000b0008000a
00a8000b000a000a
00a1000c000a000a
0099000d000b000c
0091000e000b000c
008a000f000c000d
00820010000d000e
007a0011000d000e
00730012000e000f
006c0012000f0010
00670013000f0010
0061001300100010
005c001400100011
0056001500110011
0052001500110012
004f001500110012
004c001600110013
0049001600120013
0048001600120013
0047001600120013
0047001500110012
0047001500110012
0047001600120013
0049001500110012
004c001400110012
004f001400110011
0051001500120012
0056001400120012
005b001400110012
0060001300110011
0066001200110010
006d0012000f0010
00730011000f000f
007a0010000e000f
00820010000e000d
0089000f000d000d
0092000d000c000c
0099000c000b000b
00a0000b000a000a
00aa000a0009000a
00b1000900080008
00b7000900080008
00bf000800070008
00c5000800060006
00cb000700060006
00d1000700050005
00d8000600050005
00db000500040004
00e0000500040003
00e5000300040003
00e9000300030003
00eb000300020003
00ef000200010003
0100000000000000
0100000000000000
0100000000000000
0100000000000000
0100000000000000
0100000000000000
0100000000000000
0100000000000000
0100000000000000
0100000000000000
0100000000000000
0100000000000000
0100000000000000
0100000000000000
0100000000000000
0100000000000000
0100000000000000
0100000000000000
0100000000000000
0100000000000000
0100000000000000
0100000000000000
0100000000000000
0100000000000000
0100000000000000
0100000000000000
0100000000000000
0100000000000000
0100000000000000
0100000000000000
0100000000000000
0100000000000000
0100000000000000
0100000000000000
0100000000000000
0100000000000000
0100000000000000
0100000000000000
0100000000000000
0100000000000000
0100000000000000
0100000000000000
0100000000000000
0100000000000000
0100000000000000
0100000000000000
0100000000000000
0100000000000000
0100000000000000
0100000000000000
0100000000000000
0100000000000000
0100000000000000
0100000000000000
00fe000000000000
00fd000100000000
00fc000100000000
00fc000100000000
00fa000100000000
00f9000100000000
00f6000100000001
00f3000200000002
00f2000200000002
00ee000300020002
00ec000300020003
00e8000300030003
00e5000300030003
00e0000400040004
00dc000500040004
00d7000700040004
00d3000700040005
00cd000700050006
00c7000800050007
00c1000800060007
00ba000900060007
00b4000a00070008
00ad000a00070009
00a5000c000a000a
009e000c0009000a
0097000d000b000c
008f000e000b000c
00890010000c000d
00810010000d000e
007a0011000d000e
00740012000f000f
006e0012000f000f
00680013000f0010
0063001300100010
005f001400100011
0059001400100011
0056001500110011
0054001400100011
0052001400100011
0050001400100011
004f001400100012
004f001400110011
004f001400110011
0050001400110011
0052001400110011
0054001400110011
0057001300110011
005a001300110011
005f001200100010
0063001200100010
0069001100100010
006f0010000e000e
00750011000f000f
007c000f000e000e
0082000e000d000d
008a000e000d000c
0091000d000c000c
0098000c000b000b
00a0000c000b000a
00a7000a0009000a
00ad000900090009
00b6000900080008
00bc000800070008
00c3000800070008
00c9000700060006
00d0000700060005
00d5000600050005
00da000500050005
00de000500040003
00e3000300040003
00e8000300030003
00eb000300020003
00ee000300010003
00f1000200010003
0100000000000000
0100000000000000
0100000000000000
0100000000000000
0100000000000000
0100000000000000
0100000000000000
0100000000000000
0100000000000000
0100000000000000
0100000000000000
0100000000000000
0100000000000000
0100000000000000
0100000000000000
0100000000000000
0100000000000000
0100000000000000
0100000000000000
0100000000000000
0100000000000000
0100000000000000
0100000000000000
0100000000000000
0100000000000000
0100000000000000
0100000000000000
0100000000000000
0100000000000000
0100000000000000
0100000000000000
0100000000000000
0100000000000000
0100000000000000
0100000000000000
0100000000000000
0100000000000000
0100000000000000
0100000000000000
0100000000000000
0100000000000000
0100000000000000
0100000000000000
0100000000000000
0100000000000000
0100000000000000
0100000000000000
0100000000000000
0100000000000000
0100000000000000
0100000000000000
0100000000000000
0100000000000000
0100000000000000
00fd000100000000
00fd000100000000
00fc000100000000
00fc000100000000
00fc000100000000
00f9000100000000
00f8000100000001
00f4000100000001
00f2000200000002
00ef000300010002
00ed000300020002
00ea000300030003
00e6000300030003
00e2000400030004
00de000400040004
00d9000500040004
00d5000600040004
00d0000700040004
00c9000800050007
00c4000800050007
00be000900060007
00b7000a00060007
00b0000a00070009
00aa000b00080009
00a3000c00090009
009b000c0009000a
0096000d000a000b
008e000e000a000b
0087000f000b000c
00810010000b000d
007b0010000c000d
00750011000d000e
00700011000e000e
006b0012000e000f
00650012000e000f
00610013000f0010
005f0013000f0010
005c0013000f0010
0059001300100010
0058001400100011
0058001400100011
0057001400100011
0058001300100011
0058001300100011
005b001300100011
005c001300100011
0060001200100010
0064001200100010
0067001100100010
006b001100100010
00710010000e000e
0077000f000e000e
007c000f000e000e
0084000e000d000d
008b000e000d000c
0091000d000c000c
0097000c000c000b
009e000c000b000b
00a6000b000a000a
00ac000900090009
00b4000900080009
00ba000800080008
00c2000800070008
00c7000700070007
00cd000700060005
00d4000500060005
00d9000500050005
00dc000500050004
00e1000400040003
00e6000300030003
00e9000300030003
00ed000300010003
00ef000200010003
00f2000200010003
0100000000000000
0100000000000000
0100000000000000
0100000000000000
0100000000000000
0100000000000000
0100000000000000
0100000000000000
0100000000000000
0100000000000000
0100000000000000
0100000000000000
0100000000000000
0100000000000000
0100000000000000
0100000000000000
0100000000000000
0100000000000000
0100000000000000
0100000000000000
0100000000000000
0100000000000000
0100000000000000
0100000000000000
0100000000000000
0100000000000000
0100000000000000
0100000000000000
0100000000000000
0100000000000000
0100000000000000
0100000000000000
0100000000000000
0100000000000000
0100000000000000
0100000000000000
0100000000000000
0100000000000000
0100000000000000
0100000000000000
0100000000000000
0100000000000000
0100000000000000
0100000000000000
0100000000000000
0100000000000000
0100000000000000
0100000000000000
0100000000000000
0100000000000000
0100000000000000
0100000000000000
0100000000000000
0100000000000000
00fd000100000000
00fd000100000000
00fc000100000000
00fc000100000000
00fc000100000000
00fb000100000000
00f7000100000001
00f4000100000001
00f3000100000001
00f0000300000002
00ee000300010002
00eb000300020003
00e8000300030003
00e4000400030004
00e0000400030004
00db000500040004
00d6000500040004
00d2000600040004
00ce000700040005
00c8000800050006
00c0000900050007
00bb000a00060007
00b4000a00060008
00ae000b00080009
00a8000b00080009
00a1000c0009000a
009b000d0009000a
0094000d000a000b
008e000e000a000c
0088000f000b000c
00820010000b000c
007c0011000b000e
00770011000d000e
00720011000d000e
006e0012000e000e
006a0012000e000f
00660012000e000f
00640013000f0010
00620013000f0010
00600013000f0010
00600013000f0010
005f001300100010
0060001200100010
0061001200100010
0063001200100010
0065001200100010
0068001100100010
006c001100100010
006f0010000f000e
00750010000e000e
0079000f000e000e
0080000f000e000d
0084000e000d000d
008b000d000d000d
0091000d000d000c
0098000c000c000b
009e000c000b000b
00a6000b000a000a
00ad000900090009
00b3000900090009
00ba000800080008
00c0000800080008
00c5000700070007
00cc000700060005
00d2000500060005
00d7000500050005
00da000500050004
00e0000400050004
00e4000400030003
00e7000300030003
00eb000300030003
00ee000200010003
00f1000200010003
00f4000100010002
0100000000000000
0100000000000000
0100000000000000
0100000000000000
0100000000000000
0100000000000000
0100000000000000
0100000000000000
0100000000000000
0100000000000000
0100000000000000
0100000000000000
0100000000000000
0100000000000000
0100000000000000
0100000000000000
0100000000000000
0100000000000000
0100000000000000
0100000000000000
0100000000000000
0100000000000000
0100000000000000
0100000000000000
0100000000000000
0100000000000000
0100000000000000
0100000000000000
0100000000000000
0100000000000000
0100000000000000
0100000000000000
0100000000000000
0100000000000000
0100000000000000
0100000000000000
0100000000000000
0100000000000000
0100000000000000
0100000000000000
0100000000000000
0100000000000000
0100000000000000
0100000000000000
0100000000000000
0100000000000000
0100000000000000
0100000000000000
0100000000000000
0100000000000000
0100000000000000
0100000000000000
0100000000000000
0100000000000000
00fd000100000000
00fd000100000000
00fc000100000000
00fc000100000000
00fb000100000000
00fa000100000001
00f9000100000001
00f6000100000001
00f3000100000001
00f1000200000001
00ef000200010001
00ec000300020002
00e9000300020003
00e4000400030004
00e1000400030004
00dc000500040004
00d8000500040004
00d5000500040004
00d0000700040005
00c9000700050006
00c4000900050006
00be000900050006
00b9000a00060007
00b2000b00070008
00ad000b00080009
00a6000c0008000a
00a0000c0009000a
0099000d0009000a
0094000d0009000b
008e000e000a000c
0089000e000a000c
00830010000b000c
007d0011000b000e
007a0011000d000e
00760011000d000e
00730011000d000e
006f0012000e000e
006d0012000e000f
006b0012000e000f
006a0012000f000f
00690012000f000f
00690012000f000f
00690012000f000f
006a0011000f000f
006c0011000f000f
006f0011000f000f
00710010000e000e
00750010000e000e
007a000f000e000e
007e000f000e000e
0083000e000e000d
0087000e000d000d
008d000d000d000d
0092000d000d000c
0099000c000c000b
009f000b000c000b
00a6000b000a000b
00ab000a000a0009
00b2000900090009
00b8000800080009
00bf000800080007
00c4000700080006
00ca000700070006
00d0000500060005
00d5000500060005
00da000500050004
00de000400050004
00e3000400030003
00e6000400030003
00e9000300030003
00ed000200020003
00ef000200010003
00f3000100010002
00f5000100010001
0100000000000000
0100000000000000
0100000000000000
0100000000000000
0100000000000000
0100000000000000
0100000000000000
0100000000000000
0100000000000000
0100000000000000
0100000000000000
0100000000000000
0100000000000000
0100000000000000
0100000000000000
0100000000000000
0100000000000000
0100000000000000
0100000000000000
0100000000000000
0100000000000000
0100000000000000
0100000000000000
0100000000000000
0100000000000000
0100000000000000
0100000000000000
0100000000000000
0100000000000000
0100000000000000
0100000000000000
0100000000000000
0100000000000000
0100000000000000
0100000000000000
0100000000000000
0100000000000000
0100000000000000
0100000000000000
0100000000000000
0100000000000000
0100000000000000
0100000000000000
0100000000000000
0100000000000000
0100000000000000
0100000000000000
0100000000000000
0100000000000000
0100000000000000
0100000000000000
0100000000000000
0100000000000000
0100000000000000
00fd000100000000
00fd000100000000
00fc000100000000
00fc000100000000
00fb000100000000
00fa000100000001
00f9000100000001
00f8000100000001
00f6000200000001
00f1000200000001
00f0000200000001
00ed000200020001
00ea000300020002
00e6000400020004
00e3000400020004
00df000400030004
00da000500040004
00d6000500040004
00d2000600040005
00cd000700040005
00c8000800050006
00c2000800050006
00bd000a00050007
00b7000900060007
00b1000b00070007
00ab000c00080008
00a6000c00080009
009e000d0009000a
009a000d0009000a
0093000e0009000c
008f000e000a000c
008a000e000a000c
00860010000b000c
00800010000b000d
007e0011000b000e
007a0011000d000e
00780011000d000e
00750011000e000e
00740011000e000e
00730011000e000f
00730011000e000f
00730011000e000f
00730011000f000f
00740011000e000f
00760010000e000e
00780010000e000e
007a000f000e000e
007e000f000e000e
0081000f000e000d
0085000e000d000d
0089000e000d000d
008f000d000d000d
0094000c000d000b
009a000c000c000b
00a0000b000b000b
00a5000b000a000b
00ab000a000a0009
00b3000900090009
00b8000800090008
00be000800080007
00c4000700080006
00ca000600070006
00ce000500070006
00d4000500060005
00d8000500060004
00dd000400050004
00e0000400050004
00e5000400030003
00e8000300030003
00ec000200020003
00ee000200020003
00f0000200010003
00f4000100010001
00f6000100010001
0100000000000000
0100000000000000
0100000000000000
0100000000000000
0100000000000000
0100000000000000
0100000000000000
0100000000000000
0100000000000000
0100000000000000
0100000000000000
0100000000000000
0100000000000000
0100000000000000
0100000000000000
0100000000000000
0100000000000000
0100000000000000
0100000000000000
0100000000000000
0100000000000000
0100000000000000
0100000000000000
0100000000000000
0100000000000000
0100000000000000
0100000000000000
0100000000000000
0100000000000000
0100000000000000
0100000000000000
0100000000000000
0100000000000000
0100000000000000
0100000000000000
0100000000000000
0100000000000000
0100000000000000
0100000000000000
0100000000000000
0100000000000000
0100000000000000
0100000000000000
0100000000000000
0100000000000000
0100000000000000
0100000000000000
0100000000000000
0100000000000000
0100000000000000
0100000000000000
0100000000000000
0100000000000000
0100000000000000
00fd000100000000
00fd000100000000
00fc000100000000
00fc000100000000
00fb000100000000
00fa000100000001
00f9000100000001
00f8000100000001
00f6000200000001
00f3000200000001
00f0000200000001
00ee000200010001
00eb000200020001
00e7000300020003
00e5000400020004
00e1000400020004
00dd000500020004
00d8000500040004
00d4000600040005
00cf000600040005
00ca000800040005
00c5000800050006
00c1000900050006
00ba000900050007
00b5000a00070007
00b0000a00070007
00a9000c00080009
00a4000c00080009
009f000d00080009
009b000d00090009
0095000e0009000a
0091000e000a000b
008d000e000a000b
0089000f000a000b
00850010000b000c
00820010000b000d
007f0010000c000d
007d0010000c000d
007c0010000c000d
007a0010000d000d
007a0010000d000d
007b0010000d000d
007b0010000d000e
007d0010000d000e
007e000f000d000e
0081000f000d000e
0083000f000d000d
0087000e000d000d
008a000e000d000d
008e000d000d000d
0092000d000d000c
0097000c000d000b
009c000c000c000b
00a1000b000b000b
00a7000b000a000a
00ac000a000a0009
00b3000900090008
00b8000800090008
00bd000800080008
00c3000700080006
00c9000600070006
00ce000500070006
00d3000500060005
00d6000500060005
00dc000400060004
00df000400050004
00e4000400040004
00e7000400030003
00ea000300020003
00ee000200020003
00f0000200010003
00f3000100010002
00f5000100010001
00f6000100010001
0100000000000000
0100000000000000
0100000000000000
0100000000000000
0100000000000000
0100000000000000
0100000000000000
0100000000000000
0100000000000000
0100000000000000
0100000000000000
0100000000000000
0100000000000000
0100000000000000
0100000000000000
0100000000000000
0100000000000000
0100000000000000
0100000000000000
0100000000000000
0100000000000000
0100000000000000
0100000000000000
0100000000000000
0100000000000000
0100000000000000
0100000000000000
0100000000000000
0100000000000000
0100000000000000
0100000000000000
0100000000000000
0100000000000000
0100000000000000
0100000000000000
0100000000000000
0100000000000000
0100000000000000
0100000000000000
0100000000000000
0100000000000000
0100000000000000
0100000000000000
0100000000000000
0100000000000000
0100000000000000
0100000000000000
0100000000000000
0100000000000000
0100000000000000
0100000000000000
0100000000000000
0100000000000000
0100000000000000
00fd000100000000
00fd000100000000
00fc000100000000
00fc000100000000
00fb000100000000
00fa000100000001
00f9000100000001
00f8000100000001
00f6000200000001
00f5000200000001
00f2000200000001
00ee000200010001
00eb000200020001
00e8000300020002
00e6000300020003
00e1000400020004
00de000500020004
00da000500020004
00d5000600040004
00d1000600040005
00ce000600040005
00c8000800040005
00c3000900050006
00be000900050007
00b9000900060007
00b4000a00070007
00b0000a00070007
00a9000b00080009
00a5000b00080009
00a0000c00080009
009c000c00090009
0097000e00090009
0093000e0009000b
0091000d000a000b
008d000e000a000b
008b000e000a000b
00880010000b000b
00860010000b000c
00850010000c000c
00830010000c000c
0084000f000c000c
0083000f000c000d
0083000f000d000d
0084000f000d000d
0087000f000d000b
008a000e000d000b
008c000e000d000b
008e000d000d000c
0091000d000d000c
0096000d000d000a
009b000c000c000a
009e000b000c000b
00a5000b000b000a
00a8000b000a0009
00ae000a000a0008
00b4000800090008
00b8000700090008
00bd000800090007
00c3000600080006
00c8000600080006
00ce000500070006
00d2000500070006
00d6000500060005
00db000400060004
00df000400050004
00e3000400040004
00e6000400030003
00e9000400020003
00ed000200020003
00ef000200020003
00f2000100010002
00f4000100010001
00f6000100010001
00f7000100010000
0100000000000000
0100000000000000
0100000000000000
0100000000000000
0100000000000000
0100000000000000
0100000000000000
0100000000000000
0100000000000000
0100000000000000
0100000000000000
0100000000000000
0100000000000000
0100000000000000
0100000000000000
0100000000000000
0100000000000000
0100000000000000
0100000000000000
0100000000000000
0100000000000000
0100000000000000
0100000000000000
0100000000000000
0100000000000000
0100000000000000
0100000000000000
0100000000000000
0100000000000000
0100000000000000
0100000000000000
0100000000000000
0100000000000000
0100000000000000
0100000000000000
0100000000000000
0100000000000000
0100000000000000
0100000000000000
0100000000000000
0100000000000000
0100000000000000
0100000000000000
0100000000000000
0100000000000000
0100000000000000
0100000000000000
0100000000000000
0100000000000000
0100000000000000
0100000000000000
0100000000000000
0100000000000000
0100000000000000
00fd000100000000
00fd000100000000
00fc000100000000
00fc000100000000
00fb000100000000
00fa000100000001
00f9000100000001
00f8000100000001
00f6000200000001
00f5000200000001
00f4000200000001
00f0000200010001
00ee000200010001
00e9000300020001
00e7000300020002
00e4000300020003
00e0000400020003
00db000500020004
00d8000500030004
00d4000600030005
00cf000600040005
00cb000800040005
00c7000800040005
00c2000900050007
00be000900050007
00b8000a00060007
00b4000a00070007
00af000b00070007
00aa000b00080009
00a7000b00080009
00a1000c00080009
009d000c00090009
009b000c00090009
0098000c00090009
0094000d000a000b
0092000d000a000b
0090000d000a000b
008e000e000b000b
008d000e000b000c
008d000e000b000c
008b000f000c000c
008b000f000c000b
008d000e000c000b
008d000e000c000b
008f000e000c000b
0092000d000c000b
0094000d000c000b
0096000d000c000b
009b000c000c000a
009d000c000c000a
00a2000a000b000a
00a6000b000b000a
00ab000a000a0009
00b00009000a0008
00b5000700090008
00b9000700090008
00be000700090007
00c2000600080006
00c8000600080006
00cd000500070006
00d2000500070006
00d5000500060005
00da000400060004
00de000400060004
00e2000400040004
00e6000400030004
00e8000400020003
00ec000200020003
00ee000200020003
00f1000100020002
00f3000100010001
00f5000100010001
00f6000100010001
00f9000100010000
0100000000000000
0100000000000000
0100000000000000
0100000000000000
0100000000000000
0100000000000000
0100000000000000
0100000000000000
0100000000000000
0100000000000000
0100000000000000
0100000000000000
0100000000000000
0100000000000000
0100000000000000
0100000000000000
0100000000000000
0100000000000000
0100000000000000
0100000000000000
0100000000000000
0100000000000000
0100000000000000
0100000000000000
0100000000000000
0100000000000000
0100000000000000
0100000000000000
0100000000000000
0100000000000000
0100000000000000
0100000000000000
0100000000000000
0100000000000000
0100000000000000
0100000000000000
0100000000000000
0100000000000000
0100000000000000
0100000000000000
0100000000000000
0100000000000000
0100000000000000
0100000000000000
0100000000000000
0100000000000000
0100000000000000
0100000000000000
0100000000000000
0100000000000000
0100000000000000
0100000000000000
0100000000000000
0100000000000000
00fd000100000000
00fc000100000000
00fc000100000000
00fc000100000000
00fb000100000000
00fa000100000001
00f9000100000001
00f8000100000001
00f6000200000001
00f5000200000001
00f4000200000001
00f0000200010001
00ee000200010001
00ec000300010001
00e9000300020002
00e5000300020002
00e1000400020003
00dd000400020003
00da000400020003
00d5000600030005
00d2000600030005
00cf000700030005
00ca000800030005
00c5000900040005
00c1000900050007
00bd000900050007
00b8000a00060007
00b5000a00070007
00af000b00070007
00ab000b00070008
00a9000b00080009
00a5000b00080009
00a1000c00090009
009e000c00090009
009b000c00090009
009a000c0009000a
0098000c000a000a
0098000c000a000a
0095000c000a000a
0094000d000b000a
0094000d000b000a
0094000d000b000b
0095000d000b000b
0096000c000c000b
0098000c000c000b
009a000c000c000b
009d000b000c000a
00a0000b000c000a
00a2000a000c000a
00a6000a000a000a
00aa000a000a0009
00ad0009000a0009
00b20009000a0008
00b6000700090008
00bb000700090008
00c0000600090007
00c4000600080006
00c9000600080006
00cd000500070006
00d1000500070006
00d4000500070006
00da000400060004
00dd000400060004
00e1000400040004
00e4000400030004
00e8000400020003
00ea000300020003
00ee000100020002
00f1000100020002
00f3000100010001
00f5000100010001
00f5000100010001
00f8000100010001
00fa000100010000
0100000000000000
0100000000000000
0100000000000000
0100000000000000
0100000000000000
0100000000000000
0100000000000000
0100000000000000
0100000000000000
0100000000000000
0100000000000000
0100000000000000
0100000000000000
0100000000000000
0100000000000000
0100000000000000
0100000000000000
0100000000000000
0100000000000000
0100000000000000
0100000000000000
0100000000000000
0100000000000000
0100000000000000
0100000000000000
0100000000000000
0100000000000000
0100000000000000
0100000000000000
0100000000000000
0100000000000000
0100000000000000
0100000000000000
0100000000000000
0100000000000000
0100000000000000
0100000000000000
0100000000000000
0100000000000000
0100000000000000
0100000000000000
0100000000000000
0100000000000000
0100000000000000
0100000000000000
0100000000000000
0100000000000000
0100000000000000
0100000000000000
0100000000000000
0100000000000000
0100000000000000
0100000000000000
0100000000000000
00fd000100000000
00fc000100000000
00fc000100000000
00fc000100000000
00fb000100000000
00fa000100000001
00f9000100000001
00f8000100000001
00f6000200000001
00f5000200000001
00f4000200000001
00f2000200010001
00ee000200010001
00ec000300010001
00ea000300010002
00e8000300020002
00e2000400020003
00df000400020003
00dc000400020003
00d8000500020004
00d5000500030004
00d1000600030005
00cd000700030005
00c8000800030005
00c6000900030005
00c0000900050007
00bd000900060007
00ba000a00050007
00b6000a00060007
00b2000a00070007
00ae000b00070008
00aa000b00080009
00a7000b00080009
00a6000b00080009
00a4000b00090009
00a0000c00090009
009f000c00090009
009e000c0009000a
009d000b000a000a
009d000b000a000a
009d000b000a000a
009d000b000a000a
009d000c000b000a
009e000c000b0009
00a0000b000b0009
00a2000b000b000a
00a4000b000b000a
00a8000a000a0009
00ab000a000a0009
00ad0009000a0008
00b10009000a0008
00b4000800090008
00b8000700090008
00bd000700090008
00c1000600080007
00c5000600080006
00c9000600080006
00ce000500070006
00d1000500070006
00d6000500070005
00da000400060004
00dd000400060004
00e2000400030004
00e3000400030004
00e7000400030004
00e9000300020003
00ee000100020002
00f0000100020002
00f2000100020001
00f4000100010001
00f5000100010001
00f8000100010001
00f9000100010001
00fa000100010000
0100000000000000
0100000000000000
0100000000000000
0100000000000000
0100000000000000
0100000000000000
0100000000000000
0100000000000000
0100000000000000
0100000000000000
0100000000000000
0100000000000000
0100000000000000
0100000000000000
0100000000000000
0100000000000000
0100000000000000
0100000000000000
0100000000000000
0100000000000000
0100000000000000
0100000000000000
0100000000000000
0100000000000000
0100000000000000
0100000000000000
0100000000000000
0100000000000000
0100000000000000
0100000000000000
0100000000000000
0100000000000000
0100000000000000
0100000000000000
0100000000000000
0100000000000000
0100000000000000
0100000000000000
0100000000000000
0100000000000000
0100000000000000
0100000000000000
0100000000000000
0100000000000000
0100000000000000
0100000000000000
0100000000000000
0100000000000000
0100000000000000
0100000000000000
0100000000000000
0100000000000000
0100000000000000
0100000000000000
00fd000100000000
00fc000100000000
00fc000100000000
00fc000100000000
00fb000100000000
00fa000100000001
00f9000100000001
00f8000100000001
00f7000100000001
00f5000200000001
00f4000200000001
00f3000200000001
00f1000200010001
00ed000300010001
00ea000300010002
00e8000300020002
00e6000300020002
00e2000400020003
00dd000400020003
00db000400020003
00d7000500020004
00d3000500030004
00d1000600030004
00cc000700030005
00c7000800030005
00c6000900030005
00c1000900040007
00be000900040007
00ba000a00050007
00b8000a00050007
00b4000a00060007
00b1000a00070007
00ae000b00070008
00ac000b00080009
00a9000b00080009
00a8000b00080009
00a6000b00090009
00a5000b00090009
00a5000b00090009
00a5000b0009000a
00a5000b000a0009
00a6000a000a0009
00a6000a000a0009
00a7000a000a0009
00a7000a000a0009
00aa000900090009
00ac000900090009
00ae000900090008
00b2000800090008
00b5000800090008
00b8000700090008
00bb000700090008
00c0000700090008
00c3000600080007
00c7000600080006
00ca000600080006
00cf000500070006
00d2000500070006
00d6000500070005
00d9000400060004
00dd000400050004
00e1000400040004
00e3000400030004
00e6000400030004
00e9000300020003
00ed000200020002
00ef000100020002
00f1000100020001
00f4000100010001
00f4000100010001
00f7000100010001
00f9000100010001
00fa000100010000
00fb000000010000
0100000000000000
0100000000000000
0100000000000000
0100000000000000
0100000000000000
0100000000000000
0100000000000000
0100000000000000
0100000000000000
0100000000000000
0100000000000000
0100000000000000
0100000000000000
0100000000000000
0100000000000000
0100000000000000
0100000000000000
0100000000000000
0100000000000000
0100000000000000
0100000000000000
0100000000000000
0100000000000000
0100000000000000
0100000000000000
0100000000000000
0100000000000000
0100000000000000
0100000000000000
0100000000000000
0100000000000000
0100000000000000
0100000000000000
0100000000000000
0100000000000000
0100000000000000
0100000000000000
0100000000000000
0100000000000000
0100000000000000
0100000000000000
0100000000000000
0100000000000000
0100000000000000
0100000000000000
0100000000000000
0100000000000000
0100000000000000
0100000000000000
0100000000000000
0100000000000000
0100000000000000
0100000000000000
0100000000000000
00fd000100000000
00fc000100000000
00fc000100000000
00fc000100000000
00fb000100000000
00fa000100000001
00f9000100000001
00f8000100000001
00f7000100000001
00f5000200000001
00f4000200000001
00f3000200000001
00f1000200010001
00ed000300010001
00eb000300010002
00ea000300010002
00e6000300020002
00e4000400020002
00e0000400020003
00de000400020003
00d9000500020004
00d6000500020004
00d3000500020004
00d0000600030004
00cd000600030004
00c8000700030004
00c6000900030005
00c3000900030006
00be000900040007
00bc000900050007
00b9000a00050007
00b7000a00060007
00b4000a00060007
00b3000a00060007
00b1000a00070008
00af000a00070008
00ae000a00080008
00ac000a00090008
00ac000a00090008
00ac000a00090008
00ac000a00090008
00ac000a00090009
00ac0009000a0009
00ae000900090009
00b1000900090009
00b2000900090008
00b3000800090008
00b6000800090008
00b9000800090008
00bb000700090008
00bf000700080008
00c1000700080007
00c5000600080006
00c8000600080006
00cc000600080006
00d0000500070006
00d2000500070006
00d6000500070005
00da000400050004
00dd000400050004
00e1000400040004
00e2000400030004
00e6000400030004
00e9000200030003
00ed000200020002
00ef000100020002
00f1000100020001
00f3000100020001
00f6000100010001
00f7000100010001
00f9000100010001
00f9000100010001
00fb000000010000
00fb000000010000
0100000000000000
0100000000000000
0100000000000000
0100000000000000
0100000000000000
0100000000000000
0100000000000000
0100000000000000
0100000000000000
0100000000000000
0100000000000000
0100000000000000
0100000000000000
0100000000000000
0100000000000000
0100000000000000
0100000000000000
0100000000000000
0100000000000000
0100000000000000
0100000000000000
0100000000000000
0100000000000000
0100000000000000
0100000000000000
0100000000000000
0100000000000000
0100000000000000
0100000000000000
0100000000000000
0100000000000000
0100000000000000
0100000000000000
0100000000000000
0100000000000000
0100000000000000
0100000000000000
0100000000000000
0100000000000000
0100000000000000
0100000000000000
0100000000000000
0100000000000000
0100000000000000
0100000000000000
0100000000000000
0100000000000000
0100000000000000
0100000000000000
0100000000000000
0100000000000000
0100000000000000
0100000000000000
0100000000000000
00fd000100000000
00fc000100000000
00fc000100000000
00fc000100000000
00fb000100000000
00fa000100000001
00f9000100000001
00f8000100000001
00f7000100000001
00f5000200000001
00f4000200000001
00f3000200000001
00f2000200010001
00f0000200010001
00ec000300010001
00ea000300010002
00e8000300010002
00e5000400020002
00e3000400020002
00df000400020003
00dd000400020003
00da000500020004
00d7000500020004
00d3000500020004
00d0000600030004
00cd000600030004
00ca000600030004
00c7000800030004
00c5000800030005
00c1000900040007
00bf000900040007
00bc000900050007
00b9000a00060007
00b8000a00060007
00b7000a00060007
00b4000a00070008
00b5000a00070008
00b4000a00070008
00b3000900070008
00b3000900070008
00b3000900070008
00b5000900070008
00b5000900070008
00b6000900070007
00b7000800070007
00b9000800070007
00bc000800070007
00bd000700080007
00bf000700080007
00c1000700080007
00c5000600080006
00c7000600080006
00ca000600080006
00ce000500070006
00d0000500070006
00d3000500060006
00d7000500060005
00da000400050004
00dd000400050004
00e1000400040004
00e3000400030004
00e6000300030003
00e9000200030003
00ec000200020002
00ee000200020002
00f0000100020001
00f3000100020001
00f6000100010001
00f6000100010001
00f8000100010001
00f9000100010001
00fb000000010000
00fb000000010000
00fc000000000000
0100000000000000
0100000000000000
0100000000000000
0100000000000000
0100000000000000
0100000000000000
0100000000000000
0100000000000000
0100000000000000
0100000000000000
0100000000000000
0100000000000000
0100000000000000
0100000000000000
0100000000000000
0100000000000000
0100000000000000
0100000000000000
0100000000000000
0100000000000000
0100000000000000
0100000000000000
0100000000000000
0100000000000000
0100000000000000
0100000000000000
0100000000000000
0100000000000000
0100000000000000
0100000000000000
0100000000000000
0100000000000000
0100000000000000
0100000000000000
0100000000000000
0100000000000000
0100000000000000
0100000000000000
0100000000000000
0100000000000000
0100000000000000
0100000000000000
0100000000000000
0100000000000000
0100000000000000
0100000000000000
0100000000000000
0100000000000000
0100000000000000
0100000000000000
0100000000000000
0100000000000000
0100000000000000
0100000000000000
00fd000100000000
00fc000100000000
00fc000100000000
00fc000100000000
00fb000100000000
00fa000100000001
00f9000100000001
00f8000100000001
00f7000100000001
00f6000200000001
00f4000200000001
00f4000200000001
00f2000200010001
00f0000200010001
00ee000300010001
00ea000300010002
00e9000300010002
00e7000300010002
00e4000400020002
00e1000400020002
00df000400020003
00dc000500020003
00da000500020004
00d6000500020004
00d5000500020004
00d0000600030004
00cd000600030004
00ca000600030004
00c8000700030004
00c6000800030004
00c4000800040006
00c2000800040006
00bf000900040007
00be000900040007
00bd000900050007
00bb000900050007
00bb000900050007
00bb000900050007
00ba000900060008
00ba000900060008
00ba000900060007
00ba000800060007
00bb000800070007
00bd000800080007
00be000800080007
00bf000700080007
00c0000700080007
00c2000700080007
00c4000700080006
00c8000600070006
00ca000600070006
00cd000600060006
00d1000500060006
00d3000500060006
00d5000500060006
00d9000500050004
00dc000400050004
00dd000400050004
00e2000300040003
00e4000300030003
00e6000300030003
00e9000200030003
00ec000200020002
00ee000200020002
00f0000100020001
00f3000100020001
00f5000100020001
00f6000100010001
00f8000100010001
00f9000100010001
00fa000000010001
00fb000000010000
00fb000000010000
00fe000000010000
0100000000000000
0100000000000000
0100000000000000
0100000000000000
0100000000000000
0100000000000000
0100000000000000
0100000000000000
0100000000000000
0100000000000000
0100000000000000
0100000000000000
0100000000000000
0100000000000000
0100000000000000
0100000000000000
0100000000000000
0100000000000000
0100000000000000
0100000000000000
0100000000000000
0100000000000000
0100000000000000
0100000000000000
0100000000000000
0100000000000000
0100000000000000
0100000000000000
0100000000000000
0100000000000000
0100000000000000
0100000000000000
0100000000000000
0100000000000000
0100000000000000
0100000000000000
0100000000000000
0100000000000000
0100000000000000
0100000000000000
0100000000000000
0100000000000000
0100000000000000
0100000000000000
0100000000000000
0100000000000000
0100000000000000
0100000000000000
0100000000000000
0100000000000000
0100000000000000
0100000000000000
0100000000000000
0100000000000000
00fd000100000000
00fc000100000000
00fc000100000000
00fc000100000000
00fb000100000000
00fa000100000001
00fa000100000001
00f8000100000001
00f7000100000001
00f6000200000001
00f5000200000001
00f4000200000001
00f2000200010001
00f1000200010001
00ef000300010001
00ed000300010002
00ea000300010002
00e8000300010002
00e6000400010002
00e3000400020002
00e1000400020002
00df000400020003
00dc000500020003
00d9000500020004
00d6000500020004
00d5000500020004
00d3000600030004
00d0000600030004
00cc000600030004
00ca000700030004
00c9000700030004
00c7000700030004
00c4000800040005
00c3000800040005
00c2000800040005
00c2000800040005
00c0000900050006
00bf000800050006
00bf000800050006
00c0000800050006
00c0000800060007
00c1000800060007
00c2000800060007
00c2000700060007
00c4000700060007
00c6000700060007
00c8000700060006
00c9000600060006
00ca000600060006
00cd000600060006
00d0000600060006
00d1000500060006
00d4000500060006
00d6000500060006
00da000400050003
00dd000300050003
00e0000300040003
00e2000300040003
00e4000300030003
00e6000300030003
00e8000200030003
00ec000200020002
00ee000200020002
00f2000100020001
00f3000100020001
00f5000100020001
00f6000100010001
00f7000100010001
00f8000100010001
00fa000000010001
00fa000000010001
00fb000000010000
00fd000000010001
00fe000000010000
0100000000000000
0100000000000000
0100000000000000
0100000000000000
0100000000000000
0100000000000000
0100000000000000
0100000000000000
0100000000000000
0100000000000000
0100000000000000
0100000000000000
0100000000000000
0100000000000000
0100000000000000
0100000000000000
0100000000000000
0100000000000000
0100000000000000
0100000000000000
0100000000000000
0100000000000000
0100000000000000
0100000000000000
0100000000000000
0100000000000000
0100000000000000
0100000000000000
0100000000000000
0100000000000000
0100000000000000
0100000000000000
0100000000000000
0100000000000000
0100000000000000
0100000000000000
0100000000000000
0100000000000000
0100000000000000
0100000000000000
0100000000000000
0100000000000000
0100000000000000
0100000000000000
0100000000000000
0100000000000000
0100000000000000
0100000000000000
0100000000000000
0100000000000000
0100000000000000
0100000000000000
0100000000000000
0100000000000000
00fd000100000000
00fc000100000000
00fc000100000000
00fc000100000000
00fb000100000000
00fb000100000000
00fa000100000001
00f9000100000001
00f7000100000001
00f6000200000001
00f5000200000001
00f4000200000001
00f3000200000001
00f1000200010001
00f0000200010001
00ee000300010001
00ec000300010002
00e9000300010002
00e7000300010002
00e5000400010002
00e2000400020002
00e0000400020002
00de000400020003
00dc000500020003
00da000500020004
00d7000500020004
00d5000500020004
00d4000500030004
00d2000600030004
00d0000600030004
00ce000700030004
00cc000700030004
00cc000700030004
00cb000700040005
00ca000700040005
00c9000700040005
00c8000700040005
00c8000700050005
00c8000700050005
00c8000700050005
00c9000600050005
00c9000600050005
00ca000600050005
00cb000600060006
00cd000600060005
00ce000500060005
00cf000500060005
00d1000500060005
00d3000500060005
00d4000400060005
00d7000400060005
00d9000400050004
00db000400050003
00de000300050003
00e0000300050003
00e2000300040003
00e4000300040003
00e6000300030003
00e8000300030003
00ec000200030003
00ee000200020002
00f0000200020002
00f2000100020001
00f3000100020001
00f5000100020001
00f5000100020001
00f7000100010001
00f8000100010001
00f9000100010001
00fa000000010001
00fb000000010000
00fd000000010001
00fe000000010000
00fe000000010000
0100000000000000
0100000000000000
0100000000000000
0100000000000000
0100000000000000
0100000000000000
0100000000000000
0100000000000000
0100000000000000
0100000000000000
0100000000000000
0100000000000000
0100000000000000
0100000000000000
0100000000000000
0100000000000000
0100000000000000
0100000000000000
0100000000000000
0100000000000000
0100000000000000
0100000000000000
0100000000000000
0100000000000000
0100000000000000
0100000000000000
0100000000000000
0100000000000000
0100000000000000
0100000000000000
0100000000000000
0100000000000000
0100000000000000
0100000000000000
0100000000000000
0100000000000000
0100000000000000
0100000000000000
0100000000000000
0100000000000000
0100000000000000
0100000000000000
0100000000000000
0100000000000000
0100000000000000
0100000000000000
0100000000000000
0100000000000000
0100000000000000
0100000000000000
0100000000000000
0100000000000000
0100000000000000
0100000000000000
00fd000100000000
00fd000100000000
00fc000100000000
00fc000100000000
00fc000100000000
00fb000100000000
00fa000100000001
00f9000100000001
00f8000100000001
00f7000100000001
00f5000200000001
00f4000200000001
00f4000200000001
00f2000200010001
00f0000200010001
00ef000300010001
00ed000300010002
00ec000300010002
00e8000300010002
00e7000300010002
00e5000400010002
00e2000400020002
00e0000400020002
00df000400020003
00dc000500020003
00db000500020004
00d8000500020004
00d6000500030004
00d5000500030004
00d4000500030004
00d3000500030004
00d2000500030004
00d0000700030004
00cf000700030004
00ce000700040005
00cf000600040005
00ce000600040005
00cd000600040005
00cd000600040005
00ce000600040005
00ce000600050005
00ce000600050005
00d0000600050004
00d1000500050004
00d1000500050004
00d3000500050004
00d4000500050004
00d6000400050004
00d7000400050004
00da000400050004
00db000400050004
00de000400050003
00df000300050003
00e1000300050003
00e3000300040003
00e5000300030003
00e7000300030003
00ea000200030003
00ec000200030003
00ee000200020002
00f0000200020002
00f2000100020001
00f4000100020001
00f4000100020001
00f5000100020001
00f6000100010001
00f8000100010001
00f8000100010001
00fa000000010001
00fa000000010001
00fb000000010000
00fd000000010001
00fe000000010000
00fe000000010000
0100000000000000
0100000000000000
0100000000000000
0100000000000000
0100000000000000
0100000000000000
0100000000000000
0100000000000000
0100000000000000
0100000000000000
0100000000000000
0100000000000000
0100000000000000
0100000000000000
0100000000000000
0100000000000000
0100000000000000
0100000000000000
0100000000000000
0100000000000000
0100000000000000
0100000000000000
0100000000000000
0100000000000000
0100000000000000
0100000000000000
0100000000000000
0100000000000000
0100000000000000
0100000000000000
0100000000000000
0100000000000000
0100000000000000
0100000000000000
0100000000000000
0100000000000000
0100000000000000
0100000000000000
0100000000000000
0100000000000000
0100000000000000
0100000000000000
0100000000000000
0100000000000000
0100000000000000
0100000000000000
0100000000000000
0100000000000000
0100000000000000
0100000000000000
0100000000000000
0100000000000000
0100000000000000
0100000000000000
00fd000100000000
00fd000100000000
00fc000100000000
00fc000100000000
00fc000100000000
00fb000100000000
00fa000100000001
00f9000100000001
00f8000100000001
00f7000100000001
00f6000200000001
00f4000200000001
00f4000200000001
00f3000200000001
00f1000200010001
00f0000200010001
00ee000300010001
00ec000300010002
00ea000300010002
00e8000300010002
00e6000400010002
00e4000400020002
00e2000400020002
00e1000400020002
00df000400020003
00de000400020003
00dc000500020003
00da000500020004
00d9000500020004
00d7000500030004
00d6000500030004
00d5000500030004
00d4000500030004
00d3000600030004
00d3000600030004
00d2000600030004
00d2000600040005
00d2000600040005
00d2000600040005
00d3000600040004
00d3000500040004
00d4000500040004
00d3000500050004
00d5000500050004
00d7000500050004
00d7000500050004
00d9000400050004
00da000400050004
00dc000400050004
00de000400050003
00df000400050003
00e1000300050003
00e2000300050003
00e5000300030003
00e6000300030003
00e8000300030003
00ea000200030003
00ec000200030003
00ee000200020002
00f0000200020002
00f2000100020001
00f3000100020001
00f4000100020001
00f5000100020001
00f6000100010001
00f7000100010001
00f8000100010001
00fa000000010001
00fa000000010001
00fb000000010000
00fd000000010001
00fe000000010000
00fe000000010000
00fe000000010000
0100000000000000
0100000000000000
0100000000000000
0100000000000000
0100000000000000
0100000000000000
0100000000000000
0100000000000000
0100000000000000
0100000000000000
0100000000000000
0100000000000000
0100000000000000
0100000000000000
0100000000000000
0100000000000000
0100000000000000
0100000000000000
0100000000000000
0100000000000000
0100000000000000
0100000000000000
0100000000000000
0100000000000000
0100000000000000
0100000000000000
0100000000000000
0100000000000000
0100000000000000
0100000000000000
0100000000000000
0100000000000000
0100000000000000
0100000000000000
0100000000000000
0100000000000000
0100000000000000
0100000000000000
0100000000000000
0100000000000000
0100000000000000
0100000000000000
0100000000000000
0100000000000000
0100000000000000
0100000000000000
0100000000000000
0100000000000000
0100000000000000
0100000000000000
0100000000000000
0100000000000000
0100000000000000
0100000000000000
00fd000100000000
00fd000100000000
00fc000100000000
00fc000100000000
00fc000100000000
00fb000100000000
00fa000100000001
00f9000100000001
00f8000100000001
00f7000100000001
00f6000200000001
00f5000200000001
00f4000200000001
00f3000200000001
00f2000200010001
00f0000200010001
00ef000300010001
00ed000300010002
00ec000300010002
00e9000300010002
00e8000300010002
00e6000400010002
00e5000400010002
00e3000400020002
00e1000400020002
00df000400020003
00df000400020003
00dd000400020003
00db000500020003
00db000500020003
00d9000500030004
00d9000500030004
00d9000500030004
00d8000500030004
00d7000500030004
00d7000600030003
00d7000600030003
00d7000500030003
00d7000500040004
00d7000500040004
00d7000500040004
00d8000500040004
00d9000500040004
00da000500040004
00dc000400040004
00dc000400040004
00dd000400040004
00de000400040004
00e0000400040003
00e1000300040003
00e3000300040003
00e5000300030003
00e6000300030003
00e8000300030003
00e9000300030003
00eb000200030003
00ed000200020002
00ee000200020002
00f0000200020002
00f2000100020001
00f4000100020001
00f4000100020001
00f5000100020001
00f6000100010001
00f7000100010001
00f8000100010001
00fa000000010001
00fa000000010001
00fb000000010000
00fd000000010001
00fd000000010001
00fe000000010000
00fe000000010000
00fe000000010000
0100000000000000
0100000000000000
0100000000000000
0100000000000000
0100000000000000
0100000000000000
0100000000000000
0100000000000000
0100000000000000
0100000000000000
0100000000000000
0100000000000000
0100000000000000
0100000000000000
0100000000000000
0100000000000000
0100000000000000
0100000000000000
0100000000000000
0100000000000000
0100000000000000
0100000000000000
0100000000000000
0100000000000000
0100000000000000
0100000000000000
0100000000000000
0100000000000000
0100000000000000
0100000000000000
0100000000000000
0100000000000000
0100000000000000
0100000000000000
0100000000000000
0100000000000000
0100000000000000
0100000000000000
0100000000000000
0100000000000000
0100000000000000
0100000000000000
0100000000000000
0100000000000000
0100000000000000
0100000000000000
0100000000000000
0100000000000000
0100000000000000
0100000000000000
0100000000000000
0100000000000000
0100000000000000
0100000000000000
00fd000100000000
00fd000100000000
00fc000100000000
00fc000100000000
00fc000100000000
00fb000100000000
00fa000100000001
00fa000100000001
00f9000100000001
00f8000100000001
00f7000100000001
00f5000200000001
00f4000200000001
00f4000200000001
00f3000200000001
00f1000200010001
00f0000200010001
00ee000300010001
00ed000300010002
00ec000300010002
00e9000300010002
00e8000300010002
00e7000300010002
00e6000400010002
00e4000400020002
00e2000400020002
00e1000400020003
00e0000400020003
00de000400020003
00de000400020003
00dd000400020003
00dc000400030003
00dc000400030003
00db000400030003
00db000400030003
00db000400030003
00db000400030003
00db000400030003
00db000500030003
00db000500030003
00dc000500030003
00dc000500040004
00de000400040004
00df000400040004
00df000400040004
00e0000400040004
00e0000400040003
00e1000400040003
00e3000300040003
00e5000300040003
00e7000300030003
00e7000300030003
00e9000300030003
00ea000300030003
00ec000200020002
00ed000200020002
00ef000200020002
00f0000200020002
00f2000100020001
00f4000100020001
00f4000100020001
00f5000100020001
00f7000100010001
00f7000100010001
00f8000100010001
00f9000000010001
00fa000000010001
00fa000000010001
00fd000000010001
00fd000000010001
00fe000000010000
00fe000000010000
00fe000000010000
0100000000000000
0100000000000000
0100000000000000
0100000000000000
0100000000000000
0100000000000000
0100000000000000
0100000000000000
0100000000000000
0100000000000000
0100000000000000
0100000000000000
0100000000000000
0100000000000000
0100000000000000
0100000000000000
0100000000000000
0100000000000000
0100000000000000
0100000000000000
0100000000000000
0100000000000000
0100000000000000
0100000000000000
0100000000000000
0100000000000000
0100000000000000
0100000000000000
0100000000000000
0100000000000000
0100000000000000
0100000000000000
0100000000000000
0100000000000000
0100000000000000
0100000000000000
0100000000000000
0100000000000000
0100000000000000
0100000000000000
0100000000000000
0100000000000000
0100000000000000
0100000000000000
0100000000000000
0100000000000000
0100000000000000
0100000000000000
0100000000000000
0100000000000000
0100000000000000
0100000000000000
0100000000000000
0100000000000000
0100000000000000
00fd000100000000
00fd000100000000
00fc000100000000
00fc000100000000
00fc000100000000
00fb000100000000
00fb000100000000
00fa000100000001
00f9000100000001
00f8000100000001
00f7000100000001
00f6000200000001
00f5000200000001
00f4000200000001
00f3000200000001
00f2000200010001
00f1000200010001
00f0000200010001
00ee000300010001
00ed000300010002
00ec000300010002
00ea000300010002
00e9000300010002
00e7000300010002
00e7000300010002
00e5000400020002
00e4000400020002
00e2000400020003
00e2000400020003
00e0000400020003
00e0000400020003
00df000400020003
00df000400020003
00de000400030003
00de000400030003
00de000400030003
00de000400030003
00de000400030003
00de000500030003
00df000400030003
00df000400030003
00e0000400030003
00e1000400030003
00e1000400040004
00e2000400040003
00e3000400040003
00e4000300040003
00e6000300040003
00e7000300030003
00e8000300030003
00e8000300030003
00ea000300020002
00ec000200020002
00ed000200020002
00ef000200020002
00ef000200020002
00f1000100020002
00f2000100020001
00f4000100020001
00f5000100020001
00f5000100020001
00f7000100010001
00f7000100010001
00f8000100010001
00f9000000010001
00fa000000010001
00fa000000010001
00fd000000010001
00fd000000010001
00fe000000010000
00fe000000010000
00fe000000010000
00fe000000010000
0100000000000000
0100000000000000
0100000000000000
0100000000000000
0100000000000000
0100000000000000
0100000000000000
0100000000000000
0100000000000000
0100000000000000
0100000000000000
0100000000000000
0100000000000000
0100000000000000
0100000000000000
0100000000000000
0100000000000000
0100000000000000
0100000000000000
0100000000000000
0100000000000000
0100000000000000
0100000000000000
0100000000000000
0100000000000000
0100000000000000
0100000000000000
0100000000000000
0100000000000000
0100000000000000
0100000000000000
0100000000000000
0100000000000000
0100000000000000
0100000000000000
0100000000000000
0100000000000000
0100000000000000
0100000000000000
0100000000000000
0100000000000000
0100000000000000
0100000000000000
0100000000000000
0100000000000000
0100000000000000
0100000000000000
0100000000000000
0100000000000000
0100000000000000
0100000000000000
0100000000000000
0100000000000000
0100000000000000
0100000000000000
00fd000100000000
00fd000100000000
00fc000100000000
00fc000100000000
00fc000100000000
00fc000100000000
00fb000100000000
00fa000100000001
00f9000100000001
00f8000100000001
00f7000100000001
00f6000200000001
00f5000200000001
00f4000200000001
00f4000200000001
00f3000200000001
00f2000200010001
00f1000200010001
00f0000200010001
00ee000300010001
00ed000300010002
00ec000300010002
00ea000300010002
00e9000300010002
00e8000300010002
00e8000300010002
00e6000300020002
00e5000400020002
00e5000400020002
00e4000400020003
00e4000400020003
00e3000400020003
00e3000400020003
00e2000400020003
00e2000400020003
00e2000300030003
00e2000300030003
00e2000300030003
00e3000300030003
00e3000300030003
00e3000300030003
00e3000400030003
00e4000400030002
00e5000400030002
00e6000300030002
00e7000300030002
00e7000300030002
00e9000300020002
00e9000300020002
00eb000300020002
00ec000300020002
00ed000200020002
00ee000200020002
00f0000100020002
00f1000100020002
00f1000100020002
00f3000100020001
00f4000100020001
00f5000100020001
00f5000100020001
00f7000100010001
00f7000100010001
00f8000100010001
00f9000000010001
00fa000000010001
00fa000000010001
00fd000000010001
00fd000000010001
00fd000000010001
00fe000000010000
00fe000000010000
00fe000000010000
0100000000000000
0100000000000000
0100000000000000
0100000000000000
0100000000000000
0100000000000000
0100000000000000
0100000000000000
0100000000000000
0100000000000000
0100000000000000
0100000000000000
0100000000000000
0100000000000000
0100000000000000
0100000000000000
0100000000000000
0100000000000000
0100000000000000
0100000000000000
0100000000000000
0100000000000000
0100000000000000
0100000000000000
0100000000000000
0100000000000000
0100000000000000
0100000000000000
0100000000000000
0100000000000000
0100000000000000
0100000000000000
0100000000000000
0100000000000000
0100000000000000
0100000000000000
0100000000000000
0100000000000000
0100000000000000
0100000000000000
0100000000000000
0100000000000000
0100000000000000
0100000000000000
0100000000000000
0100000000000000
0100000000000000
0100000000000000
0100000000000000
0100000000000000
0100000000000000
0100000000000000
0100000000000000
0100000000000000
0100000000000000
0100000000000000
00fd000100000000
00fd000100000000
00fc000100000000
00fc000100000000
00fc000100000000
00fc000100000000
00fb000100000000
00fa000100000001
00fa000100000001
00f9000100000001
00f8000100000001
00f7000100000001
00f6000200000001
00f5000200000001
00f4000200000001
00f4000200000001
00f3000200000001
00f2000200010001
00f1000200010001
00f0000200010001
00ef000300010001
00ee000300010001
00ed000300010002
00ec000300010002
00ea000300010002
00ea000300010002
00e9000300010002
00e8000300020002
00e7000300020002
00e7000300020002
00e6000300020003
00e6000300020003
00e5000300020003
00e5000300020003
00e6000300020003
00e5000300020003
00e6000300020003
00e5000300030003
00e5000300030003
00e5000300030003
00e6000300030002
00e7000300030002
00e7000200030002
00e8000200030002
00e9000200030002
00ea000200020002
00eb000200020002
00eb000200020002
00ec000200020002
00ed000200020002
00ee000100020002
00ef000100020002
00f0000100020002
00f2000100020002
00f3000100020001
00f3000100020001
00f5000100020001
00f5000100020001
00f6000100010001
00f7000100010001
00f8000100010001
00f8000100010001
00f9000000010001
00fa000000010001
00fa000000010001
00fd000000010001
00fd000000010001
00fd000000010001
00fe000000010000
00fe000000010000
00fe000000010000
0100000000000000
0100000000000000
0100000000000000
0100000000000000
0100000000000000
0100000000000000
0100000000000000
0100000000000000
0100000000000000
0100000000000000
0100000000000000
0100000000000000
0100000000000000
0100000000000000
0100000000000000
0100000000000000
0100000000000000
0100000000000000
0100000000000000
0100000000000000
0100000000000000
0100000000000000
0100000000000000
0100000000000000
0100000000000000
0100000000000000
0100000000000000
0100000000000000
0100000000000000
0100000000000000
0100000000000000
0100000000000000
0100000000000000
0100000000000000
0100000000000000
0100000000000000
0100000000000000
0100000000000000
0100000000000000
0100000000000000
0100000000000000
0100000000000000
0100000000000000
0100000000000000
0100000000000000
0100000000000000
0100000000000000
0100000000000000
0100000000000000
0100000000000000
0100000000000000
0100000000000000
0100000000000000
0100000000000000
0100000000000000
0100000000000000
0100000000000000
00fd000100000000
00fd000100000000
00fd000100000000
00fc000100000000
00fc000100000000
00fc000100000000
00fb000100000000
00fb000100000000
00fa000100000001
00f9000100000001
00f8000100000001
00f7000100000001
00f7000100000001
00f6000200000001
00f5000200000001
00f4000200000001
00f4000200000001
00f3000200000001
00f2000200010001
00f1000200010001
00f0000200010001
00ef000300010001
00ee000300010001
00ee000300010001
00ed000300010002
00eb000300010002
00ea000300010002
00ea000300010002
00ea000300010002
00e9000300020002
00e9000300020002
00e9000300020002
00e8000300020003
00e8000300020003
00e7000300020003
00e8000300020003
00e8000300020003
00e8000300020002
00e9000300020002
00e9000300020002
00e9000200030002
00ea000200030002
00eb000200030002
00eb000200020002
00ec000200020002
00ec000200020002
00ed000200020002
00ee000200020002
00ef000100020002
00f0000100020002
00f1000100020002
00f1000100020002
00f3000100020002
00f4000100020001
00f5000100020001
00f5000100020001
00f6000100010001
00f6000100010001
00f7000100010001
00f8000100010001
00f9000000010001
00fa000000010001
00fa000000010001
00fa000000010001
00fd000000010001
00fd000000010001
00fd000000010001
00fe000000010000
00fe000000010000
00fe000000010000
00fe000000010000
0100000000000000
0100000000000000
0100000000000000
0100000000000000
0100000000000000
0100000000000000
0100000000000000
0100000000000000
0100000000000000
0100000000000000
0100000000000000
0100000000000000
0100000000000000
0100000000000000
0100000000000000
0100000000000000
0100000000000000
0100000000000000
0100000000000000
0100000000000000
0100000000000000
0100000000000000
0100000000000000
0100000000000000
0100000000000000
0100000000000000
0100000000000000
0100000000000000
0100000000000000
0100000000000000
0100000000000000
0100000000000000
0100000000000000
0100000000000000
0100000000000000
0100000000000000
0100000000000000
0100000000000000
0100000000000000
0100000000000000
0100000000000000
0100000000000000
0100000000000000
0100000000000000
0100000000000000
0100000000000000
0100000000000000
0100000000000000
0100000000000000
0100000000000000
0100000000000000
0100000000000000
0100000000000000
0100000000000000
0100000000000000
0100000000000000
0100000000000000
00fe000000000000
00fd000100000000
00fd000100000000
00fc000100000000
00fc000100000000
00fc000100000000
00fc000100000000
00fb000100000000
00fa000100000001
00fa000100000001
00f9000100000001
00f8000100000001
00f7000100000001
00f6000200000001
00f5000200000001
00f5000200000001
00f4000200000001
00f4000200000001
00f3000200000001
00f2000200010001
00f1000200010001
00f1000200010001
00f0000200010001
00ef000300010001
00ef000300010001
00ee000300010001
00ec000300010001
00ec000300010001
00ec000300010001
00eb000300010002
00ea000300020002
00eb000300020001
00eb000300020001
00ea000300020002
00ea000300020002
00eb000300020002
00ea000300020002
00eb000200020002
00ec000200020002
00ec000200020002
00ec000200020002
00ed000200010002
00ee000200010002
00ed000200020002
00ee000200020002
00ef000200020002
00ef000200020002
00f0000100020002
00f1000100020002
00f2000100020002
00f3000100020002
00f3000100020002
00f4000100020001
00f6000100010001
00f6000100010001
00f6000100010001
00f6000100010001
00f8000100010001
00f8000100010001
00f9000000010001
00fa000000010001
00fa000000010001
00fa000000010001
00fd000000010001
00fd000000010001
00fd000000010001
00fe000000010000
00fe000000010000
00fe000000010000
00fe000000010000
0100000000000000
0100000000000000
0100000000000000
0100000000000000
0100000000000000
0100000000000000
0100000000000000
0100000000000000
0100000000000000
0100000000000000
0100000000000000
0100000000000000
0100000000000000
0100000000000000
0100000000000000
0100000000000000
0100000000000000
0100000000000000
0100000000000000
0100000000000000
0100000000000000
0100000000000000
0100000000000000
0100000000000000
0100000000000000
0100000000000000
0100000000000000
0100000000000000
0100000000000000
0100000000000000
0100000000000000
0100000000000000
0100000000000000
0100000000000000
0100000000000000
0100000000000000
0100000000000000
0100000000000000
0100000000000000
0100000000000000
0100000000000000
0100000000000000
0100000000000000
0100000000000000
0100000000000000
0100000000000000
0100000000000000
0100000000000000
0100000000000000
0100000000000000
0100000000000000
0100000000000000
0100000000000000
0100000000000000
0100000000000000
0100000000000000
0100000000000000
0100000000000000
00fe000000000000
00fd000100000000
00fd000100000000
00fc000100000000
00fc000100000000
00fc000100000000
00fc000100000000
00fb000100000000
00fb000100000000
00fa000100000001
00f9000100000001
00f9000100000001
00f8000100000001
00f7000100000001
00f6000200000001
00f5000200000001
00f5000200000001
00f4000200000001
00f4000200000001
00f3000200000001
00f3000200000001
00f2000200010001
00f1000200010001
00f1000200010001
00f0000200010001
00f0000200010001
00f0000200010001
00ee000200010001
00ed000300010001
00ed000300010001
00ed000300010001
00ee000200010001
00ed000200020001
00ed000200020001
00ee000200020001
00ed000200020002
00ee000200020002
00ee000200020002
00ef000200010002
00ee000200010002
00ef000200010002
00ef000200010002
00f0000200010002
00ef000200010002
00f0000200010002
00f1000100010002
00f2000100010002
00f3000100010002
00f3000100010002
00f4000100010002
00f5000100010001
00f5000100010001
00f6000100010001
00f6000100010001
00f7000100010001
00f7000100010001
00f8000100010001
00f8000100010001
00fa000000010001
00fa000000010001
00fa000000010001
00fb000000010000
00fd000000010001
00fd000000010001
00fd000000010001
00fe000000010000
00fe000000010000
00fe000000010000
00fe000000010000
0100000000000000
0100000000000000
0100000000000000
0100000000000000
0100000000000000
0100000000000000
0100000000000000
0100000000000000
0100000000000000
0100000000000000
0100000000000000
0100000000000000
0100000000000000
0100000000000000
0100000000000000
0100000000000000
0100000000000000
0100000000000000
0100000000000000
0100000000000000
0100000000000000
0100000000000000
0100000000000000
0100000000000000
0100000000000000
0100000000000000
0100000000000000
0100000000000000
0100000000000000
0100000000000000
0100000000000000
0100000000000000
0100000000000000
0100000000000000
0100000000000000
0100000000000000
0100000000000000
0100000000000000
0100000000000000
0100000000000000
0100000000000000
0100000000000000
0100000000000000
0100000000000000
0100000000000000
0100000000000000
0100000000000000
0100000000000000
0100000000000000
0100000000000000
0100000000000000
0100000000000000
0100000000000000
0100000000000000
0100000000000000
0100000000000000
0100000000000000
0100000000000000
0100000000000000
00fe000000000000
00fd000100000000
00fd000100000000
00fd000100000000
00fc000100000000
00fc000100000000
00fc000100000000
00fc000100000000
00fb000100000000
00fa000100000001
00fa000100000001
00f9000100000001
00f8000100000001
00f8000100000001
00f7000100000001
00f6000200000001
00f6000200000001
00f5000200000001
00f4000200000001
00f4000200000001
00f4000200000001
00f3000200000001
00f3000200000001
00f2000200010001
00f2000200010001
00f2000200010001
00f1000200010001
00f1000200010001
00f1000200010001
00ef000200010001
00ef000200010001
00ef000200010001
00f0000200010001
00ef000200020001
00ef000200020001
00f0000200010001
00f0000200010001
00f0000200010002
00f0000200010002
00f0000200010002
00f1000200010002
00f1000200010002
00f1000200010002
00f2000100010002
00f3000100010002
00f3000100010002
00f4000100010002
00f5000100010002
00f5000100010002
00f6000100010001
00f7000100010001
00f7000100010001
00f7000100010001
00f7000100010001
00f8000100010001
00f9000100010001
00f9000100010001
00fa000000010001
00fa000000010001
00fa000000010001
00fd000000010001
00fd000000010001
00fd000000010001
00fd000000010001
00fe000000010000
00fe000000010000
00fe000000010000
00fe000000010000
0100000000000000
0100000000000000
0100000000000000
0100000000000000
0100000000000000
0100000000000000
0100000000000000
0100000000000000
0100000000000000
0100000000000000
0100000000000000
0100000000000000
0100000000000000
0100000000000000
0100000000000000
0100000000000000
0100000000000000
0100000000000000
0100000000000000
0100000000000000
0100000000000000
0100000000000000
0100000000000000
0100000000000000
0100000000000000
0100000000000000
0100000000000000
0100000000000000
0100000000000000
0100000000000000
0100000000000000
0100000000000000
0100000000000000
0100000000000000
0100000000000000
0100000000000000
0100000000000000
0100000000000000
0100000000000000
0100000000000000
0100000000000000
0100000000000000
0100000000000000
0100000000000000
0100000000000000
0100000000000000
0100000000000000
0100000000000000
0100000000000000
0100000000000000
0100000000000000
0100000000000000
0100000000000000
0100000000000000
0100000000000000
0100000000000000
0100000000000000
0100000000000000
0100000000000000
0100000000000000
00fe000000000000
00fd000100000000
00fd000100000000
00fd000100000000
00fc000100000000
00fc000100000000
00fc000100000000
00fc000100000000
00fb000100000000
00fb000100000000
00fa000100000001
00fa000100000001
00f9000100000001
00f8000100000001
00f8000100000001
00f7000100000001
00f6000200000001
00f6000200000001
00f5000200000001
00f5000200000001
00f4000200000001
00f4000200000001
00f4000200000001
00f4000200000001
00f3000200000001
00f3000200000001
00f3000200000001
00f3000200000001
00f3000200000001
00f3000200000001
00f1000200000001
00f1000200000001
00f1000200000001
00f2000200000001
00f2000200000001
00f1000200010001
00f1000200010001
00f2000200010001
00f2000200010001
00f3000200010001
00f2000200010002
00f3000100010002
00f4000100010002
00f4000100010002
00f5000100010002
00f5000100010002
00f6000100010002
00f7000100010001
00f7000100010001
00f8000100010001
00f8000100010001
00f8000100010001
00f8000100010001
00f9000100010001
00f9000100010001
00f9000100010001
00fa000000010001
00fb000000010000
00fb000000010000
00fd000000010001
00fd000000010001
00fd000000010001
00fe000000010000
00fe000000010000
00fe000000010000
00fe000000010000
00fe000000010000
0100000000000000
0100000000000000
0100000000000000
0100000000000000
0100000000000000
0100000000000000
0100000000000000
0100000000000000
0100000000000000
0100000000000000
0100000000000000
0100000000000000
0100000000000000
0100000000000000
0100000000000000
0100000000000000
0100000000000000
0100000000000000
0100000000000000
0100000000000000
0100000000000000
0100000000000000
0100000000000000
0100000000000000
0100000000000000
0100000000000000
0100000000000000
0100000000000000
0100000000000000
0100000000000000
0100000000000000
0100000000000000
0100000000000000
0100000000000000
0100000000000000
0100000000000000
0100000000000000
0100000000000000
0100000000000000
0100000000000000
0100000000000000
0100000000000000
0100000000000000
0100000000000000
0100000000000000
0100000000000000
0100000000000000
0100000000000000
0100000000000000
0100000000000000
0100000000000000
0100000000000000
0100000000000000
0100000000000000
0100000000000000
0100000000000000
0100000000000000
0100000000000000
0100000000000000
0100000000000000
0100000000000000
00fe000000000000
00fe000000000000
00fd000100000000
00fd000100000000
00fd000100000000
00fc000100000000
00fc000100000000
00fc000100000000
00fc000100000000
00fb000100000000
00fb000100000000
00fa000100000001
00f9000100000001
00f9000100000001
00f8000100000001
00f8000100000001
00f7000100000001
00f7000100000001
00f6000200000001
00f6000200000001
00f5000200000001
00f5000200000001
00f4000200000001
00f4000200000001
00f4000200000001
00f4000200000001
00f4000200000001
00f4000200000001
00f4000200000001
00f4000200000001
00f4000200000001
00f4000200000001
00f2000200000001
00f2000200000001
00f3000200000001
00f3000200000001
00f4000200000001
00f3000200010001
00f4000100010001
00f4000100010001
00f5000100010001
00f5000100010001
00f6000100010001
00f5000100010002
00f6000100010002
00f6000100010002
00f7000100010001
00f8000100010001
00f8000100010001
00f8000100010001
00f8000100010001
00f8000100010001
00f9000100010001
00f9000100010001
00fb000000010000
00fb000000010000
00fb000000010000
00fb000000010000
00fd000000010001
00fd000000010001
00fe000000010000
00fe000000010000
00fe000000010000
00fe000000010000
00fe000000010000
00fe000000010000
0100000000000000
0100000000000000
0100000000000000
0100000000000000
0100000000000000
0100000000000000
0100000000000000
0100000000000000
0100000000000000
0100000000000000
0100000000000000
0100000000000000
0100000000000000
0100000000000000
0100000000000000
0100000000000000
0100000000000000
0100000000000000
0100000000000000
0100000000000000
0100000000000000
0100000000000000
0100000000000000
0100000000000000
0100000000000000
0100000000000000
0100000000000000
0100000000000000
0100000000000000
0100000000000000
0100000000000000
0100000000000000
0100000000000000
0100000000000000
0100000000000000
0100000000000000
0100000000000000
0100000000000000
0100000000000000
0100000000000000
0100000000000000
0100000000000000
0100000000000000
0100000000000000
0100000000000000
0100000000000000
0100000000000000
0100000000000000
0100000000000000
0100000000000000
0100000000000000
0100000000000000
0100000000000000
0100000000000000
0100000000000000
0100000000000000
0100000000000000
0100000000000000
0100000000000000
0100000000000000
0100000000000000
0100000000000000
00fe000000000000
00fe000000000000
00fd000100000000
00fd000100000000
00fd000100000000
00fc000100000000
00fc000100000000
00fc000100000000
00fc000100000000
00fc000100000000
00fb000100000000
00fb000100000000
00fa000100000001
00fa000100000001
00f9000100000001
00f8000100000001
00f8000100000001
00f7000100000001
00f7000100000001
00f7000100000001
00f6000200000001
00f6000200000001
00f6000200000001
00f5000200000001
00f5000200000001
00f5000200000001
00f5000200000001
00f5000200000001
00f5000200000001
00f5000200000001
00f5000200000001
00f5000200000001
00f5000200000001
00f4000200000001
00f4000200000001
00f4000200000001
00f5000100000001
00f5000100000001
00f6000100000001
00f6000100000001
00f6000100010001
00f6000100010001
00f7000100010001
00f7000100010001
00f8000100010000
00f8000100010000
00f9000100010000
00f9000100010000
00f9000100010000
00f9000100010000
00fa000100010000
00fa000100010000
00fa000100010000
00fb000000010000
00fb000000010000
00fb000000010000
00fb000000010000
00fd000000010001
00fe000000010000
00fe000000010000
00fe000000010000
00fe000000010000
00fe000000010000
00fe000000010000
00fe000000010000
0100000000000000
0100000000000000
0100000000000000
0100000000000000
0100000000000000
0100000000000000
0100000000000000
0100000000000000
0100000000000000
0100000000000000
0100000000000000
0100000000000000
0100000000000000
0100000000000000
0100000000000000
0100000000000000
0100000000000000
0100000000000000
0100000000000000
0100000000000000
0100000000000000
0100000000000000
0100000000000000
0100000000000000
0100000000000000
0100000000000000
0100000000000000
0100000000000000
0100000000000000
0100000000000000
0100000000000000
0100000000000000
0100000000000000
0100000000000000
0100000000000000
0100000000000000
0100000000000000
0100000000000000
0100000000000000
0100000000000000
0100000000000000
0100000000000000
0100000000000000
0100000000000000
0100000000000000
0100000000000000
0100000000000000
0100000000000000
0100000000000000
0100000000000000
0100000000000000
0100000000000000
0100000000000000
0100000000000000
0100000000000000
0100000000000000
0100000000000000
0100000000000000
0100000000000000
0100000000000000
0100000000000000
0100000000000000
0100000000000000
00fe000000000000
00fe000000000000
00fe000000000000
00fd000100000000
00fd000100000000
00fd000100000000
00fc000100000000
00fc000100000000
00fc000100000000
00fc000100000000
00fb000100000000
00fb000100000000
00fb000100000000
00fa000100000001
00fa000100000001
00f9000100000001
00f9000100000001
00f8000100000001
00f8000100000001
00f7000100000001
00f7000100000001
00f7000100000001
00f7000100000001
00f6000200000001
00f6000200000001
00f6000200000001
00f6000200000001
00f6000200000001
00f6000200000001
00f6000200000001
00f6000200000001
00f7000100000001
00f7000100000001
00f7000100000001
00f7000100000001
00f8000100000001
00f8000100000001
00f9000100000001
00f9000100000001
00f9000100000001
00fa000100000001
00fa000100000001
00fb000100000000
00fb000100000000
00fc000100000000
00fc000100000000
00fc000100000000
00fc000100000000
00fc000100000000
00fd000100000000
00fd000100000000
00fd000100000000
00fe000000000000
00fe000000000000
00fe000000000000
00fe000000000000
0100000000000000
0100000000000000
0100000000000000
0100000000000000
0100000000000000
0100000000000000
0100000000000000
0100000000000000
0100000000000000
0100000000000000
0100000000000000
0100000000000000
0100000000000000
0100000000000000
0100000000000000
0100000000000000
0100000000000000
0100000000000000
0100000000000000
0100000000000000
0100000000000000
0100000000000000
0100000000000000
0100000000000000
0100000000000000
0100000000000000
0100000000000000
0100000000000000
0100000000000000
0100000000000000
0100000000000000
0100000000000000
0100000000000000
0100000000000000
0100000000000000
0100000000000000
0100000000000000
0100000000000000
0100000000000000
0100000000000000
0100000000000000
0100000000000000
0100000000000000
0100000000000000
0100000000000000
0100000000000000
0100000000000000
0100000000000000
0100000000000000
0100000000000000
0100000000000000
0100000000000000
0100000000000000
0100000000000000
0100000000000000
0100000000000000
0100000000000000
0100000000000000
0100000000000000
0100000000000000
0100000000000000
0100000000000000
0100000000000000
0100000000000000
0100000000000000
0100000000000000
0100000000000000
0100000000000000
0100000000000000
0100000000000000
0100000000000000
0100000000000000
00fe000000000000
00fe000000000000
00fe000000000000
00fd000100000000
00fd000100000000
00fd000100000000
00fc000100000000
00fc000100000000
00fc000100000000
00fc000100000000
00fc000100000000
00fb000100000000
00fb000100000000
00fb000100000000
00fa000100000001
00fa000100000001
00f9000100000001
00f9000100000001
00f9000100000001
00f8000100000001
00f8000100000001
00f8000100000001
00f8000100000001
00f7000100000001
00f7000100000001
00f7000100000001
00f7000100000001
00f7000100000001
00f7000100000001
00f7000100000001
00f8000100000001
00f8000100000001
00f8000100000001
00f8000100000001
00f9000100000001
00f9000100000001
00f9000100000001
00fa000100000001
00fa000100000001
00fa000100000001
00fb000100000000
00fb000100000000
00fc000100000000
00fc000100000000
00fc000100000000
00fc000100000000
00fc000100000000
00fd000100000000
00fd000100000000
00fd000100000000
00fe000000000000
00fe000000000000
00fe000000000000
00fe000000000000
0100000000000000
0100000000000000
0100000000000000
0100000000000000
0100000000000000
0100000000000000
0100000000000000
0100000000000000
0100000000000000
0100000000000000
0100000000000000
0100000000000000
0100000000000000
0100000000000000
0100000000000000
0100000000000000
0100000000000000
0100000000000000
0100000000000000
0100000000000000
0100000000000000
0100000000000000
0100000000000000
0100000000000000
0100000000000000
0100000000000000
0100000000000000
0100000000000000
0100000000000000
0100000000000000
0100000000000000
0100000000000000
0100000000000000
0100000000000000
0100000000000000
0100000000000000
0100000000000000
0100000000000000
0100000000000000
0100000000000000
0100000000000000
0100000000000000
0100000000000000
0100000000000000
0100000000000000
0100000000000000
0100000000000000
0100000000000000
0100000000000000
0100000000000000
0100000000000000
0100000000000000
0100000000000000
0100000000000000
0100000000000000
0100000000000000
0100000000000000
0100000000000000
0100000000000000
0100000000000000
0100000000000000
0100000000000000
0100000000000000
0100000000000000
0100000000000000
0100000000000000
0100000000000000
0100000000000000
0100000000000000
0100000000000000
0100000000000000
0100000000000000
0100000000000000
0100000000000000
00fe000000000000
00fe000000000000
00fe000000000000
00fe000000000000
00fd000100000000
00fd000100000000
00fd000100000000
00fc000100000000
00fc000100000000
00fc000100000000
00fc000100000000
00fc000100000000
00fb000100000000
00fb000100000000
00fb000100000000
00fa000100000001
00fa000100000001
00fa000100000001
00f9000100000001
00f9000100000001
00f9000100000001
00f9000100000001
00f9000100000001
00f8000100000001
00f8000100000001
00f8000100000001
00f8000100000001
00f8000100000001
00f8000100000001
00f8000100000001
00f9000100000001
00f9000100000001
00f9000100000001
00f9000100000001
00fa000100000001
00fa000100000001
00fa000100000001
00fb000100000000
00fb000100000000
00fb000100000000
00fc000100000000
00fc000100000000
00fc000100000000
00fc000100000000
00fc000100000000
00fc000100000000
00fd000100000000
00fd000100000000
00fd000100000000
00fe000000000000
00fe000000000000
00fe000000000000
00fe000000000000
0100000000000000
0100000000000000
0100000000000000
0100000000000000
0100000000000000
0100000000000000
0100000000000000
0100000000000000
0100000000000000
0100000000000000
0100000000000000
0100000000000000
0100000000000000
0100000000000000
0100000000000000
0100000000000000
0100000000000000
0100000000000000
0100000000000000
0100000000000000
0100000000000000
0100000000000000
0100000000000000
0100000000000000
0100000000000000
0100000000000000
0100000000000000
0100000000000000
0100000000000000
0100000000000000
0100000000000000
0100000000000000
0100000000000000
0100000000000000
0100000000000000
0100000000000000
0100000000000000
0100000000000000
0100000000000000
0100000000000000
0100000000000000
0100000000000000
0100000000000000
0100000000000000
0100000000000000
0100000000000000
0100000000000000
0100000000000000
0100000000000000
0100000000000000
0100000000000000
0100000000000000
0100000000000000
0100000000000000
0100000000000000
0100000000000000
0100000000000000
0100000000000000
0100000000000000
0100000000000000
0100000000000000
0100000000000000
0100000000000000
0100000000000000
0100000000000000
0100000000000000
0100000000000000
0100000000000000
0100000000000000
0100000000000000
0100000000000000
0100000000000000
0100000000000000
0100000000000000
0100000000000000
00fe000000000000
00fe000000000000
00fe000000000000
00fe000000000000
00fd000100000000
00fd000100000000
00fd000100000000
00fd000100000000
00fc000100000000
00fc000100000000
00fc000100000000
00fc000100000000
00fc000100000000
00fc000100000000
00fb000100000000
00fb000100000000
00fb000100000000
00fa000100000001
00fa000100000001
00fa000100000001
00fa000100000001
00fa000100000001
00f9000100000001
00f9000100000001
00f9000100000001
00f9000100000001
00f9000100000001
00f9000100000001
00f9000100000001
00f9000100000001
00fa000100000001
00fa000100000001
00fa000100000001
00fa000100000001
00fa000100000001
00fb000100000000
00fb000100000000
00fb000100000000
00fc000100000000
00fc000100000000
00fc000100000000
00fc000100000000
00fc000100000000
00fc000100000000
00fd000100000000
00fd000100000000
00fd000100000000
00fe000000000000
00fe000000000000
00fe000000000000
00fe000000000000
00fe000000000000
0100000000000000
0100000000000000
0100000000000000
0100000000000000
0100000000000000
0100000000000000
0100000000000000
0100000000000000
0100000000000000
0100000000000000
0100000000000000
0100000000000000
0100000000000000
0100000000000000
0100000000000000
0100000000000000
0100000000000000
0100000000000000
0100000000000000
0100000000000000
0100000000000000
0100000000000000
0100000000000000
0100000000000000
0100000000000000
0100000000000000
0100000000000000
0100000000000000
0100000000000000
0100000000000000
0100000000000000
0100000000000000
0100000000000000
0100000000000000
0100000000000000
0100000000000000
0100000000000000
0100000000000000
0100000000000000
0100000000000000
0100000000000000
0100000000000000
0100000000000000
0100000000000000
0100000000000000
0100000000000000
0100000000000000
0100000000000000
0100000000000000
0100000000000000
0100000000000000
0100000000000000
0100000000000000
0100000000000000
0100000000000000
0100000000000000
0100000000000000
0100000000000000
0100000000000000
0100000000000000
0100000000000000
0100000000000000
0100000000000000
0100000000000000
0100000000000000
0100000000000000
0100000000000000
0100000000000000
0100000000000000
0100000000000000
0100000000000000
0100000000000000
0100000000000000
0100000000000000
0100000000000000
0100000000000000
00fe000000000000
00fe000000000000
00fe000000000000
00fe000000000000
00fe000000000000
00fd000100000000
00fd000100000000
00fd000100000000
00fd000100000000
00fc000100000000
00fc000100000000
00fc000100000000
00fc000100000000
00fc000100000000
00fc000100000000
00fc000100000000
00fb000100000000
00fb000100000000
00fb000100000000
00fb000100000000
00fa000100000001
00fa000100000001
00fa000100000001
00fa000100000001
00fa000100000001
00fa000100000001
00fa000100000001
00fa000100000001
00fa000100000001
00fa000100000001
00fa000100000001
00fb000100000000
00fb000100000000
00fb000100000000
00fb000100000000
00fc000100000000
00fc000100000000
00fc000100000000
00fc000100000000
00fc000100000000
00fc000100000000
00fc000100000000
00fd000100000000
00fd000100000000
00fd000100000000
00fd000100000000
00fe000000000000
00fe000000000000
00fe000000000000
00fe000000000000
0100000000000000
0100000000000000
0100000000000000
0100000000000000
0100000000000000
0100000000000000
0100000000000000
0100000000000000
0100000000000000
0100000000000000
0100000000000000
0100000000000000
0100000000000000
0100000000000000
0100000000000000
0100000000000000
0100000000000000
0100000000000000
0100000000000000
0100000000000000
0100000000000000
0100000000000000
0100000000000000
0100000000000000
