0100000000000000
0100000000000000
0100000000000000
0100000000000000
0100000000000000
0100000000000000
0100000000000000
0100000000000000
0100000000000000
0100000000000000
0100000000000000
0100000000000000
0100000000000000
0100000000000000
0100000000000000
0100000000000000
0100000000000000
0100000000000000
0100000000000000
0100000000000000
0100000000000000
0100000000000000
0100000000000000
0100000000000000
0100000000000000
0100000000000000
0100000000000000
0100000000000000
0100000000000000
0100000000000000
0100000000000000
0100000000000000
0100000000000000
0100000000000000
0100000000000000
0100000000000000
0100000000000000
0100000000000000
0100000000000000
0100000000000000
0100000000000000
0100000000000000
0100000000000000
0100000000000000
0100000000000000
0100000000000000
0100000000000000
0100000000000000
0100000000000000
0100000000000000
0100000000000000
0100000000000000
0100000000000000
0100000000000000
0100000000000000
0100000000000000
0100000000000000
0100000000000000
0100000000000000
0100000000000000
0100000000000000
0100000000000000
0100000000000000
0100000000000000
0100000000000000
0100000000000000
0100000000000000
0100000000000000
0100000000000000
0100000000000000
0100000000000000
0100000000000000
0100000000000000
0100000000000000
0100000000000000
0100000000000000
0100000000000000
0100000000000000
0100000000000000
0100000000000000
0100000000000000
0100000000000000
0100000000000000
0100000000000000
0100000000000000
0100000000000000
0100000000000000
0100000000000000
0100000000000000
0100000000000000
0100000000000000
0100000000000000
0100000000000000
0100000000000000
0100000000000000
0100000000000000
0100000000000000
0100000000000000
0100000000000000
0100000000000000
0100000000000000
0100000000000000
0100000000000000
0100000000000000
0100000000000000
0100000000000000
0100000000000000
0100000000000000
0100000000000000
0100000000000000
0100000000000000
0100000000000000
0100000000000000
0100000000000000
0100000000000000
0100000000000000
0100000000000000
0100000000000000
0100000000000000
0100000000000000
0100000000000000
0100000000000000
0100000000000000
0100000000000000
0100000000000000
0100000000000000
0100000000000000
0100000000000000
0100000000000000
0100000000000000
0100000000000000
0100000000000000
0100000000000000
0100000000000000
0100000000000000
0100000000000000
0100000000000000
0100000000000000
0100000000000000
0100000000000000
0100000000000000
0100000000000000
0100000000000000
0100000000000000
0100000000000000
0100000000000000
0100000000000000
0100000000000000
0100000000000000
0100000000000000
0100000000000000
0100000000000000
0100000000000000
0100000000000000
0100000000000000
0100000000000000
0100000000000000
0100000000000000
0100000000000000
0100000000000000
0100000000000000
0100000000000000
0100000000000000
0100000000000000
0100000000000000
0100000000000000
0100000000000000
0100000000000000
0100000000000000
0100000000000000
0100000000000000
0100000000000000
0100000000000000
0100000000000000
0100000000000000
0100000000000000
0100000000000000
0100000000000000
0100000000000000
0100000000000000
0100000000000000
0100000000000000
0100000000000000
0100000000000000
0100000000000000
0100000000000000
0100000000000000
0100000000000000
0100000000000000
0100000000000000
0100000000000000
0100000000000000
0100000000000000
0100000000000000
0100000000000000
0100000000000000
0100000000000000
0100000000000000
0100000000000000
0100000000000000
0100000000000000
0100000000000000
0100000000000000
0100000000000000
0100000000000000
0100000000000000
0100000000000000
0100000000000000
0100000000000000
0100000000000000
0100000000000000
0100000000000000
0100000000000000
0100000000000000
0100000000000000
0100000000000000
0100000000000000
0100000000000000
0100000000000000
0100000000000000
0100000000000000
0100000000000000
0100000000000000
0100000000000000
0100000000000000
0100000000000000
0100000000000000
0100000000000000
0100000000000000
0100000000000000
0100000000000000
0100000000000000
0100000000000000
0100000000000000
0100000000000000
0100000000000000
0100000000000000
0100000000000000
0100000000000000
0100000000000000
0100000000000000
0100000000000000
0100000000000000
0100000000000000
0100000000000000
0100000000000000
0100000000000000
0100000000000000
0100000000000000
0100000000000000
0100000000000000
0100000000000000
0100000000000000
0100000000000000
0100000000000000
0100000000000000
0100000000000000
0100000000000000
0100000000000000
0100000000000000
0100000000000000
0100000000000000
0100000000000000
0100000000000000
0100000000000000
0100000000000000
0100000000000000
0100000000000000
0100000000000000
0100000000000000
0100000000000000
0100000000000000
0100000000000000
0100000000000000
0100000000000000
0100000000000000
0100000000000000
0100000000000000
0100000000000000
0100000000000000
0100000000000000
0100000000000000
0100000000000000
0100000000000000
0100000000000000
0100000000000000
0100000000000000
0100000000000000
0100000000000000
0100000000000000
0100000000000000
0100000000000000
0100000000000000
0100000000000000
0100000000000000
0100000000000000
0100000000000000
0100000000000000
0100000000000000
0100000000000000
0100000000000000
0100000000000000
0100000000000000
0100000000000000
0100000000000000
0100000000000000
0100000000000000
0100000000000000
0100000000000000
0100000000000000
0100000000000000
0100000000000000
0100000000000000
0100000000000000
0100000000000000
0100000000000000
0100000000000000
0100000000000000
0100000000000000
0100000000000000
0100000000000000
0100000000000000
0100000000000000
0100000000000000
0100000000000000
0100000000000000
0100000000000000
0100000000000000
0100000000000000
0100000000000000
0100000000000000
0100000000000000
0100000000000000
0100000000000000
0100000000000000
0100000000000000
0100000000000000
0100000000000000
0100000000000000
0100000000000000
0100000000000000
0100000000000000
0100000000000000
0100000000000000
0100000000000000
0100000000000000
0100000000000000
0100000000000000
0100000000000000
0100000000000000
0100000000000000
0100000000000000
0100000000000000
0100000000000000
0100000000000000
0100000000000000
0100000000000000
0100000000000000
0100000000000000
0100000000000000
0100000000000000
0100000000000000
0100000000000000
0100000000000000
0100000000000000
0100000000000000
0100000000000000
0100000000000000
0100000000000000
0100000000000000
0100000000000000
0100000000000000
0100000000000000
0100000000000000
0100000000000000
0100000000000000
0100000000000000
0100000000000000
0100000000000000
0100000000000000
0100000000000000
0100000000000000
0100000000000000
0100000000000000
0100000000000000
0100000000000000
0100000000000000
0100000000000000
0100000000000000
0100000000000000
0100000000000000
0100000000000000
0100000000000000
0100000000000000
0100000000000000
0100000000000000
0100000000000000
0100000000000000
0100000000000000
0100000000000000
0100000000000000
0100000000000000
0100000000000000
0100000000000000
0100000000000000
0100000000000000
0100000000000000
0100000000000000
0100000000000000
0100000000000000
0100000000000000
0100000000000000
0100000000000000
0100000000000000
0100000000000000
0100000000000000
0100000000000000
0100000000000000
0100000000000000
0100000000000000
0100000000000000
0100000000000000
0100000000000000
0100000000000000
0100000000000000
0100000000000000
0100000000000000
0100000000000000
0100000000000000
0100000000000000
0100000000000000
0100000000000000
0100000000000000
0100000000000000
0100000000000000
0100000000000000
0100000000000000
0100000000000000
0100000000000000
0100000000000000
0100000000000000
0100000000000000
0100000000000000
0100000000000000
0100000000000000
0100000000000000
0100000000000000
0100000000000000
0100000000000000
0100000000000000
0100000000000000
0100000000000000
0100000000000000
0100000000000000
0100000000000000
0100000000000000
0100000000000000
0100000000000000
0100000000000000
0100000000000000
0100000000000000
0100000000000000
0100000000000000
0100000000000000
0100000000000000
0100000000000000
0100000000000000
0100000000000000
0100000000000000
0100000000000000
0100000000000000
0100000000000000
0100000000000000
0100000000000000
0100000000000000
0100000000000000
0100000000000000
0100000000000000
0100000000000000
0100000000000000
0100000000000000
0100000000000000
0100000000000000
0100000000000000
0100000000000000
0100000000000000
0100000000000000
0100000000000000
0100000000000000
0100000000000000
0100000000000000
0100000000000000
0100000000000000
0100000000000000
0100000000000000
0100000000000000
0100000000000000
0100000000000000
0100000000000000
0100000000000000
0100000000000000
0100000000000000
0100000000000000
0100000000000000
0100000000000000
0100000000000000
0100000000000000
0100000000000000
0100000000000000
0100000000000000
0100000000000000
0100000000000000
0100000000000000
0100000000000000
0100000000000000
0100000000000000
0100000000000000
0100000000000000
0100000000000000
0100000000000000
0100000000000000
0100000000000000
0100000000000000
0100000000000000
0100000000000000
0100000000000000
0100000000000000
0100000000000000
0100000000000000
0100000000000000
0100000000000000
0100000000000000
0100000000000000
0100000000000000
0100000000000000
0100000000000000
0100000000000000
0100000000000000
0100000000000000
0100000000000000
0100000000000000
0100000000000000
0100000000000000
0100000000000000
0100000000000000
0100000000000000
0100000000000000
0100000000000000
0100000000000000
0100000000000000
0100000000000000
0100000000000000
0100000000000000
0100000000000000
0100000000000000
0100000000000000
0100000000000000
0100000000000000
0100000000000000
0100000000000000
0100000000000000
0100000000000000
0100000000000000
0100000000000000
0100000000000000
0100000000000000
0100000000000000
0100000000000000
0100000000000000
0100000000000000
0100000000000000
0100000000000000
0100000000000000
0100000000000000
0100000000000000
0100000000000000
0100000000000000
0100000000000000
0100000000000000
0100000000000000
0100000000000000
0100000000000000
0100000000000000
0100000000000000
0100000000000000
0100000000000000
0100000000000000
0100000000000000
0100000000000000
0100000000000000
0100000000000000
0100000000000000
0100000000000000
0100000000000000
0100000000000000
0100000000000000
0100000000000000
0100000000000000
0100000000000000
0100000000000000
0100000000000000
0100000000000000
0100000000000000
0100000000000000
0100000000000000
0100000000000000
0100000000000000
0100000000000000
0100000000000000
0100000000000000
0100000000000000
0100000000000000
0100000000000000
0100000000000000
0100000000000000
0100000000000000
0100000000000000
0100000000000000
0100000000000000
0100000000000000
0100000000000000
0100000000000000
0100000000000000
0100000000000000
0100000000000000
0100000000000000
0100000000000000
0100000000000000
0100000000000000
0100000000000000
0100000000000000
0100000000000000
0100000000000000
0100000000000000
0100000000000000
0100000000000000
0100000000000000
0100000000000000
0100000000000000
0100000000000000
0100000000000000
0100000000000000
0100000000000000
0100000000000000
0100000000000000
0100000000000000
0100000000000000
0100000000000000
0100000000000000
0100000000000000
0100000000000000
0100000000000000
0100000000000000
0100000000000000
0100000000000000
0100000000000000
0100000000000000
0100000000000000
0100000000000000
0100000000000000
0100000000000000
0100000000000000
0100000000000000
0100000000000000
0100000000000000
0100000000000000
0100000000000000
0100000000000000
0100000000000000
0100000000000000
0100000000000000
0100000000000000
0100000000000000
0100000000000000
0100000000000000
0100000000000000
0100000000000000
0100000000000000
0100000000000000
0100000000000000
0100000000000000
0100000000000000
0100000000000000
0100000000000000
0100000000000000
0100000000000000
0100000000000000
0100000000000000
0100000000000000
0100000000000000
0100000000000000
0100000000000000
0100000000000000
0100000000000000
0100000000000000
0100000000000000
0100000000000000
0100000000000000
0100000000000000
0100000000000000
0100000000000000
0100000000000000
0100000000000000
0100000000000000
0100000000000000
0100000000000000
0100000000000000
0100000000000000
0100000000000000
0100000000000000
0100000000000000
0100000000000000
0100000000000000
0100000000000000
0100000000000000
0100000000000000
0100000000000000
0100000000000000
0100000000000000
0100000000000000
0100000000000000
0100000000000000
0100000000000000
0100000000000000
0100000000000000
0100000000000000
0100000000000000
0100000000000000
0100000000000000
0100000000000000
0100000000000000
0100000000000000
0100000000000000
0100000000000000
0100000000000000
0100000000000000
0100000000000000
0100000000000000
0100000000000000
0100000000000000
0100000000000000
0100000000000000
0100000000000000
0100000000000000
0100000000000000
0100000000000000
0100000000000000
0100000000000000
0100000000000000
0100000000000000
0100000000000000
0100000000000000
0100000000000000
0100000000000000
0100000000000000
0100000000000000
0100000000000000
0100000000000000
0100000000000000
0100000000000000
0100000000000000
0100000000000000
0100000000000000
0100000000000000
0100000000000000
0100000000000000
0100000000000000
0100000000000000
0100000000000000
0100000000000000
0100000000000000
0100000000000000
0100000000000000
0100000000000000
0100000000000000
0100000000000000
0100000000000000
0100000000000000
0100000000000000
0100000000000000
0100000000000000
0100000000000000
0100000000000000
0100000000000000
0100000000000000
0100000000000000
0100000000000000
0100000000000000
0100000000000000
0100000000000000
0100000000000000
0100000000000000
0100000000000000
0100000000000000
0100000000000000
0100000000000000
0100000000000000
0100000000000000
0100000000000000
0100000000000000
0100000000000000
0100000000000000
0100000000000000
0100000000000000
0100000000000000
0100000000000000
0100000000000000
0100000000000000
0100000000000000
0100000000000000
0100000000000000
0100000000000000
0100000000000000
0100000000000000
0100000000000000
0100000000000000
0100000000000000
0100000000000000
0100000000000000
0100000000000000
0100000000000000
0100000000000000
0100000000000000
0100000000000000
0100000000000000
0100000000000000
0100000000000000
0100000000000000
0100000000000000
0100000000000000
0100000000000000
0100000000000000
0100000000000000
0100000000000000
0100000000000000
0100000000000000
0100000000000000
0100000000000000
0100000000000000
0100000000000000
0100000000000000
0100000000000000
0100000000000000
0100000000000000
0100000000000000
0100000000000000
0100000000000000
0100000000000000
0100000000000000
0100000000000000
0100000000000000
0100000000000000
0100000000000000
0100000000000000
0100000000000000
0100000000000000
0100000000000000
0100000000000000
0100000000000000
0100000000000000
0100000000000000
0100000000000000
0100000000000000
0100000000000000
0100000000000000
0100000000000000
0100000000000000
0100000000000000
0100000000000000
0100000000000000
0100000000000000
0100000000000000
0100000000000000
0100000000000000
0100000000000000
0100000000000000
0100000000000000
0100000000000000
0100000000000000
0100000000000000
0100000000000000
0100000000000000
0100000000000000
0100000000000000
0100000000000000
0100000000000000
0100000000000000
0100000000000000
0100000000000000
0100000000000000
0100000000000000
0100000000000000
0100000000000000
0100000000000000
0100000000000000
0100000000000000
0100000000000000
0100000000000000
0100000000000000
0100000000000000
0100000000000000
0100000000000000
0100000000000000
0100000000000000
0100000000000000
0100000000000000
0100000000000000
0100000000000000
0100000000000000
0100000000000000
0100000000000000
0100000000000000
0100000000000000
0100000000000000
0100000000000000
0100000000000000
0100000000000000
0100000000000000
0100000000000000
0100000000000000
0100000000000000
0100000000000000
0100000000000000
0100000000000000
0100000000000000
0100000000000000
0100000000000000
0100000000000000
0100000000000000
0100000000000000
0100000000000000
0100000000000000
0100000000000000
0100000000000000
0100000000000000
0100000000000000
0100000000000000
0100000000000000
0100000000000000
0100000000000000
0100000000000000
0100000000000000
0100000000000000
0100000000000000
0100000000000000
0100000000000000
0100000000000000
0100000000000000
0100000000000000
0100000000000000
0100000000000000
0100000000000000
0100000000000000
0100000000000000
0100000000000000
0100000000000000
0100000000000000
0100000000000000
0100000000000000
0100000000000000
0100000000000000
0100000000000000
0100000000000000
0100000000000000
0100000000000000
00fe000000000000
00fe000000000000
00fe000000000000
00fe000000000000
00fe000000000000
00fe000000000000
00fe000000000000
00fd000000010000
00fd000000010000
00fd000000010000
00fd000000010000
00fd000000010000
00fd000000010000
00fd000000010000
00fd000000010000
00fd000000010000
00fd000000010000
00fd000000010000
00fe000000000000
00fe000000000000
00fe000000000000
00fe000000000000
00fe000000000000
00fe000000000000
00fe000000000000
0100000000000000
0100000000000000
0100000000000000
0100000000000000
0100000000000000
0100000000000000
0100000000000000
0100000000000000
0100000000000000
0100000000000000
0100000000000000
0100000000000000
0100000000000000
0100000000000000
0100000000000000
0100000000000000
0100000000000000
0100000000000000
0100000000000000
0100000000000000
0100000000000000
0100000000000000
0100000000000000
0100000000000000
0100000000000000
0100000000000000
0100000000000000
0100000000000000
0100000000000000
0100000000000000
0100000000000000
0100000000000000
0100000000000000
0100000000000000
0100000000000000
0100000000000000
0100000000000000
0100000000000000
0100000000000000
0100000000000000
0100000000000000
0100000000000000
0100000000000000
0100000000000000
0100000000000000
0100000000000000
0100000000000000
0100000000000000
0100000000000000
0100000000000000
0100000000000000
0100000000000000
0100000000000000
0100000000000000
0100000000000000
0100000000000000
0100000000000000
0100000000000000
0100000000000000
0100000000000000
0100000000000000
0100000000000000
0100000000000000
0100000000000000
0100000000000000
0100000000000000
0100000000000000
0100000000000000
0100000000000000
0100000000000000
0100000000000000
0100000000000000
0100000000000000
0100000000000000
0100000000000000
0100000000000000
0100000000000000
0100000000000000
0100000000000000
0100000000000000
0100000000000000
0100000000000000
0100000000000000
0100000000000000
0100000000000000
0100000000000000
0100000000000000
0100000000000000
0100000000000000
0100000000000000
0100000000000000
0100000000000000
0100000000000000
0100000000000000
0100000000000000
0100000000000000
0100000000000000
0100000000000000
0100000000000000
0100000000000000
0100000000000000
00fe000000000000
00fe000000000000
00fe000000000000
00fe000000000000
00fe000000000000
00fd000000010000
00fd000000010000
00fd000000010000
00fd000000010000
00fd000000010000
00fd000000010000
00fc000000010000
00fc000000010000
00fc000000010000
00fc000000010000
00fc000000010000
00fc000000010000
00fc000000010000
00fd000000010000
00fd000000010000
00fd000000010000
00fd000000010000
00fd000000010000
00fd000000010000
00fe000000000000
00fe000000000000
00fe000000000000
00fe000000000000
00fe000000000000
0100000000000000
0100000000000000
0100000000000000
0100000000000000
0100000000000000
0100000000000000
0100000000000000
0100000000000000
0100000000000000
0100000000000000
0100000000000000
0100000000000000
0100000000000000
0100000000000000
0100000000000000
0100000000000000
0100000000000000
0100000000000000
0100000000000000
0100000000000000
0100000000000000
0100000000000000
0100000000000000
0100000000000000
0100000000000000
0100000000000000
0100000000000000
0100000000000000
0100000000000000
0100000000000000
0100000000000000
0100000000000000
0100000000000000
0100000000000000
0100000000000000
0100000000000000
0100000000000000
0100000000000000
0100000000000000
0100000000000000
0100000000000000
0100000000000000
0100000000000000
0100000000000000
0100000000000000
0100000000000000
0100000000000000
0100000000000000
0100000000000000
0100000000000000
0100000000000000
0100000000000000
0100000000000000
0100000000000000
0100000000000000
0100000000000000
0100000000000000
0100000000000000
0100000000000000
0100000000000000
0100000000000000
0100000000000000
0100000000000000
0100000000000000
0100000000000000
0100000000000000
0100000000000000
0100000000000000
0100000000000000
0100000000000000
0100000000000000
0100000000000000
0100000000000000
0100000000000000
0100000000000000
0100000000000000
0100000000000000
0100000000000000
0100000000000000
0100000000000000
0100000000000000
0100000000000000
0100000000000000
0100000000000000
0100000000000000
0100000000000000
0100000000000000
0100000000000000
0100000000000000
0100000000000000
0100000000000000
0100000000000000
0100000000000000
0100000000000000
0100000000000000
0100000000000000
0100000000000000
00fe000000000000
00fe000000000000
00fe000000000000
00fe000000000000
00fd000000010000
00fd000000010000
00fd000000010000
00fd000000010000
00fc000000010000
00fc000000010000
00fc000000010000
00fc000000010000
00fc000000010000
00fc000000010000
00fc000000010000
00fc000000010000
00fc000000010000
00fc000000010000
00fc000000010000
00fc000000010000
00fc000000010000
00fc000000010000
00fc000000010000
00fc000000010000
00fc000000010000
00fd000000010000
00fd000000010000
00fd000000010000
00fd000000010000
00fe000000000000
00fe000000000000
00fe000000000000
00fe000000000000
0100000000000000
0100000000000000
0100000000000000
0100000000000000
0100000000000000
0100000000000000
0100000000000000
0100000000000000
0100000000000000
0100000000000000
0100000000000000
0100000000000000
0100000000000000
0100000000000000
0100000000000000
0100000000000000
0100000000000000
0100000000000000
0100000000000000
0100000000000000
0100000000000000
0100000000000000
0100000000000000
0100000000000000
0100000000000000
0100000000000000
0100000000000000
0100000000000000
0100000000000000
0100000000000000
0100000000000000
0100000000000000
0100000000000000
0100000000000000
0100000000000000
0100000000000000
0100000000000000
0100000000000000
0100000000000000
0100000000000000
0100000000000000
0100000000000000
0100000000000000
0100000000000000
0100000000000000
0100000000000000
0100000000000000
0100000000000000
0100000000000000
0100000000000000
0100000000000000
0100000000000000
0100000000000000
0100000000000000
0100000000000000
0100000000000000
0100000000000000
0100000000000000
0100000000000000
0100000000000000
0100000000000000
0100000000000000
0100000000000000
0100000000000000
0100000000000000
0100000000000000
0100000000000000
0100000000000000
0100000000000000
0100000000000000
0100000000000000
0100000000000000
0100000000000000
0100000000000000
0100000000000000
0100000000000000
0100000000000000
0100000000000000
0100000000000000
0100000000000000
0100000000000000
0100000000000000
0100000000000000
0100000000000000
0100000000000000
0100000000000000
0100000000000000
0100000000000000
0100000000000000
0100000000000000
0100000000000000
0100000000000000
0100000000000000
00fe000000000000
00fe000000000000
00fe000000000000
00fe000000000000
00fd000000010000
00fd000000010000
00fd000000010000
00fc000000010000
00fc000000010000
00fc000000010000
00fc000000010000
00fc000000010000
00fc000000010000
00fc000000010000
00fb000000010000
00fb000000010000
00fb000000010000
00fb000000010000
00fb000000010000
00fb000000010000
00fb000000010000
00fb000000010000
00fb000000010000
00fc000000010000
00fc000000010000
00fc000000010000
00fc000000010000
00fc000000010000
00fc000000010000
00fc000000010000
00fd000000010000
00fd000000010000
00fd000000010000
00fe000000000000
00fe000000000000
00fe000000000000
00fe000000000000
0100000000000000
0100000000000000
0100000000000000
0100000000000000
0100000000000000
0100000000000000
0100000000000000
0100000000000000
0100000000000000
0100000000000000
0100000000000000
0100000000000000
0100000000000000
0100000000000000
0100000000000000
0100000000000000
0100000000000000
0100000000000000
0100000000000000
0100000000000000
0100000000000000
0100000000000000
0100000000000000
0100000000000000
0100000000000000
0100000000000000
0100000000000000
0100000000000000
0100000000000000
0100000000000000
0100000000000000
0100000000000000
0100000000000000
0100000000000000
0100000000000000
0100000000000000
0100000000000000
0100000000000000
0100000000000000
0100000000000000
0100000000000000
0100000000000000
0100000000000000
0100000000000000
0100000000000000
0100000000000000
0100000000000000
0100000000000000
0100000000000000
0100000000000000
0100000000000000
0100000000000000
0100000000000000
0100000000000000
0100000000000000
0100000000000000
0100000000000000
0100000000000000
0100000000000000
0100000000000000
0100000000000000
0100000000000000
0100000000000000
0100000000000000
0100000000000000
0100000000000000
0100000000000000
0100000000000000
0100000000000000
0100000000000000
0100000000000000
0100000000000000
0100000000000000
0100000000000000
0100000000000000
0100000000000000
0100000000000000
0100000000000000
0100000000000000
0100000000000000
0100000000000000
0100000000000000
0100000000000000
0100000000000000
0100000000000000
0100000000000000
0100000000000000
0100000000000000
0100000000000000
0100000000000000
00fe000000000000
00fe000000000000
00fe000000000000
00fd000000010000
00fd000000010000
00fd000000010000
00fc000000010000
00fc000000010000
00fc000000010000
00fc000000010000
00fc000000010000
00fb000000010000
00fb000000010000
00fa000000010000
00fa000000010000
00fa000000010000
00fa000000010000
00f9000000010000
00f9000000010000
00f9000000010000
00f9000000010000
00f9000000010000
00fa000000010000
00fa000000010000
00fa000000010000
00fa000000010000
00fb000000010000
00fb000000010000
00fc000000010000
00fc000000010000
00fc000000010000
00fc000000010000
00fc000000010000
00fd000000010000
00fd000000010000
00fd000000010000
00fe000000000000
00fe000000000000
00fe000000000000
0100000000000000
0100000000000000
0100000000000000
0100000000000000
0100000000000000
0100000000000000
0100000000000000
0100000000000000
0100000000000000
0100000000000000
0100000000000000
0100000000000000
0100000000000000
0100000000000000
0100000000000000
0100000000000000
0100000000000000
0100000000000000
0100000000000000
0100000000000000
0100000000000000
0100000000000000
0100000000000000
0100000000000000
0100000000000000
0100000000000000
0100000000000000
0100000000000000
0100000000000000
0100000000000000
0100000000000000
0100000000000000
0100000000000000
0100000000000000
0100000000000000
0100000000000000
0100000000000000
0100000000000000
0100000000000000
0100000000000000
0100000000000000
0100000000000000
0100000000000000
0100000000000000
0100000000000000
0100000000000000
0100000000000000
0100000000000000
0100000000000000
0100000000000000
0100000000000000
0100000000000000
0100000000000000
0100000000000000
0100000000000000
0100000000000000
0100000000000000
0100000000000000
0100000000000000
0100000000000000
0100000000000000
0100000000000000
0100000000000000
0100000000000000
0100000000000000
0100000000000000
0100000000000000
0100000000000000
0100000000000000
0100000000000000
0100000000000000
0100000000000000
0100000000000000
0100000000000000
0100000000000000
0100000000000000
0100000000000000
0100000000000000
0100000000000000
0100000000000000
0100000000000000
0100000000000000
0100000000000000
0100000000000000
0100000000000000
0100000000000000
0100000000000000
0100000000000000
00fe000000000000
00fe000000000000
00fe000000000000
00fd000000010000
00fd000000010000
00fc000000010000
00fc000000010000
00fc000000010000
00fc000000010000
00fb000000010000
00fb000000010000
00fa000000010000
00fa000000010000
00f9000000010000
00f9000000010000
00f8000000010000
00f8000000010000
00f8000000010000
00f7000000010000
00f7000000010000
00f7000000010000
00f7000000010000
00f7000000010000
00f8000000010000
00f8000000010000
00f8000000010000
00f9000000010000
00f9000000010000
00fa000000010000
00fa000000010000
00fb000000010000
00fb000000010000
00fc000000010000
00fc000000010000
00fc000000010000
00fc000000010000
00fd000000010000
00fd000000010000
00fe000000000000
00fe000000000000
00fe000000000000
0100000000000000
0100000000000000
0100000000000000
0100000000000000
0100000000000000
0100000000000000
0100000000000000
0100000000000000
0100000000000000
0100000000000000
0100000000000000
0100000000000000
0100000000000000
0100000000000000
0100000000000000
0100000000000000
0100000000000000
0100000000000000
0100000000000000
0100000000000000
0100000000000000
0100000000000000
0100000000000000
0100000000000000
0100000000000000
0100000000000000
0100000000000000
0100000000000000
0100000000000000
0100000000000000
0100000000000000
0100000000000000
0100000000000000
0100000000000000
0100000000000000
0100000000000000
0100000000000000
0100000000000000
0100000000000000
0100000000000000
0100000000000000
0100000000000000
0100000000000000
0100000000000000
0100000000000000
0100000000000000
0100000000000000
0100000000000000
0100000000000000
0100000000000000
0100000000000000
0100000000000000
0100000000000000
0100000000000000
0100000000000000
0100000000000000
0100000000000000
0100000000000000
0100000000000000
0100000000000000
0100000000000000
0100000000000000
0100000000000000
0100000000000000
0100000000000000
0100000000000000
0100000000000000
0100000000000000
0100000000000000
0100000000000000
0100000000000000
0100000000000000
0100000000000000
0100000000000000
0100000000000000
0100000000000000
0100000000000000
0100000000000000
0100000000000000
0100000000000000
0100000000000000
0100000000000000
0100000000000000
0100000000000000
0100000000000000
00fe000000000000
00fe000000000000
00fe000000000000
00fd000000010000
00fd000000010000
00fc000000010000
00fc000000010000
00fc000000010000
00fc000000010000
00fb000000010000
00fa000000010000
00fa000000010000
00f9000000010000
00f8000000010000
00f8000000010000
00f7000000010000
00f7000000010000
00f6000000010000
00f6000000010000
00f5000000020000
00f5000000020000
00f5000000020000
00f5000000020000
00f5000000020000
00f5000000020000
00f5000000020000
00f6000000010000
00f6000000010000
00f7000000010000
00f7000000010000
00f8000000010000
00f8000000010000
00f9000000010000
00fa000000010000
00fa000000010000
00fb000000010000
00fc000000010000
00fc000000010000
00fc000000010000
00fd000000010000
00fd000000010000
00fd000000010000
00fe000000000000
00fe000000000000
00fe000000000000
0100000000000000
0100000000000000
0100000000000000
0100000000000000
0100000000000000
0100000000000000
0100000000000000
0100000000000000
0100000000000000
0100000000000000
0100000000000000
0100000000000000
0100000000000000
0100000000000000
0100000000000000
0100000000000000
0100000000000000
0100000000000000
0100000000000000
0100000000000000
0100000000000000
0100000000000000
0100000000000000
0100000000000000
0100000000000000
0100000000000000
0100000000000000
0100000000000000
0100000000000000
0100000000000000
0100000000000000
0100000000000000
0100000000000000
0100000000000000
0100000000000000
0100000000000000
0100000000000000
0100000000000000
0100000000000000
0100000000000000
0100000000000000
0100000000000000
0100000000000000
0100000000000000
0100000000000000
0100000000000000
0100000000000000
0100000000000000
0100000000000000
0100000000000000
0100000000000000
0100000000000000
0100000000000000
0100000000000000
0100000000000000
0100000000000000
0100000000000000
0100000000000000
0100000000000000
0100000000000000
0100000000000000
0100000000000000
0100000000000000
0100000000000000
0100000000000000
0100000000000000
0100000000000000
0100000000000000
0100000000000000
0100000000000000
0100000000000000
0100000000000000
0100000000000000
0100000000000000
0100000000000000
0100000000000000
0100000000000000
0100000000000000
0100000000000000
0100000000000000
0100000000000000
0100000000000000
00fe000000000000
00fe000000000000
00fe000000000000
00fd000000010000
00fd000000010000
00fc000000010000
00fc000000010000
00fc000000010000
00fb000000010000
00fa000000010000
00fa000000010000
00f9000000010000
00f8000000010000
00f7000000010000
00f6000000010000
00f6000000010000
00f5000000020000
00f5000000020000
00f4000000020001
00f4000000020001
00f4000000020001
00f3000000020001
00f3000000020001
00f3000000020001
00f3000000020001
00f3000000020001
00f4000000020001
00f4000000020001
00f5000000020000
00f5000000020000
00f5000000020000
00f6000000010000
00f6000000010000
00f7000000010000
00f8000000010000
00f9000000010000
00fa000000010000
00fb000000010000
00fb000000010000
00fc000000010000
00fc000000010000
00fc000000010000
00fd000000010000
00fd000000010000
00fe000000000000
00fe000000000000
00fe000000000000
0100000000000000
0100000000000000
0100000000000000
0100000000000000
0100000000000000
0100000000000000
0100000000000000
0100000000000000
0100000000000000
0100000000000000
0100000000000000
0100000000000000
0100000000000000
0100000000000000
0100000000000000
0100000000000000
0100000000000000
0100000000000000
0100000000000000
0100000000000000
0100000000000000
0100000000000000
0100000000000000
0100000000000000
0100000000000000
0100000000000000
0100000000000000
0100000000000000
0100000000000000
0100000000000000
0100000000000000
0100000000000000
0100000000000000
0100000000000000
0100000000000000
0100000000000000
0100000000000000
0100000000000000
0100000000000000
0100000000000000
0100000000000000
0100000000000000
0100000000000000
0100000000000000
0100000000000000
0100000000000000
0100000000000000
0100000000000000
0100000000000000
0100000000000000
0100000000000000
0100000000000000
0100000000000000
0100000000000000
0100000000000000
0100000000000000
0100000000000000
0100000000000000
0100000000000000
0100000000000000
0100000000000000
0100000000000000
0100000000000000
0100000000000000
0100000000000000
0100000000000000
0100000000000000
0100000000000000
0100000000000000
0100000000000000
0100000000000000
0100000000000000
0100000000000000
0100000000000000
0100000000000000
0100000000000000
0100000000000000
0100000000000000
0100000000000000
0100000000000000
00fe000000000000
00fe000000000000
00fe000000000000
00fd000000010000
00fd000000010000
00fc000000010000
00fc000000010000
00fc000000010000
00fb000000010000
00fa000000010000
00f9000000010000
00f8000000010000
00f7000000010000
00f6000000010000
00f5000000020000
00f5000000020000
00f4000000020001
00f3000000020001
00f2000100020001
00f1000100020001
00f1000100020001
00f0000100020001
00f0000100020001
00f0000100020001
00f0000100020001
00f0000100020001
00f0000100020001
00f0000100020001
00f1000100020001
00f1000100020001
00f2000100020001
00f3000000020001
00f4000000020001
00f5000000020000
00f5000000020000
00f6000000010000
00f7000000010000
00f8000000010000
00f9000000010000
00fa000000010000
00fb000000010000
00fc000000010000
00fc000000010000
00fc000000010000
00fd000000010000
00fd000000010000
00fe000000000000
00fe000000000000
00fe000000000000
0100000000000000
0100000000000000
0100000000000000
0100000000000000
0100000000000000
0100000000000000
0100000000000000
0100000000000000
0100000000000000
0100000000000000
0100000000000000
0100000000000000
0100000000000000
0100000000000000
0100000000000000
0100000000000000
0100000000000000
0100000000000000
0100000000000000
0100000000000000
0100000000000000
0100000000000000
0100000000000000
0100000000000000
0100000000000000
0100000000000000
0100000000000000
0100000000000000
0100000000000000
0100000000000000
0100000000000000
0100000000000000
0100000000000000
0100000000000000
0100000000000000
0100000000000000
0100000000000000
0100000000000000
0100000000000000
0100000000000000
0100000000000000
0100000000000000
0100000000000000
0100000000000000
0100000000000000
0100000000000000
0100000000000000
0100000000000000
0100000000000000
0100000000000000
0100000000000000
0100000000000000
0100000000000000
0100000000000000
0100000000000000
0100000000000000
0100000000000000
0100000000000000
0100000000000000
0100000000000000
0100000000000000
0100000000000000
0100000000000000
0100000000000000
0100000000000000
0100000000000000
0100000000000000
0100000000000000
0100000000000000
0100000000000000
0100000000000000
0100000000000000
0100000000000000
0100000000000000
0100000000000000
0100000000000000
0100000000000000
0100000000000000
00fe000000000000
00fe000000000000
00fe000000000000
00fd000000010000
00fd000000010000
00fc000000010000
00fc000000010000
00fb000000010000
00fa000000010000
00f9000000010000
00f8000000010000
00f7000000010000
00f6000000010000
00f5000000020000
00f4000000020001
00f3000000020001
00f2000100020001
00f1000100020001
00f0000100020001
00ef000100020001
00ee000100030001
00ee000100030001
00ed000100030001
00ed000100030001
00ed000100030001
00ec000100030001
00ed000100030001
00ed000100030001
00ed000100030001
00ee000100030001
00ee000100030001
00ef000100020001
00f0000100020001
00f1000100020001
00f2000100020001
00f3000000020001
00f5000000020000
00f5000000020000
00f6000000010000
00f7000000010000
00f8000000010000
00fa000000010000
00fb000000010000
00fb000000010000
00fc000000010000
00fc000000010000
00fd000000010000
00fd000000010000
00fe000000000000
00fe000000000000
00fe000000000000
0100000000000000
0100000000000000
0100000000000000
0100000000000000
0100000000000000
0100000000000000
0100000000000000
0100000000000000
0100000000000000
0100000000000000
0100000000000000
0100000000000000
0100000000000000
0100000000000000
0100000000000000
0100000000000000
0100000000000000
0100000000000000
0100000000000000
0100000000000000
0100000000000000
0100000000000000
0100000000000000
0100000000000000
0100000000000000
0100000000000000
0100000000000000
0100000000000000
0100000000000000
0100000000000000
0100000000000000
0100000000000000
0100000000000000
0100000000000000
0100000000000000
0100000000000000
0100000000000000
0100000000000000
0100000000000000
0100000000000000
0100000000000000
0100000000000000
0100000000000000
0100000000000000
0100000000000000
0100000000000000
0100000000000000
0100000000000000
0100000000000000
0100000000000000
0100000000000000
0100000000000000
0100000000000000
0100000000000000
0100000000000000
0100000000000000
0100000000000000
0100000000000000
0100000000000000
0100000000000000
0100000000000000
0100000000000000
0100000000000000
0100000000000000
0100000000000000
0100000000000000
0100000000000000
0100000000000000
0100000000000000
0100000000000000
0100000000000000
0100000000000000
0100000000000000
0100000000000000
0100000000000000
0100000000000000
00fe000000000000
00fe000000000000
00fe000000000000
00fd000000010000
00fd000000010000
00fc000000010000
00fc000000010000
00fb000000010000
00fa000000010000
00f9000000010000
00f8000000010000
00f6000000010000
00f5000000020000
00f5000000020000
00f3000000020001
00f2000100020001
00f0000100020001
00ef000100020001
00ee000100030001
00ed000100030001
00ec000100030001
00ea000100030001
00e9000100030001
00e9000100030001
00e8000100030001
00e8000100030001
00e8000100030001
00e8000100030001
00e8000100030001
00e9000100030001
00ea000100030001
00eb000100030001
00ec000100030001
00ed000100030001
00ee000100030001
00ef000100020001
00f0000100020001
00f2000100020001
00f3000000020001
00f5000000020000
00f5000000020000
00f7000000010000
00f8000000010000
00f9000000010000
00fa000000010000
00fb000000010000
00fc000000010000
00fc000000010000
00fd000000010000
00fd000000010000
00fe000000000000
00fe000000000000
0100000000000000
0100000000000000
0100000000000000
0100000000000000
0100000000000000
0100000000000000
0100000000000000
0100000000000000
0100000000000000
0100000000000000
0100000000000000
0100000000000000
0100000000000000
0100000000000000
0100000000000000
0100000000000000
0100000000000000
0100000000000000
0100000000000000
0100000000000000
0100000000000000
0100000000000000
0100000000000000
0100000000000000
0100000000000000
0100000000000000
0100000000000000
0100000000000000
0100000000000000
0100000000000000
0100000000000000
0100000000000000
0100000000000000
0100000000000000
0100000000000000
0100000000000000
0100000000000000
0100000000000000
0100000000000000
0100000000000000
0100000000000000
0100000000000000
0100000000000000
0100000000000000
0100000000000000
0100000000000000
0100000000000000
0100000000000000
0100000000000000
0100000000000000
0100000000000000
0100000000000000
0100000000000000
0100000000000000
0100000000000000
0100000000000000
0100000000000000
0100000000000000
0100000000000000
0100000000000000
0100000000000000
0100000000000000
0100000000000000
0100000000000000
0100000000000000
0100000000000000
0100000000000000
0100000000000000
0100000000000000
0100000000000000
0100000000000000
0100000000000000
0100000000000000
0100000000000000
0100000000000000
0100000000000000
00fe000000000000
00fe000000000000
00fd000000010000
00fd000000010000
00fc000000010000
00fc000000010000
00fb000000010000
00fa000000010000
00f9000000010000
00f7000000010000
00f6000000010000
00f5000000020000
00f4000000020001
00f2000100020001
00f0000100020001
00ee000100030001
00ed000100030001
00ec000100030001
00ea000100030001
00e8000100030001
00e7000100040001
00e6000100040001
00e5000100040001
00e4000100040001
00e4000100040001
00e3000100040001
00e3000100040001
00e3000100040001
00e4000100040001
00e5000100040001
00e6000100040001
00e7000100040001
00e7000100040001
00e9000100030001
00ea000100030001
00ec000100030001
00ee000100030001
00ef000100020001
00f0000100020001
00f2000100020001
00f4000000020001
00f5000000020000
00f6000000010000
00f8000000010000
00f9000000010000
00fa000000010000
00fb000000010000
00fc000000010000
00fc000000010000
00fd000000010000
00fd000000010000
00fe000000000000
00fe000000000000
0100000000000000
0100000000000000
0100000000000000
0100000000000000
0100000000000000
0100000000000000
0100000000000000
0100000000000000
0100000000000000
0100000000000000
0100000000000000
0100000000000000
0100000000000000
0100000000000000
0100000000000000
0100000000000000
0100000000000000
0100000000000000
0100000000000000
0100000000000000
0100000000000000
0100000000000000
0100000000000000
0100000000000000
0100000000000000
0100000000000000
0100000000000000
0100000000000000
0100000000000000
0100000000000000
0100000000000000
0100000000000000
0100000000000000
0100000000000000
0100000000000000
0100000000000000
0100000000000000
0100000000000000
0100000000000000
0100000000000000
0100000000000000
0100000000000000
0100000000000000
0100000000000000
0100000000000000
0100000000000000
0100000000000000
0100000000000000
0100000000000000
0100000000000000
0100000000000000
0100000000000000
0100000000000000
0100000000000000
0100000000000000
0100000000000000
0100000000000000
0100000000000000
0100000000000000
0100000000000000
0100000000000000
0100000000000000
0100000000000000
0100000000000000
0100000000000000
0100000000000000
0100000000000000
0100000000000000
0100000000000000
0100000000000000
0100000000000000
0100000000000000
0100000000000000
0100000000000000
00fe000000000000
00fe000000000000
00fd000000010000
00fd000000010000
00fc000000010000
00fc000000010000
00fb000000010000
00fa000000010000
00f9000000010000
00f7000000010000
00f6000000010000
00f5000000020000
00f3000000020001
00f1000100020001
00ef000100020001
00ee000100030001
00ec000100030001
00e9000100030001
00e7000100040001
00e6000100040001
00e4000100040001
00e2000100040001
00e1000100040001
00e0000100050001
00df000100050001
00df000100050001
00de000100050001
00de000100050001
00de000100050001
00df000100050001
00e0000100050001
00e0000100050001
00e1000100040001
00e3000100040001
00e4000100040001
00e6000100040001
00e8000100030001
00ea000100030001
00ec000100030001
00ee000100030001
00ef000100020001
00f1000100020001
00f3000000020001
00f5000000020000
00f6000000010000
00f7000000010000
00f9000000010000
00fa000000010000
00fb000000010000
00fc000000010000
00fc000000010000
00fd000000010000
00fd000000010000
00fe000000000000
00fe000000000000
0100000000000000
0100000000000000
0100000000000000
0100000000000000
0100000000000000
0100000000000000
0100000000000000
0100000000000000
0100000000000000
0100000000000000
0100000000000000
0100000000000000
0100000000000000
0100000000000000
0100000000000000
0100000000000000
0100000000000000
0100000000000000
0100000000000000
0100000000000000
0100000000000000
0100000000000000
0100000000000000
0100000000000000
0100000000000000
0100000000000000
0100000000000000
0100000000000000
0100000000000000
0100000000000000
0100000000000000
0100000000000000
0100000000000000
0100000000000000
0100000000000000
0100000000000000
0100000000000000
0100000000000000
0100000000000000
0100000000000000
0100000000000000
0100000000000000
0100000000000000
0100000000000000
0100000000000000
0100000000000000
0100000000000000
0100000000000000
0100000000000000
0100000000000000
0100000000000000
0100000000000000
0100000000000000
0100000000000000
0100000000000000
0100000000000000
0100000000000000
0100000000000000
0100000000000000
0100000000000000
0100000000000000
0100000000000000
0100000000000000
0100000000000000
0100000000000000
0100000000000000
0100000000000000
0100000000000000
0100000000000000
0100000000000000
0100000000000000
0100000000000000
00fe000000000000
00fe000000000000
00fd000000010000
00fd000000010000
00fc000000010000
00fc000000010000
00fb000000010000
00fa000000010000
00f9000000010000
00f7000000010000
00f5000000020000
00f4000000020001
00f2000100020001
00f0000100020001
00ee000100030001
00ec000100030001
00ea000100030001
00e7000100040001
00e6000100040001
00e3000100040001
00e1000100040001
00df000100050001
00dd000100050001
00db000100050001
00da000100050001
00d9000100050001
00d9000100050001
00d8000100060001
00d8000100060001
00d8000100060001
00d9000100050001
00d9000100050001
00da000100050001
00dc000100050001
00de000100050001
00e0000100050001
00e1000100040001
00e4000100040001
00e6000100040001
00e8000100030001
00ea000100030001
00ed000100030001
00ee000100030001
00f1000100020001
00f3000000020001
00f5000000020000
00f6000000010000
00f7000000010000
00f9000000010000
00fa000000010000
00fb000000010000
00fc000000010000
00fc000000010000
00fd000000010000
00fd000000010000
00fe000000000000
00fe000000000000
0100000000000000
0100000000000000
0100000000000000
0100000000000000
0100000000000000
0100000000000000
0100000000000000
0100000000000000
0100000000000000
0100000000000000
0100000000000000
0100000000000000
0100000000000000
0100000000000000
0100000000000000
0100000000000000
0100000000000000
0100000000000000
0100000000000000
0100000000000000
0100000000000000
0100000000000000
0100000000000000
0100000000000000
0100000000000000
0100000000000000
0100000000000000
0100000000000000
0100000000000000
0100000000000000
0100000000000000
0100000000000000
0100000000000000
0100000000000000
0100000000000000
0100000000000000
0100000000000000
0100000000000000
0100000000000000
0100000000000000
0100000000000000
0100000000000000
0100000000000000
0100000000000000
0100000000000000
0100000000000000
0100000000000000
0100000000000000
0100000000000000
0100000000000000
0100000000000000
0100000000000000
0100000000000000
0100000000000000
0100000000000000
0100000000000000
0100000000000000
0100000000000000
0100000000000000
0100000000000000
0100000000000000
0100000000000000
0100000000000000
0100000000000000
0100000000000000
0100000000000000
0100000000000000
0100000000000000
0100000000000000
0100000000000000
00fe000000000000
00fe000000000000
00fe000000000000
00fd000000010000
00fc000000010000
00fc000000010000
00fb000000010000
00fa000000010000
00f9000000010000
00f7000000010000
00f5000000020000
00f4000000020001
00f2000100020001
00f0000100020001
00ee000100030001
00eb000100030001
00e8000100030001
00e6000100040001
00e3000100040001
00e0000100050001
00df000100050001
00dc000100050001
00d9000100050001
00d7000100060001
00d5000100060001
00d3000100060002
00d2000100060002
00d2000100060002
00d1000100070002
00d1000100070002
00d1000100070002
00d2000100060002
00d2000100060002
00d4000100060002
00d6000100060001
00d8000100060001
00d9000100050001
00dc000100050001
00df000100050001
00e1000100040001
00e4000100040001
00e7000100040001
00e9000100030001
00ec000100030001
00ee000100030001
00f0000100020001
00f2000100020001
00f5000000020000
00f6000000010000
00f7000000010000
00f9000000010000
00fa000000010000
00fb000000010000
00fc000000010000
00fc000000010000
00fd000000010000
00fe000000000000
00fe000000000000
0100000000000000
0100000000000000
0100000000000000
0100000000000000
0100000000000000
0100000000000000
0100000000000000
0100000000000000
0100000000000000
0100000000000000
0100000000000000
0100000000000000
0100000000000000
0100000000000000
0100000000000000
0100000000000000
0100000000000000
0100000000000000
0100000000000000
0100000000000000
0100000000000000
0100000000000000
0100000000000000
0100000000000000
0100000000000000
0100000000000000
0100000000000000
0100000000000000
0100000000000000
0100000000000000
0100000000000000
0100000000000000
0100000000000000
0100000000000000
0100000000000000
0100000000000000
0100000000000000
0100000000000000
0100000000000000
0100000000000000
0100000000000000
0100000000000000
0100000000000000
0100000000000000
0100000000000000
0100000000000000
0100000000000000
0100000000000000
0100000000000000
0100000000000000
0100000000000000
0100000000000000
0100000000000000
0100000000000000
0100000000000000
0100000000000000
0100000000000000
0100000000000000
0100000000000000
0100000000000000
0100000000000000
0100000000000000
0100000000000000
0100000000000000
0100000000000000
0100000000000000
0100000000000000
0100000000000000
0100000000000000
0100000000000000
00fe000000000000
00fe000000000000
00fd000000010000
00fc000000010000
00fc000000010000
00fc000000010000
00fa000000010000
00f9000000010000
00f7000000010000
00f5000000020000
00f4000000020001
00f2000100020001
00ef000100020001
00ee000100030001
00eb000100030001
00e7000100040001
00e5000100040001
00e2000100040001
00df000100050001
00dc000100050001
00d9000100050001
00d6000100060001
00d3000100060002
00d1000100070002
00ce000100070002
00cc000200070002
00cb000200070002
00ca000200080002
00c9000200080002
00c9000200080002
00c9000200080002
00ca000200080002
00cb000200070002
00cc000200070002
00cf000100070002
00d1000100070002
00d3000100060002
00d6000100060001
00d9000100050001
00dc000100050001
00e0000100050001
00e2000100040001
00e6000100040001
00e8000100030001
00eb000100030001
00ee000100030001
00f0000100020001
00f2000100020001
00f5000000020000
00f6000000010000
00f8000000010000
00f9000000010000
00fb000000010000
00fc000000010000
00fc000000010000
00fd000000010000
00fd000000010000
00fe000000000000
00fe000000000000
0100000000000000
0100000000000000
0100000000000000
0100000000000000
0100000000000000
0100000000000000
0100000000000000
0100000000000000
0100000000000000
0100000000000000
0100000000000000
0100000000000000
0100000000000000
0100000000000000
0100000000000000
0100000000000000
0100000000000000
0100000000000000
0100000000000000
0100000000000000
0100000000000000
0100000000000000
0100000000000000
0100000000000000
0100000000000000
0100000000000000
0100000000000000
0100000000000000
0100000000000000
0100000000000000
0100000000000000
0100000000000000
0100000000000000
0100000000000000
0100000000000000
0100000000000000
0100000000000000
0100000000000000
0100000000000000
0100000000000000
0100000000000000
0100000000000000
0100000000000000
0100000000000000
0100000000000000
0100000000000000
0100000000000000
0100000000000000
0100000000000000
0100000000000000
0100000000000000
0100000000000000
0100000000000000
0100000000000000
0100000000000000
0100000000000000
0100000000000000
0100000000000000
0100000000000000
0100000000000000
0100000000000000
0100000000000000
0100000000000000
0100000000000000
0100000000000000
0100000000000000
0100000000000000
0100000000000000
00fe000000000000
00fe000000000000
00fd000000010000
00fd000000010000
00fc000000010000
00fc000000010000
00fb000000010000
00f9000000010000
00f8000000010000
00f6000000010000
00f5000000020000
00f2000100020001
00f0000100020001
00ee000100030001
00ea000100030001
00e7000100040001
00e4000100040001
00e0000100050001
00dd000100050001
00d9000100050001
00d6000100060001
00d2000100060002
00cf000100070002
00cc000200070002
00c9000200080002
00c6000200080002
00c4000200080002
00c3000200080002
00c1000200090002
00c1000200090002
00c0000200090002
00c1000200090002
00c2000200090002
00c3000200080002
00c4000200080002
00c7000200080002
00ca000200080002
00cc000200070002
00d0000100070002
00d3000100060002
00d7000100060001
00da000100050001
00de000100050001
00e1000100040001
00e5000100040001
00e7000100040001
00eb000100030001
00ee000100030001
00f0000100020001
00f3000000020001
00f5000000020000
00f6000000010000
00f8000000010000
00fa000000010000
00fb000000010000
00fc000000010000
00fc000000010000
00fd000000010000
00fd000000010000
00fe000000000000
00fe000000000000
0100000000000000
0100000000000000
0100000000000000
0100000000000000
0100000000000000
0100000000000000
0100000000000000
0100000000000000
0100000000000000
0100000000000000
0100000000000000
0100000000000000
0100000000000000
0100000000000000
0100000000000000
0100000000000000
0100000000000000
0100000000000000
0100000000000000
0100000000000000
0100000000000000
0100000000000000
0100000000000000
0100000000000000
0100000000000000
0100000000000000
0100000000000000
0100000000000000
0100000000000000
0100000000000000
0100000000000000
0100000000000000
0100000000000000
0100000000000000
0100000000000000
0100000000000000
0100000000000000
0100000000000000
0100000000000000
0100000000000000
0100000000000000
0100000000000000
0100000000000000
0100000000000000
0100000000000000
0100000000000000
0100000000000000
0100000000000000
0100000000000000
0100000000000000
0100000000000000
0100000000000000
0100000000000000
0100000000000000
0100000000000000
0100000000000000
0100000000000000
0100000000000000
0100000000000000
0100000000000000
0100000000000000
0100000000000000
0100000000000000
0100000000000000
0100000000000000
0100000000000000
0100000000000000
00fe000000000000
00fe000000000000
00fd000000010000
00fc000000010000
00fc000000010000
00fb000000010000
00fa000000010000
00f8000000010000
00f6000000010000
00f5000000020000
00f3000000020001
00f0000100020001
00ee000100030001
00ea000100030001
00e7000100040001
00e4000100040001
00e0000100050001
00dc000100050001
00d8000100060001
00d4000100060002
00d0000100070002
00cc000200070002
00c8000200080002
00c4000200080002
00c1000200090002
00be000200090002
00bc000200090002
00b90002000a0002
00b80002000a0002
00b70002000a0002
00b70002000a0002
00b70002000a0002
00b80002000a0002
00ba0002000a0002
00bc000200090002
00be000200090002
00c2000200090002
00c5000200080002
00c9000200080002
00cc000200070002
00d1000100070002
00d5000100060001
00d9000100050001
00dd000100050001
00e0000100050001
00e4000100040001
00e7000100040001
00eb000100030001
00ee000100030001
00f0000100020001
00f3000000020001
00f5000000020000
00f7000000010000
00f8000000010000
00fa000000010000
00fb000000010000
00fc000000010000
00fc000000010000
00fd000000010000
00fe000000000000
00fe000000000000
0100000000000000
0100000000000000
0100000000000000
0100000000000000
0100000000000000
0100000000000000
0100000000000000
0100000000000000
0100000000000000
0100000000000000
0100000000000000
0100000000000000
0100000000000000
0100000000000000
0100000000000000
0100000000000000
0100000000000000
0100000000000000
0100000000000000
0100000000000000
0100000000000000
0100000000000000
0100000000000000
0100000000000000
0100000000000000
0100000000000000
0100000000000000
0100000000000000
0100000000000000
0100000000000000
0100000000000000
0100000000000000
0100000000000000
0100000000000000
0100000000000000
0100000000000000
0100000000000000
0100000000000000
0100000000000000
0100000000000000
0100000000000000
0100000000000000
0100000000000000
0100000000000000
0100000000000000
0100000000000000
0100000000000000
0100000000000000
0100000000000000
0100000000000000
0100000000000000
0100000000000000
0100000000000000
0100000000000000
0100000000000000
0100000000000000
0100000000000000
0100000000000000
0100000000000000
0100000000000000
0100000000000000
0100000000000000
0100000000000000
0100000000000000
0100000000000000
0100000000000000
00fe000000000000
00fe000000000000
00fd000000010000
00fd000000010000
00fc000000010000
00fc000000010000
00fa000000010000
00f9000000010000
00f7000000010000
00f5000000020000
00f3000000020001
00f1000100020001
00ee000100030001
00e9000100030001
00e5000100030001
00e2000100040001
00de000100040001
00da000100050001
00d6000100050001
00d0000100060002
00cc000100070002
00c8000200070002
00c2000200080002
00bf000200090002
00bb000200090002
00b60002000a0002
00b40002000a0002
00b00002000b0003
00ad0002000b0003
00ad0002000b0003
00ab0002000b0003
00ab0002000b0003
00ab0002000b0003
00ad0002000b0003
00ae0002000b0003
00b10002000b0003
00b40002000a0002
00b70002000a0002
00bb000200090002
00bf000200090002
00c3000200080002
00ca000200080002
00cf000100070002
00d3000100060002
00d8000100060001
00dc000100050001
00e0000100050001
00e5000100040001
00e8000100030001
00eb000100030001
00ee000100030001
00f1000100020001
00f4000000020001
00f5000000020000
00f7000000010000
00f9000000010000
00fb000000010000
00fc000000010000
00fc000000010000
00fd000000010000
00fd000000010000
00fe000000000000
00fe000000000000
0100000000000000
0100000000000000
0100000000000000
0100000000000000
0100000000000000
0100000000000000
0100000000000000
0100000000000000
0100000000000000
0100000000000000
0100000000000000
0100000000000000
0100000000000000
0100000000000000
0100000000000000
0100000000000000
0100000000000000
0100000000000000
0100000000000000
0100000000000000
0100000000000000
0100000000000000
0100000000000000
0100000000000000
0100000000000000
0100000000000000
0100000000000000
0100000000000000
0100000000000000
0100000000000000
0100000000000000
0100000000000000
0100000000000000
0100000000000000
0100000000000000
0100000000000000
0100000000000000
0100000000000000
0100000000000000
0100000000000000
0100000000000000
0100000000000000
0100000000000000
0100000000000000
0100000000000000
0100000000000000
0100000000000000
0100000000000000
0100000000000000
0100000000000000
0100000000000000
0100000000000000
0100000000000000
0100000000000000
0100000000000000
0100000000000000
0100000000000000
0100000000000000
0100000000000000
0100000000000000
0100000000000000
0100000000000000
0100000000000000
0100000000000000
0100000000000000
00fe000000000000
00fe000000000000
00fd000000010000
00fc000000010000
00fc000000010000
00fb000000010000
00f9000000010000
00f8000000010000
00f4000000010000
00f2000000020000
00f0000000020001
00ec000100020001
00ea000100030001
00e6000100030001
00e2000100040001
00de000100040001
00da000100050001
00d5000100060001
00d0000100060002
00cb000100070002
00c6000200080002
00c1000200080002
00bb000200090002
00b60002000a0002
00b20002000a0002
00ad0002000b0003
00aa0002000b0003
00a60003000c0003
00a40003000c0003
00a20003000d0003
00a00003000d0003
00a00003000d0003
00a00003000d0003
00a20003000d0003
00a40003000c0003
00a60003000c0003
00aa0002000b0003
00ae0002000b0003
00b30002000a0002
00b70002000a0002
00bc000200090002
00c2000200080002
00c7000200080002
00cc000100070002
00d0000100060002
00d8000100060001
00dc000100050001
00e1000100040001
00e5000100040001
00e9000100030001
00ec000100030001
00ef000100020001
00f2000100020001
00f5000000020000
00f6000000010000
00f8000000010000
00fa000000010000
00fb000000010000
00fc000000010000
00fc000000010000
00fd000000010000
00fe000000000000
00fe000000000000
0100000000000000
0100000000000000
0100000000000000
0100000000000000
0100000000000000
0100000000000000
0100000000000000
0100000000000000
0100000000000000
0100000000000000
0100000000000000
0100000000000000
0100000000000000
0100000000000000
0100000000000000
0100000000000000
0100000000000000
0100000000000000
0100000000000000
0100000000000000
0100000000000000
0100000000000000
0100000000000000
0100000000000000
0100000000000000
0100000000000000
0100000000000000
0100000000000000
0100000000000000
0100000000000000
0100000000000000
0100000000000000
0100000000000000
0100000000000000
0100000000000000
0100000000000000
0100000000000000
0100000000000000
0100000000000000
0100000000000000
0100000000000000
0100000000000000
0100000000000000
0100000000000000
0100000000000000
0100000000000000
0100000000000000
0100000000000000
0100000000000000
0100000000000000
0100000000000000
0100000000000000
0100000000000000
0100000000000000
0100000000000000
0100000000000000
0100000000000000
0100000000000000
0100000000000000
0100000000000000
0100000000000000
0100000000000000
0100000000000000
0100000000000000
00fe000000000000
00fe000000000000
00fd000000010000
00fd000000010000
00fc000000010000
00fc000000010000
00f8000000010000
00f7000000010000
00f5000000010000
00f3000000010000
00f1000000020001
00ee000100020001
00eb000100030001
00e7000100030001
00e4000100040001
00df000100040001
00da000100050001
00d6000100050001
00d0000100060002
00ca000200070002
00c5000200080002
00bf000200090002
00b9000200090002
00b40002000a0002
00ad0002000b0003
00a80002000c0003
00a40003000c0003
009f0004000d0003
009c0003000d0003
00990003000e0003
00970003000e0003
00950003000e0003
00950003000e0003
00950003000e0003
00970003000e0003
00990003000e0003
009c0003000d0003
009f0003000d0003
00a50003000c0003
00a90002000c0003
00ae0002000b0003
00b40002000a0002
00ba000200090002
00c0000200080002
00c6000200080002
00cb000100070002
00d1000100060002
00d7000100050001
00db000100050001
00e1000100040001
00e6000100040001
00ea000100030001
00ee000100030001
00f0000100020001
00f3000000020001
00f5000000020000
00f7000000010000
00f9000000010000
00fa000000010000
00fc000000010000
00fc000000010000
00fd000000010000
00fd000000010000
00fe000000000000
0100000000000000
0100000000000000
0100000000000000
0100000000000000
0100000000000000
0100000000000000
0100000000000000
0100000000000000
0100000000000000
0100000000000000
0100000000000000
0100000000000000
0100000000000000
0100000000000000
0100000000000000
0100000000000000
0100000000000000
0100000000000000
0100000000000000
0100000000000000
0100000000000000
0100000000000000
0100000000000000
0100000000000000
0100000000000000
0100000000000000
0100000000000000
0100000000000000
0100000000000000
0100000000000000
0100000000000000
0100000000000000
0100000000000000
0100000000000000
0100000000000000
0100000000000000
0100000000000000
0100000000000000
0100000000000000
0100000000000000
0100000000000000
0100000000000000
0100000000000000
0100000000000000
0100000000000000
0100000000000000
0100000000000000
0100000000000000
0100000000000000
0100000000000000
0100000000000000
0100000000000000
0100000000000000
0100000000000000
0100000000000000
0100000000000000
0100000000000000
0100000000000000
0100000000000000
0100000000000000
0100000000000000
0100000000000000
0100000000000000
0100000000000000
00fe000000000000
00fe000000000000
00fd000000010000
00fa000000010000
00fa000000010000
00f9000000010000
00f7000000010000
00f6000000010000
00f3000000010000
00f2000000020000
00ef000100020001
00ec000100020001
00e9000100030001
00e5000100030001
00e0000100040001
00dc000100050001
00d6000200050001
00d0000200060002
00ca000200070002
00c4000300080002
00be000300090002
00b70003000a0002
00b10003000a0002
00aa0003000b0003
00a50004000c0003
009f0004000d0003
009a0004000e0003
00950004000e0003
00910004000f0003
008e0004000f0004
008b000400100004
008a000400100004
008a000400100004
008a000400100004
008b000400100004
008e0004000f0004
00910004000f0003
00960004000e0003
009a0003000e0003
009f0003000d0003
00a60003000c0003
00ac0002000b0003
00b30002000a0002
00b9000200090002
00c0000200080002
00c6000200080002
00cc000100070002
00d2000100060001
00d7000100050001
00dd000100050001
00e1000100040001
00e7000100040001
00eb000100030001
00ee000100030001
00f1000100020001
00f4000000020001
00f6000000010000
00f8000000010000
00fa000000010000
00fb000000010000
00fc000000010000
00fc000000010000
00fd000000010000
00fe000000000000
00fe000000000000
0100000000000000
0100000000000000
0100000000000000
0100000000000000
0100000000000000
0100000000000000
0100000000000000
0100000000000000
0100000000000000
0100000000000000
0100000000000000
0100000000000000
0100000000000000
0100000000000000
0100000000000000
0100000000000000
0100000000000000
0100000000000000
0100000000000000
0100000000000000
0100000000000000
0100000000000000
0100000000000000
0100000000000000
0100000000000000
0100000000000000
0100000000000000
0100000000000000
0100000000000000
0100000000000000
0100000000000000
0100000000000000
0100000000000000
0100000000000000
0100000000000000
0100000000000000
0100000000000000
0100000000000000
0100000000000000
0100000000000000
0100000000000000
0100000000000000
0100000000000000
0100000000000000
0100000000000000
0100000000000000
0100000000000000
0100000000000000
0100000000000000
0100000000000000
0100000000000000
0100000000000000
0100000000000000
0100000000000000
0100000000000000
0100000000000000
0100000000000000
0100000000000000
0100000000000000
0100000000000000
0100000000000000
0100000000000000
0100000000000000
00fc000000000000
00fc000000000000
00fb000000000000
00fa000000010000
00fa000000010000
00f8000000010000
00f7000000010000
00f5000000010000
00f3000000010000
00f0000000020001
00ed000100020001
00e9000200030001
00e5000200030001
00e1000200040001
00dd000200040001
00d7000200050001
00d1000200060001
00cb000200070002
00c5000300080002
00be000300090002
00b70003000a0002
00b00003000b0003
00a90003000b0003
00a20004000c0003
009c0004000d0003
00950004000e0003
00900004000f0004
008a000400100004
0085000400100004
0083000400110004
007f000500110004
007e000500110004
007d000500110004
007e000500110004
0080000500110004
0083000400110004
0087000400100004
008b000400100004
00910004000f0003
00960004000e0003
009d0004000d0003
00a40004000c0003
00aa0003000b0003
00b20002000a0002
00b9000200090002
00c0000200080002
00c7000200080002
00cd000100070002
00d3000100060001
00d9000100050001
00de000100040001
00e3000100040001
00e7000100030001
00eb000100030001
00f0000100020001
00f3000000020001
00f5000000020000
00f7000000010000
00f9000000010000
00fb000000010000
00fc000000010000
00fc000000010000
00fd000000010000
00fe000000000000
00fe000000000000
0100000000000000
0100000000000000
0100000000000000
0100000000000000
0100000000000000
0100000000000000
0100000000000000
0100000000000000
0100000000000000
0100000000000000
0100000000000000
0100000000000000
0100000000000000
0100000000000000
0100000000000000
0100000000000000
0100000000000000
0100000000000000
0100000000000000
0100000000000000
0100000000000000
0100000000000000
0100000000000000
0100000000000000
0100000000000000
0100000000000000
0100000000000000
0100000000000000
0100000000000000
0100000000000000
0100000000000000
0100000000000000
0100000000000000
0100000000000000
0100000000000000
0100000000000000
0100000000000000
0100000000000000
0100000000000000
0100000000000000
0100000000000000
0100000000000000
0100000000000000
0100000000000000
0100000000000000
0100000000000000
0100000000000000
0100000000000000
0100000000000000
0100000000000000
0100000000000000
0100000000000000
0100000000000000
0100000000000000
0100000000000000
0100000000000000
0100000000000000
0100000000000000
0100000000000000
0100000000000000
00fe000000000000
00fe000000000000
00fc000000000000
00fc000000000000
00fb000000000000
00fb000000000000
00fa000000010000
00f9000000010000
00f8000000010000
00f6000000010000
00f3000100010000
00f1000100020000
00ee000200020001
00eb000200020001
00e7000200030001
00e4000200030001
00de000200040001
00d9000200050001
00d4000200060001
00ce000200060002
00c7000300070002
00bf000300080002
00b8000300090002
00b10003000a0002
00a90003000b0003
00a10004000c0003
00990004000e0003
00910004000f0003
008a000400100004
0084000400100004
007e000500110004
007b000500120004
0076000500120004
0074000500130004
0072000500130004
0072000500130004
0072000500130004
0074000500130004
0077000500120004
007c000500120004
0080000500110004
0086000400100004
008c0004000f0004
00940004000e0003
009b0004000d0003
00a30004000c0003
00aa0003000b0003
00b20003000a0002
00ba000300090002
00c2000200080002
00c9000200070002
00d0000100060002
00d6000100050001
00db000100050001
00e0000100040001
00e5000100030001
00e9000100030001
00ec000100020001
00f2000100020001
00f5000000020000
00f6000000010000
00f8000000010000
00fa000000010000
00fb000000010000
00fc000000010000
00fd000000010000
00fd000000010000
00fe000000000000
0100000000000000
0100000000000000
0100000000000000
0100000000000000
0100000000000000
0100000000000000
0100000000000000
0100000000000000
0100000000000000
0100000000000000
0100000000000000
0100000000000000
0100000000000000
0100000000000000
0100000000000000
0100000000000000
0100000000000000
0100000000000000
0100000000000000
0100000000000000
0100000000000000
0100000000000000
0100000000000000
0100000000000000
0100000000000000
0100000000000000
0100000000000000
0100000000000000
0100000000000000
0100000000000000
0100000000000000
0100000000000000
0100000000000000
0100000000000000
0100000000000000
0100000000000000
0100000000000000
0100000000000000
0100000000000000
0100000000000000
0100000000000000
0100000000000000
0100000000000000
0100000000000000
0100000000000000
0100000000000000
0100000000000000
0100000000000000
0100000000000000
0100000000000000
0100000000000000
0100000000000000
0100000000000000
0100000000000000
0100000000000000
0100000000000000
0100000000000000
0100000000000000
00fe000000000000
00fe000000000000
00fe000000000000
00fe000000000000
00fc000000000000
00fc000000000000
00fb000000000000
00fa000000010000
00fa000000010000
00f8000100010000
00f6000100010000
00f4000100010000
00f2000100010000
00f0000100020001
00ed000200020001
00ea000200030001
00e5000200030001
00e0000200040001
00db000200050001
00d5000200050001
00cf000200060002
00c8000300070002
00c1000300080002
00ba000300090002
00b30003000a0002
00aa0003000b0003
00a10004000c0003
00990004000e0003
00900004000f0003
0089000400100004
0081000400110004
007b000500120004
0075000500120004
006f000500130005
006b000500140005
0068000500140005
0067000500140005
0066000500140005
0067000500140005
0068000500140005
006c000500140005
0070000500130004
0075000500120004
007c000500110004
0082000400110004
008a000400100004
00930004000e0003
009b0004000d0003
00a40004000c0003
00ac0003000b0003
00b30003000a0002
00bb000300090002
00c3000300080002
00cb000100070002
00d2000100060001
00d8000100050001
00de000100040001
00e3000100040001
00e7000100030001
00eb000100030001
00ee000100020001
00f1000000020001
00f5000000020000
00f7000000010000
00f9000000010000
00fb000000010000
00fc000000010000
00fc000000010000
00fd000000010000
00fe000000000000
0100000000000000
0100000000000000
0100000000000000
0100000000000000
0100000000000000
0100000000000000
0100000000000000
0100000000000000
0100000000000000
0100000000000000
0100000000000000
0100000000000000
0100000000000000
0100000000000000
0100000000000000
0100000000000000
0100000000000000
0100000000000000
0100000000000000
0100000000000000
0100000000000000
0100000000000000
0100000000000000
0100000000000000
0100000000000000
0100000000000000
0100000000000000
0100000000000000
0100000000000000
0100000000000000
0100000000000000
0100000000000000
0100000000000000
0100000000000000
0100000000000000
0100000000000000
0100000000000000
0100000000000000
0100000000000000
0100000000000000
0100000000000000
0100000000000000
0100000000000000
0100000000000000
0100000000000000
0100000000000000
0100000000000000
0100000000000000
0100000000000000
0100000000000000
0100000000000000
0100000000000000
0100000000000000
0100000000000000
0100000000000000
0100000000000000
00fe000000000000
00fe000000000000
00fe000000000000
00fe000000000000
00fe000000000000
00fe000000000000
00fc000000000000
00fc000000000000
00fa000100000000
00f9000100010000
00f9000100010000
00f7000100010000
00f6000100010000
00f3000100010000
00f2000100010000
00ee000100020001
00ea000200020001
00e7000200030001
00e3000200030001
00de000200040001
00d8000200050001
00d2000200060001
00cc000200070002
00c5000300070003
00bd000300080003
00b40003000a0003
00ab0003000b0004
00a30004000c0004
00990004000d0004
00910004000e0004
0089000400100005
007f000400110005
0077000500120005
0070000500130005
0069000500140006
0064000500150006
0060000500150006
005d000500160006
005a000600160006
005a000600160006
005a000600160006
005d000500160006
0060000500150005
0065000500150005
006b000500140005
0072000500130004
0079000500120004
0081000400110004
0089000400100004
00930004000e0003
009c0004000d0003
00a60003000c0003
00ae0003000b0003
00b60003000a0002
00bf000300080002
00c7000300070002
00ce000200060002
00d5000200050001
00db000100050001
00e1000100040001
00e5000100030001
00ea000100030001
00ed000100020001
00f0000000020001
00f3000000010000
00f5000000010000
00f9000000010000
00fb000000010000
00fc000000010000
00fc000000010000
00fd000000010000
00fe000000000000
0100000000000000
0100000000000000
0100000000000000
0100000000000000
0100000000000000
0100000000000000
0100000000000000
0100000000000000
0100000000000000
0100000000000000
0100000000000000
0100000000000000
0100000000000000
0100000000000000
0100000000000000
0100000000000000
0100000000000000
0100000000000000
0100000000000000
0100000000000000
0100000000000000
0100000000000000
0100000000000000
0100000000000000
0100000000000000
0100000000000000
0100000000000000
0100000000000000
0100000000000000
0100000000000000
0100000000000000
0100000000000000
0100000000000000
0100000000000000
0100000000000000
0100000000000000
0100000000000000
0100000000000000
0100000000000000
0100000000000000
0100000000000000
0100000000000000
0100000000000000
0100000000000000
0100000000000000
0100000000000000
0100000000000000
0100000000000000
0100000000000000
0100000000000000
0100000000000000
0100000000000000
0100000000000000
0100000000000000
00fe000000000000
00fe000000000000
00fe000000000000
00fe000000000000
00fe000000000000
00fe000000000000
00fe000000000000
00fd000100000000
00fb000100000000
00fa000100000000
00fa000100000000
00f9000100010000
00f8000100010000
00f6000100010000
00f4000100010000
00f2000100010000
00f0000100020000
00ed000200020001
00ea000200020001
00e5000200030001
00e0000200040002
00db000200040002
00d5000200050002
00ce000200060003
00c8000200070003
00c0000300080003
00b9000300090003
00b00003000a0003
00a60003000c0004
009d0004000d0004
00930004000e0004
0088000400100005
0080000400110005
0077000500120005
006e000500130005
0066000500140006
005f000500150006
0059000600160006
0054000600170006
0052000600170006
0050000600170006
004f000600180006
0050000600170006
0052000600170006
0056000600170006
005a000600160006
0061000500150006
0067000500140006
0070000500130005
0079000500120004
0082000400110004
008b0004000f0004
00950004000e0003
009e0004000d0003
00a90003000b0003
00b20003000a0002
00ba000300090002
00c3000300080002
00ca000200070002
00d1000200060001
00d8000200050001
00dd000200040001
00e4000100040001
00e8000100030001
00ec000100020001
00ef000100020001
00f2000000020000
00f4000000010000
00f6000000010000
00fa000000010000
00fc000000010000
00fc000000010000
00fd000000010000
00fe000000000000
0100000000000000
0100000000000000
0100000000000000
0100000000000000
0100000000000000
0100000000000000
0100000000000000
0100000000000000
0100000000000000
0100000000000000
0100000000000000
0100000000000000
0100000000000000
0100000000000000
0100000000000000
0100000000000000
0100000000000000
0100000000000000
0100000000000000
0100000000000000
0100000000000000
0100000000000000
0100000000000000
0100000000000000
0100000000000000
0100000000000000
0100000000000000
0100000000000000
0100000000000000
0100000000000000
0100000000000000
0100000000000000
0100000000000000
0100000000000000
0100000000000000
0100000000000000
0100000000000000
0100000000000000
0100000000000000
0100000000000000
0100000000000000
0100000000000000
0100000000000000
0100000000000000
0100000000000000
0100000000000000
0100000000000000
0100000000000000
0100000000000000
0100000000000000
0100000000000000
0100000000000000
00fe000000000000
00fe000000000000
00fe000000000000
00fe000000000000
00fe000000000000
00fe000000000000
00fe000000000000
00fd000100000000
00fd000100000000
00fd000100000000
00fb000100000000
00fa000100000000
00f8000100010000
00f8000100010000
00f7000100010000
00f5000100010000
00f3000100010000
00f1000100010000
00ee000100020002
00eb000200020002
00e8000200030002
00e3000200030002
00de000200040002
00d9000200050002
00d2000200050002
00cc000200060003
00c5000300070003
00bc000300080003
00b30003000a0003
00aa0003000b0004
00a10004000c0004
00960004000e0004
008c0004000f0005
0082000400100005
0079000500120005
006f000500130005
0066000500140006
005d000500150006
0055000600170006
0050000600170006
004b000600180007
0047000600180007
0045000600190007
0044000600190007
0045000600190007
0048000600180007
004b000600180007
0051000600170006
0058000600160006
005f000500150006
0067000500140006
0070000500130005
007b000500110005
0084000400100005
008f0004000f0004
00990004000e0003
00a40004000c0003
00ad0003000b0003
00b7000300090002
00bf000300080002
00c8000300070002
00cf000200060002
00d6000200050001
00dc000200050001
00e1000200040001
00e7000100030001
00eb000100030001
00ee000100020001
00f2000000020000
00f3000000010000
00f6000000010000
00f8000000010000
00fb000000010000
00fc000000010000
00fd000000010000
00fd000000010000
0100000000000000
0100000000000000
0100000000000000
0100000000000000
0100000000000000
0100000000000000
0100000000000000
0100000000000000
0100000000000000
0100000000000000
0100000000000000
0100000000000000
0100000000000000
0100000000000000
0100000000000000
0100000000000000
0100000000000000
0100000000000000
0100000000000000
0100000000000000
0100000000000000
0100000000000000
0100000000000000
0100000000000000
0100000000000000
0100000000000000
0100000000000000
0100000000000000
0100000000000000
0100000000000000
0100000000000000
0100000000000000
0100000000000000
0100000000000000
0100000000000000
0100000000000000
0100000000000000
0100000000000000
0100000000000000
0100000000000000
0100000000000000
0100000000000000
0100000000000000
0100000000000000
0100000000000000
0100000000000000
0100000000000000
0100000000000000
0100000000000000
0100000000000000
00fe000000000000
00fe000000000000
00fe000000000000
00fe000000000000
00fe000000000000
00fe000000000000
00fd000100000000
00fd000100000000
00fd000100000000
00fd000100000000
00fd000100000000
00fd000100000000
00fa000100000000
00f9000100000000
00f8000100010000
00f8000100010000
00f7000100010000
00f4000100010001
00f2000100010001
00f0000100010001
00ed000100020002
00ea000200020002
00e5000200030002
00e1000200030002
00dc000200040002
00d6000200050002
00d0000200060002
00c8000200070003
00c0000300080003
00b7000300090003
00b00003000a0003
00a50003000b0004
009c0004000d0004
00900004000e0004
0087000400100005
007c000500110005
0071000500130005
0067000500140006
005e000500150006
0055000600160006
004c000600180007
0047000600180007
0041000600190007
003d0006001a0007
003c0006001a0007
003b0006001a0007
003c0006001a0007
003e0006001a0007
0042000600190007
0048000600180007
004f000600170006
0056000600160006
005f000500150006
0069000500140006
0074000500120005
007e000500110005
0089000400100005
00940004000e0004
009d0004000d0004
00a90003000b0003
00b30003000a0002
00bc000300090002
00c4000300080002
00cc000200070002
00d4000200060001
00da000200050001
00e0000200040001
00e4000200030001
00e9000200030001
00ed000100020001
00f1000000020001
00f3000000010000
00f5000000010000
00f7000000010000
00f9000000010000
00fa000000010000
00fc000000010000
00fd000000010000
0100000000000000
0100000000000000
0100000000000000
0100000000000000
0100000000000000
0100000000000000
0100000000000000
0100000000000000
0100000000000000
0100000000000000
0100000000000000
0100000000000000
0100000000000000
0100000000000000
0100000000000000
0100000000000000
0100000000000000
0100000000000000
0100000000000000
0100000000000000
0100000000000000
0100000000000000
0100000000000000
0100000000000000
0100000000000000
0100000000000000
0100000000000000
0100000000000000
0100000000000000
0100000000000000
0100000000000000
0100000000000000
0100000000000000
0100000000000000
0100000000000000
0100000000000000
0100000000000000
0100000000000000
0100000000000000
0100000000000000
0100000000000000
0100000000000000
0100000000000000
0100000000000000
0100000000000000
0100000000000000
0100000000000000
0100000000000000
00fe000000000000
00fe000000000000
00fe000000000000
00fe000000000000
00fe000000000000
00fe000000000000
00fd000100000000
00fd000100000000
00fd000100000000
00fd000100000000
00fd000100000000
00fc000100000000
00fc000100000000
00fc000100000000
00fa000100000000
00f9000100000000
00f7000100010001
00f7000100010001
00f5000100010001
00f4000100010001
00f0000100010001
00ef000100010001
00ec000100020002
00e8000200020002
00e4000200030002
00df000200040002
00d9000200040002
00d4000200050002
00ce000200060002
00c6000200070003
00bd000300080003
00b5000300090003
00ab0003000b0004
00a10003000c0004
00970004000d0004
008c0004000f0004
0080000400100005
0076000500120005
006b000500130006
0060000500150006
0057000600160006
004d000600170006
0045000600180007
003e000600190007
00390006001a0007
00360006001b0007
00330006001b0007
00320007001b0007
00330006001b0007
00360006001b0007
003a0006001a0007
0040000600190007
0047000600180007
004f000600170006
0058000600160006
0062000500150006
006d000500130006
0079000500120005
0083000400100005
00900004000f0004
009a0004000d0004
00a40003000c0004
00af0003000a0003
00ba000300090002
00c1000300080002
00c9000200070002
00d1000200060001
00d8000200050001
00de000200040001
00e4000200030001
00e8000200030001
00eb000200020001
00f0000000020001
00f3000000010000
00f5000000010000
00f7000000010000
00f9000000010000
00fa000000010000
00fa000000010000
00fd000000010000
0100000000000000
0100000000000000
0100000000000000
0100000000000000
0100000000000000
0100000000000000
0100000000000000
0100000000000000
0100000000000000
0100000000000000
0100000000000000
0100000000000000
0100000000000000
0100000000000000
0100000000000000
0100000000000000
0100000000000000
0100000000000000
0100000000000000
0100000000000000
0100000000000000
0100000000000000
0100000000000000
0100000000000000
0100000000000000
0100000000000000
0100000000000000
0100000000000000
0100000000000000
0100000000000000
0100000000000000
0100000000000000
0100000000000000
0100000000000000
0100000000000000
0100000000000000
0100000000000000
0100000000000000
0100000000000000
0100000000000000
0100000000000000
0100000000000000
0100000000000000
0100000000000000
0100000000000000
0100000000000000
00fe000000000000
00fe000000000000
00fe000000000000
00fe000000000000
00fe000000000000
00fe000000000000
00fd000100000000
00fd000100000000
00fd000100000000
00fd000100000000
00fd000100000000
00fc000100000000
00fc000100000000
00fc000100000000
00fc000100000000
00fb000100000001
00f9000100000001
00f8000100000001
00f7000100010001
00f6000100010001
00f4000100010001
00f2000100010001
00f0000100010001
00ed000100020001
00ea000200020002
00e7000200020002
00e2000200030002
00dd000200040002
00d9000200040002
00d2000200050002
00cb000200060003
00c4000300070003
00bb000400080003
00b10004000a0003
00a80004000b0004
009e0005000c0004
00930005000e0004
00880005000f0005
007c000500110005
0071000600120005
0065000600140006
005b000600150006
0051000700170006
0048000700180007
003f000700190007
00370007001a0007
00320007001b0007
002e0008001b0007
002c0008001c0007
002b0008001c0007
002c0007001c0007
002f0007001b0007
00340006001b0007
00390006001a0007
0040000600190007
0049000600180007
0052000600170006
005e000500150006
0068000500140006
0074000500120005
007f000400110005
008b0004000f0005
00960004000e0004
00a20004000c0004
00ac0003000b0004
00b6000300090003
00c0000300080003
00c7000300070002
00cf000200060002
00d6000200050001
00dc000200040001
00e3000200040001
00e7000200030001
00eb000200020001
00ef000100020001
00f2000100010000
00f4000000010000
00f7000000010000
00f8000000010000
00fa000000010000
00fa000000010000
00fb000000000000
0100000000000000
0100000000000000
0100000000000000
0100000000000000
0100000000000000
0100000000000000
0100000000000000
0100000000000000
0100000000000000
0100000000000000
0100000000000000
0100000000000000
0100000000000000
0100000000000000
0100000000000000
0100000000000000
0100000000000000
0100000000000000
0100000000000000
0100000000000000
0100000000000000
0100000000000000
0100000000000000
0100000000000000
0100000000000000
0100000000000000
0100000000000000
0100000000000000
0100000000000000
0100000000000000
0100000000000000
0100000000000000
0100000000000000
0100000000000000
0100000000000000
0100000000000000
0100000000000000
0100000000000000
0100000000000000
0100000000000000
0100000000000000
0100000000000000
0100000000000000
0100000000000000
0100000000000000
00fe000000000000
00fe000000000000
00fe000000000000
00fe000000000000
00fe000000000000
00fe000000000000
00fd000100000000
00fd000100000000
00fd000100000000
00fd000100000000
00fc000100000000
00fc000100000000
00fc000100000000
00fc000100000000
00fb000100000001
00fb000100000001
00fb000100000001
00f8000100000001
00f7000100000001
00f6000100010001
00f6000100010001
00f3000100010001
00f1000100010001
00ef000100010001
00ec000100020001
00e9000200020002
00e5000200030002
00e1000200030002
00db000300040002
00d7000300040002
00d0000300050002
00c9000300060003
00c1000400070003
00b8000400080003
00ae0004000a0003
00a50004000b0004
009a0005000d0004
00900005000e0004
00830005000f0005
0078000500110005
006b000600130005
005f000600140006
0055000600160006
004b000700170006
0042000700180007
003a000700190007
00320007001b0007
002c0008001b0007
00280008001c0007
00250008001c0009
00250008001c0009
00270007001c0009
00280007001c0008
002d0007001b0008
00330006001a0008
003b000600190008
0043000600180008
004d000600170007
0058000500150007
0062000500140007
006e000500130006
007a000400110006
00860004000f0006
00910004000e0005
009d0004000c0005
00a70003000b0005
00b20003000a0003
00bb000300080003
00c4000300070003
00cb000200060003
00d3000200050002
00d9000200040002
00de000200040002
00e4000100030002
00e8000100020002
00eb000100020002
00ee000000020001
00f0000000010001
00f3000000010001
00f5000000010001
00f7000000010001
00f7000000010001
00f8000000000001
00fc000000000000
00fe000000000000
00fe000000000000
00fe000000000000
00fe000000000000
00fe000000000000
00fe000000000000
00fe000000000000
00fe000000000000
00fe000000000000
00fe000000000000
00fe000000000000
0100000000000000
0100000000000000
0100000000000000
0100000000000000
0100000000000000
0100000000000000
0100000000000000
0100000000000000
0100000000000000
0100000000000000
0100000000000000
0100000000000000
0100000000000000
0100000000000000
0100000000000000
0100000000000000
0100000000000000
0100000000000000
0100000000000000
0100000000000000
0100000000000000
0100000000000000
0100000000000000
0100000000000000
0100000000000000
0100000000000000
0100000000000000
0100000000000000
0100000000000000
0100000000000000
0100000000000000
00fe000000000000
00fe000000000000
00fe000000000000
00fe000000000000
00fe000000000000
00fe000000000000
00fd000100000000
00fd000100000000
00fd000100000000
00fd000100000000
00fc000100000000
00fc000100000000
00fc000100000000
00fc000100000000
00fb000100000001
00fb000100000001
00fb000100000001
00fa000100000001
00fa000100000001
00f8000100000001
00f6000100000001
00f5000100010001
00f4000100010001
00f2000100010001
00f0000100010001
00ee000100010001
00eb000200020001
00e7000300020002
00e4000300030002
00de000300030002
00db000300040002
00d5000300050002
00cf000300050002
00c7000300060003
00bf000400070003
00b6000400090003
00ae0004000a0003
00a20004000b0004
00960005000d0004
008a0005000e0004
007f000500100005
0074000600110005
0068000600130005
005c000600140006
0052000600160006
0047000700170006
003e000700190007
00340007001a0007
002e0007001b0008
00280008001c0008
00230008001c0009
00210008001d0009
00210008001d0009
00220008001c0009
00250008001c0009
00290008001c0008
002f0007001b0008
00370007001a0008
003f000600190008
0049000600170007
0054000500160007
005f000500140007
006b000500130006
0078000500110006
0084000400100006
008f0004000e0005
009a0004000d0005
00a50003000b0005
00af0003000a0004
00b9000300080004
00c3000300070003
00cb000200060003
00d2000200050002
00d8000200050002
00dd000200040002
00e2000200030002
00e7000200020002
00eb000100020002
00ee000000020001
00f0000000010001
00f2000000010001
00f5000000010001
00f7000000010001
00f7000000010001
00f8000000000001
00fb000000000001
00fb000000000001
00fd000000000001
00fd000000000001
00fe000000000000
00fe000000000000
00fe000000000000
00fe000000000000
00fe000000000000
00fe000000000000
00fe000000000000
00fe000000000000
00fe000000000000
00fe000000000000
0100000000000000
0100000000000000
0100000000000000
0100000000000000
0100000000000000
0100000000000000
0100000000000000
0100000000000000
0100000000000000
0100000000000000
0100000000000000
0100000000000000
0100000000000000
0100000000000000
0100000000000000
0100000000000000
0100000000000000
0100000000000000
0100000000000000
0100000000000000
0100000000000000
0100000000000000
0100000000000000
0100000000000000
0100000000000000
0100000000000000
0100000000000000
00fe000000000000
00fe000000000000
00fe000000000000
00fe000000000000
00fe000000000000
00fe000000000000
00fd000100000000
00fd000100000000
00fd000100000000
00fd000100000000
00fc000100000000
00fc000100000000
00fc000100000000
00fc000100000000
00fb000100000001
00fb000100000001
00fb000100000001
00fa000100000001
00fa000100000001
00f9000100000001
00f9000100000001
00f7000100000001
00f5000100000001
00f4000100010001
00f3000100010001
00f1000200010001
00ef000200010001
00ec000200010001
00ea000200020001
00e6000300020002
00e2000300030002
00de000300030002
00d9000300040002
00d4000300050002
00cc000300050002
00c6000300060003
00bd000400080003
00b5000400090003
00aa0004000a0003
009f0004000b0004
00940005000d0004
008a0005000e0004
007e000500100005
0072000600110005
0066000600130005
005b000600140006
004f000700160006
0045000700170007
003b000700190008
00330007001a0008
002b0007001b0008
00260008001c0008
00200008001d0009
001f0008001d0009
001e0008001d0009
00200008001d0009
00210008001c0009
00270008001c0008
002d0007001b0008
00340007001a0008
003d000700190008
0047000700180007
0052000700160007
005e000500140007
006a000500130006
0076000500110006
0082000400100006
008d0004000e0005
00990004000d0005
00a40003000b0005
00ae0003000a0004
00b8000300090004
00c1000300070004
00ca000200060003
00d1000200050002
00d8000200040002
00dd000200040002
00e2000200030002
00e7000200020002
00ea000200020002
00ee000000020001
00f0000000010001
00f2000000010001
00f4000000010001
00f7000000010001
00f7000000010001
00f8000000000001
00fb000000000001
00fb000000000001
00fb000000000001
00fd000000000001
00fd000000000001
00fd000000000001
00fd000000000001
00fe000000000000
00fe000000000000
00fe000000000000
00fe000000000000
00fe000000000000
00fe000000000000
00fe000000000000
0100000000000000
0100000000000000
0100000000000000
0100000000000000
0100000000000000
0100000000000000
0100000000000000
0100000000000000
0100000000000000
0100000000000000
0100000000000000
0100000000000000
0100000000000000
0100000000000000
0100000000000000
0100000000000000
0100000000000000
0100000000000000
0100000000000000
0100000000000000
0100000000000000
0100000000000000
0100000000000000
0100000000000000
0100000000000000
0100000000000000
00fe000000000000
00fe000000000000
00fe000000000000
00fe000000000000
00fe000000000000
00fd000100000000
00fd000100000000
00fd000100000000
00fd000100000000
00fc000100000000
00fc000100000000
00fc000100000000
00fc000100000000
00fb000100000001
00fb000100000001
00fb000100000001
00fa000100000001
00fa000100000001
00f9000100000001
00f9000100000001
00f9000100000001
00f8000100000001
00f6000100000001
00f4000200000001
00f3000200010001
00f1000200010001
00f0000200010001
00ee000200010001
00ea000200010001
00e8000200020002
00e4000300020002
00e1000300030002
00dd000300030002
00d7000300040002
00d1000300050002
00cc000300050002
00c3000300060003
00ba000400070003
00b2000400080003
00a80004000a0003
009e0004000b0004
00930005000d0004
00880005000e0004
007c000500100005
0070000600110005
0064000600130005
005a000600140007
004e000600160007
0043000700170007
003a000700190008
00320007001a0008
002a0007001b0008
00250008001c0008
00200008001c0009
001d0008001d0009
001e0008001d0009
001e0008001d0009
00200008001c0009
00260008001c0008
002c0007001b0008
00340007001a0008
003c000700190008
0046000700180007
0051000700160007
005c000600140007
0068000600130006
0074000500110006
0080000400100006
008d0004000e0005
00980004000d0005
00a20003000b0005
00ae0003000a0004
00b6000300090004
00c1000300070004
00c8000200060004
00cf000200050003
00d7000200040002
00db000200040002
00e0000200030002
00e5000200030002
00e9000200020002
00ed000100020001
00f0000000010001
00f2000000010001
00f4000000010001
00f6000000010001
00f7000000010001
00f8000000000001
00fb000000000001
00fb000000000001
00fb000000000001
00fd000000000001
00fd000000000001
00fd000000000001
00fd000000000001
00fd000000000001
00fd000000000001
00fd000000000001
00fe000000000000
00fe000000000000
00fe000000000000
00fe000000000000
0100000000000000
0100000000000000
0100000000000000
0100000000000000
0100000000000000
0100000000000000
0100000000000000
0100000000000000
0100000000000000
0100000000000000
0100000000000000
0100000000000000
0100000000000000
0100000000000000
0100000000000000
0100000000000000
0100000000000000
0100000000000000
0100000000000000
0100000000000000
0100000000000000
0100000000000000
0100000000000000
0100000000000000
0100000000000000
00fe000000000000
00fe000000000000
00fe000000000000
00fe000000000000
00fe000000000000
00fd000100000000
00fd000100000000
00fd000100000000
00fd000100000000
00fc000100000000
00fc000100000000
00fc000100000000
00fb000100000001
00fb000100000001
00fb000100000001
00fa000100000001
00fa000100000001
00f9000100000001
00f9000100000001
00f8000100000001
00f8000100000001
00f8000100000001
00f7000200000001
00f5000200000001
00f3000200000001
00f2000200010001
00f0000200010001
00ef000200010001
00ec000200010001
00e9000200010001
00e7000200020001
00e3000300020002
00e0000300030002
00db000300030002
00d6000300040002
00d0000400050002
00c8000300050002
00c2000300060003
00b9000500070003
00b0000500080003
00a80005000a0003
009d0005000b0004
00930006000c0004
00880006000e0004
007c0006000f0006
0070000700110006
0064000700130006
0059000700140007
004d000700160007
0044000800170007
003a000800180008
00320008001a0008
002a0008001b0008
00250009001b0008
00210008001c0009
001f0008001c0009
001e0008001c0009
001f0008001c0009
00210008001c0009
00270008001b0008
002c0007001b0008
00340007001a0008
003c000700190008
0046000700170007
0051000600160007
005d000600140007
0069000600130006
0075000600110006
0080000500100006
008c0004000e0005
00970004000d0005
00a20003000b0005
00ac0004000a0004
00b7000400080004
00c0000300070004
00c8000200060004
00cf000200050003
00d6000200040003
00db000200040002
00e0000200030002
00e5000200020002
00e9000200020002
00ec000100020001
00ee000100010001
00f1000000010001
00f3000000010001
00f5000000010001
00f6000000010001
00f8000000000001
00fb000000000001
00fb000000000001
00fb000000000001
00fb000000000001
00fd000000000001
00fd000000000001
00fd000000000001
00fd000000000001
00fd000000000001
00fd000000000001
00fd000000000001
00fd000000000001
00fe000000000000
00fe000000000000
0100000000000000
0100000000000000
0100000000000000
0100000000000000
0100000000000000
0100000000000000
0100000000000000
0100000000000000
0100000000000000
0100000000000000
0100000000000000
0100000000000000
0100000000000000
0100000000000000
0100000000000000
0100000000000000
0100000000000000
0100000000000000
0100000000000000
0100000000000000
0100000000000000
0100000000000000
0100000000000000
00fe000000000000
00fe000000000000
00fe000000000000
00fe000000000000
00fe000000000000
00fd000100000000
00fd000100000000
00fd000100000000
00fd000100000000
00fc000100000000
00fc000100000000
00fc000100000000
00fb000100000001
00fb000100000001
00fb000100000001
00fa000100000001
00fa000100000001
00f9000100000001
00f9000100000001
00f8000100000001
00f8000100000001
00f7000200000001
00f7000200000001
00f6000200000001
00f6000200000001
00f3000200000001
00f2000200000001
00f0000200010001
00ef000200010001
00ed000200010001
00eb000200010001
00e8000200010001
00e6000200020001
00e1000400020002
00df000400020002
00d9000400040002
00d5000400050002
00ce000400040002
00c8000400050002
00c1000400060003
00b9000500070003
00b0000500090003
00a80005000a0003
009d0005000c0004
00930006000d0005
00870006000f0005
007c000600100006
0070000600120006
0065000700130006
005b000700150007
0050000700160007
0046000800180007
003c000800190008
00330008001a0008
002d0008001b0008
00270009001b0008
00240009001b0008
00210009001c0008
00200009001c0008
00210009001c0008
00230009001b0008
00280007001b0008
002e0007001a0008
0035000700190008
003e000800180008
0048000800170007
0052000700150007
005e000700140007
0069000700120006
0076000600110006
00810006000f0006
008d0006000e0005
00970006000c0005
00a20004000b0005
00ac0004000a0004
00b7000400080004
00bf000400070004
00c8000300060003
00ce000300050003
00d5000300040003
00db000300040003
00df000300030002
00e4000300020002
00e7000300020002
00eb000200020001
00ed000200010001
00f0000100010001
00f3000000010001
00f5000000010001
00f5000000010001
00f6000000000001
00fa000000000001
00fa000000000001
00fb000000000001
00fb000000000001
00fb000000000001
00fd000000000001
00fd000000000001
00fd000000000001
00fd000000000001
00fd000000000001
00fd000000000001
00fd000000000001
00fd000000000001
00fd000000000001
0100000000000000
0100000000000000
0100000000000000
0100000000000000
0100000000000000
0100000000000000
0100000000000000
0100000000000000
0100000000000000
0100000000000000
0100000000000000
0100000000000000
0100000000000000
0100000000000000
0100000000000000
0100000000000000
0100000000000000
0100000000000000
0100000000000000
0100000000000000
0100000000000000
0100000000000000
00fe000000000000
00fe000000000000
00fe000000000000
00fe000000000000
00fe000000000000
00fd000100000000
00fd000100000000
00fd000100000000
00fd000100000000
00fc000100000000
00fc000100000000
00fb000100000001
00fb000100000001
00fb000100000001
00fa000100000001
00fa000100000001
00f9000100000001
00f9000100000001
00f8000100000001
00f8000100000001
00f7000200000001
00f7000200000001
00f6000200000001
00f6000200000001
00f5000200000001
00f5000200000001
00f2000200000001
00f0000200000001
00ef000200010001
00ee000200010001
00ec000200010001
00e9000300010001
00e7000300010001
00e4000300030001
00e1000400030002
00df000400030002
00d8000400030002
00d3000400050002
00ce000400050002
00c8000400060002
00c0000400070002
00b9000400080003
00b0000500090004
00a70005000a0004
009d0005000c0006
00930005000d0006
00880006000e0006
007d000600100006
0072000600110007
0066000700130007
005c000700140008
0052000700160008
0048000800170008
003f000800180008
0037000800190009
00310008001a0009
002a0008001b0008
00270008001c0008
00250008001c0008
00240009001c0008
00250009001c0008
00280009001b0008
002c0009001a0008
0032000900190008
0038000900180008
0041000800170007
004b000800160007
0054000700150007
0060000700130007
006b000700120006
0077000600100006
00820006000f0005
008d0006000d0005
00980006000c0005
00a30005000b0005
00ad000400090004
00b6000400080004
00bf000300070004
00c6000300060003
00cd000300050003
00d4000300040003
00da000300040003
00df000300030003
00e3000300020002
00e6000300020002
00ea000200020001
00ed000200010001
00ef000200010001
00f1000200010001
00f4000100010001
00f4000100010001
00f5000100000001
00fa000000000001
00fa000000000001
00fa000000000001
00fa000000000001
00fa000000000001
00fb000000000001
00fd000000000001
00fd000000000001
00fd000000000001
00fd000000000001
00fd000000000001
00fd000000000001
00fd000000000001
00fd000000000001
0100000000000000
0100000000000000
0100000000000000
0100000000000000
0100000000000000
0100000000000000
0100000000000000
0100000000000000
0100000000000000
0100000000000000
0100000000000000
0100000000000000
0100000000000000
0100000000000000
0100000000000000
0100000000000000
0100000000000000
0100000000000000
0100000000000000
0100000000000000
0100000000000000
00fe000000000000
00fe000000000000
00fe000000000000
00fe000000000000
00fd000100000000
00fd000100000000
00fd000100000000
00fd000100000000
00fc000100000000
00fc000100000000
00fc000100000000
00fb000100000001
00fb000100000001
00fa000100000001
00fa000100000001
00fa000100000001
00f9000100000001
00f9000100000001
00f8000100000001
00f7000200000001
00f7000200000001
00f6000200000001
00f6000200000001
00f5000200000001
00f4000200000001
00f4000200000001
00f3000200000001
00f0000200000001
00ef000200000001
00ed000300010001
00ed000300010001
00ea000300020001
00e8000300020001
00e6000300020001
00e3000300030001
00e0000300030003
00db000400030002
00d6000400040003
00d2000400040003
00cc000400050003
00c6000400060003
00bf000400070003
00b8000400080004
00af000500090005
00a60005000a0005
009e0005000b0005
00930006000c0006
008a0007000e0006
007f0007000f0006
0074000700110007
006a000800120007
005f000800140007
0055000800150008
004b000700160008
0043000800170008
003b000800190008
0035000800190009
00300008001a0009
002c0009001b0009
00290009001b0009
00290009001b0009
00290009001b0008
002c0009001b0008
00310009001a0008
0036000900190008
003d000900180008
0045000900170007
004e000800150007
0059000700140007
0063000700130006
006d000700120006
0079000600110006
00830006000f0005
008e0006000e0005
009a0005000c0005
00a30005000b0004
00ad0005000a0004
00b6000500090004
00be000300080004
00c6000300070003
00cd000300060003
00d3000300050003
00d9000300040003
00de000300040003
00e2000300020003
00e7000200020002
00ea000200010001
00ec000200010001
00ef000200010001
00f1000200010001
00f2000200010001
00f4000100010001
00f5000100000001
00f8000100000001
00f9000100000001
00f9000100000001
00fa000000000001
00fa000000000001
00fa000000000001
00fc000000000001
00fc000000000001
00fd000000000001
00fd000000000001
00fd000000000001
00fd000000000001
00fd000000000001
00fd000000000001
0100000000000000
0100000000000000
0100000000000000
0100000000000000
0100000000000000
0100000000000000
0100000000000000
0100000000000000
0100000000000000
0100000000000000
0100000000000000
0100000000000000
0100000000000000
0100000000000000
0100000000000000
0100000000000000
0100000000000000
0100000000000000
0100000000000000
00fe000000000000
00fe000000000000
00fe000000000000
00fe000000000000
00fe000000000000
00fd000100000000
00fd000100000000
00fd000100000000
00fd000100000000
00fc000100000000
00fc000100000000
00fb000100000001
00fb000100000001
00fb000100000001
00fa000100000001
00fa000100000001
00f9000100000001
00f9000100000001
00f8000100000001
00f8000100000001
00f7000200000001
00f6000200000001
00f6000200000001
00f5000200000001
00f4000200000001
00f4000200000001
00f3000200000001
00f2000200000001
00f2000200000001
00ef000300000001
00ed000300010001
00ec000300020001
00ec000300020001
00e9000300020001
00e7000300020002
00e5000300020002
00e2000300020002
00dd000300030003
00d9000400030003
00d4000400040003
00d1000400040003
00cb000500050003
00c5000500060003
00be000500060004
00b7000500070005
00b0000600080005
00a7000600090005
009e0006000b0005
00960006000c0006
008b0007000d0006
00810007000f0006
0076000700100007
006e000700110007
0063000800130007
0059000800140007
0050000800150008
0048000800160008
0040000a00170008
003a000a00180008
0035000a00190009
0032000a00190009
00300009001a0009
002f0009001a0009
00300009001a0009
00320009001a0009
0037000900190009
003c000900190007
0042000900190007
004a000800180007
0053000800150007
005c000800140007
0066000800130006
0072000600110006
007a000600100006
00860006000f0005
00910006000d0005
009b0005000c0005
00a50005000b0004
00ae0005000a0004
00b7000500090004
00be000400080004
00c6000300070003
00cd000300060003
00d2000300050003
00d9000300040003
00de000300040003
00e1000300030003
00e5000200030003
00e9000200020001
00eb000200020001
00ed000200020001
00f0000200020001
00f2000200010001
00f3000100010001
00f4000100000001
00f7000100000001
00f7000100000001
00f9000100000001
00f9000100000001
00f9000100000001
00f9000100000001
00fa000000000001
00fc000000000001
00fc000000000001
00fc000000000001
00fc000000000001
00fd000000000001
00fd000000000001
00fd000000000001
0100000000000000
0100000000000000
0100000000000000
0100000000000000
0100000000000000
0100000000000000
0100000000000000
0100000000000000
0100000000000000
0100000000000000
0100000000000000
0100000000000000
0100000000000000
0100000000000000
0100000000000000
0100000000000000
0100000000000000
0100000000000000
00fe000000000000
00fe000000000000
00fe000000000000
00fe000000000000
00fe000000000000
00fd000100000000
00fd000100000000
00fd000100000000
00fc000100000000
00fc000100000000
00fc000100000000
00fb000100000001
00fb000100000001
00fa000100000001
00fa000100000001
00f9000100000001
00f9000100000001
00f8000100000001
00f8000100000001
00f7000200000001
00f6000200000001
00f6000200000001
00f5000200000001
00f4000200000001
00f4000200000001
00f3000200000001
00f2000200000001
00f1000300000001
00f1000300000001
00f0000300010001
00ee000300010001
00ec000300010001
00ea000300020002
00ea000300020002
00e8000300020002
00e5000300020002
00e2000400020002
00de000300020002
00db000400030003
00d7000500030003
00d4000500040003
00cf000500040003
00ca000500050003
00c3000500060004
00be000500060004
00b7000500070004
00b0000500080005
00a8000600090005
009f0006000a0005
00960006000b0005
008e0006000c0006
00840007000e0006
007b0007000f0006
0070000700100007
0067000700120007
005e000800130007
0056000900140007
004d000900150008
0047000900160008
0041000a00170008
003b000a00180008
0038000a00180008
0036000a00190008
0036000a00190009
0036000a001a0009
0039000a00190008
003d000900190008
0043000900180008
0049000800170008
0050000800160008
0058000800150007
0061000800140006
006b000800120006
0075000700110006
007e0007000f0005
00890006000e0005
00930005000d0005
009e0005000b0004
00a60005000a0004
00af000500090004
00b8000500080004
00bf000400070004
00c7000400060003
00cd000300060003
00d3000300050003
00d7000300040003
00dd000300040003
00e0000300030003
00e5000200030003
00e7000200020002
00ea000200020001
00ec000200020001
00ef000200020001
00f1000200020001
00f1000200020001
00f3000100010001
00f6000100010001
00f7000100000001
00f7000100000001
00f8000100000001
00f8000100000001
00f9000100000001
00f9000100000001
00fb000100000001
00fb000100000001
00fc000000000001
00fc000000000001
00fc000000000001
00fc000000000001
00fd000000000001
0100000000000000
0100000000000000
0100000000000000
0100000000000000
0100000000000000
0100000000000000
0100000000000000
0100000000000000
0100000000000000
0100000000000000
0100000000000000
0100000000000000
0100000000000000
0100000000000000
0100000000000000
0100000000000000
0100000000000000
00fe000000000000
00fe000000000000
00fe000000000000
00fe000000000000
00fe000000000000
00fd000100000000
00fd000100000000
00fd000100000000
00fc000100000000
00fc000100000000
00fb000100000001
00fb000100000001
00fb000100000001
00fa000100000001
00fa000100000001
00f9000100000001
00f8000100000001
00f8000100000001
00f7000200000001
00f7000200000001
00f6000200000001
00f5000200000001
00f4000200000001
00f4000200000001
00f3000200000001
00f2000200000001
00f1000300000001
00f0000300010001
00f0000300010001
00f0000300010001
00ef000300010001
00ec000300010002
00ea000300010002
00e8000300020002
00e7000400020002
00e5000400020002
00e1000400020002
00de000400020002
00dc000400020002
00d9000400030002
00d6000500030003
00d3000500030003
00cd000500040003
00c8000500050004
00c3000600050004
00bd000600060004
00b6000600070004
00b0000600080005
00a8000700090005
00a00007000a0005
00980007000b0005
008f0007000c0006
00860008000d0006
007d0008000e0006
00740008000f0006
006b000900110007
0063000900120007
005b000a00130007
0053000a00140007
004e000a00150008
0047000a00160008
0043000900160008
0040000900180008
003d000a00180008
003e000a00180008
003d000a00180008
0041000900180008
0044000900170008
004a000900170008
004f000800160008
0056000800150007
005d000800140007
0067000800130007
0070000700120006
007a000700110005
00840007000f0005
008d0007000d0005
00970005000c0005
009f0005000b0004
00a90005000a0004
00b2000500090004
00ba000400080004
00c1000400070003
00c8000400060003
00ce000400050003
00d3000300050003
00d8000300040003
00dd000300030003
00e1000300030003
00e4000200030002
00e6000200020002
00e9000200020002
00ec000200020001
00ed000200020001
00f0000200020001
00f1000200010001
00f1000200010001
00f5000100010001
00f6000100010001
00f6000100010001
00f7000100010001
00f8000100000001
00f8000100000001
00f8000100000001
00f8000100000001
00fb000100000001
00fb000100000001
00fb000100000001
00fc000000000001
00fc000000000001
00fc000000000001
0100000000000000
0100000000000000
0100000000000000
0100000000000000
0100000000000000
0100000000000000
0100000000000000
0100000000000000
0100000000000000
0100000000000000
0100000000000000
0100000000000000
0100000000000000
0100000000000000
0100000000000000
0100000000000000
00fe000000000000
00fe000000000000
00fe000000000000
00fe000000000000
00fd000100000000
00fd000100000000
00fd000100000000
00fd000100000000
00fc000100000000
00fc000100000000
00fb000100000001
00fb000100000001
00fa000100000001
00fa000100000001
00f9000100000001
00f9000100000001
00f8000100000001
00f8000100000001
00f7000200000001
00f6000200000001
00f5000200000001
00f5000200000001
00f4000200000001
00f3000200000001
00f2000200000001
00f1000300000001
00f0000300010001
00f0000300010001
00ef000300010001
00ef000300010001
00ee000300010002
00ed000300010002
00ea000300010002
00e8000400010002
00e7000400010002
00e5000400020002
00e1000400020002
00df000400020002
00dc000400020002
00da000400020002
00d7000500020002
00d4000500030003
00d0000600030004
00ca000600040004
00c7000600040004
00c2000600050004
00bd000600060004
00b7000600060005
00b0000600070006
00aa000600080006
00a2000700090006
00990007000a0006
00910007000b0006
00890007000c0007
00800009000d0007
00780009000e0007
0070000900100007
0068000900110008
0061000900120008
005a000a00130007
0054000a00140007
004e000a00150008
004b000a00160008
0047000a00160008
0046000a00160008
0046000a00160008
0047000900160008
0048000900160008
004d000900160008
0051000900150008
0056000900150007
005e000900140007
0065000800130007
006e000700120007
0075000700110007
007e000700100006
00880007000f0005
00900006000e0005
009a0006000b0004
00a30006000a0004
00ab000500090004
00b3000500080004
00bb000400070004
00c2000400060003
00c9000400060003
00cd000400050003
00d4000400040003
00d8000300040003
00dc000300030003
00e0000200030003
00e3000200030002
00e6000200020002
00e9000200020002
00eb000200020002
00ee000200020001
00ee000200020001
00f0000200010001
00f1000200010001
00f4000100010001
00f5000100010001
00f5000100010001
00f5000100010001
00f7000100010001
00f7000100010001
00f7000100010001
00f8000100000001
00fa000100000001
00fa000100000001
00fb000100000001
00fb000100000001
00fb000100000001
00fc000000000001
0100000000000000
0100000000000000
0100000000000000
0100000000000000
0100000000000000
0100000000000000
0100000000000000
0100000000000000
0100000000000000
0100000000000000
0100000000000000
0100000000000000
0100000000000000
0100000000000000
0100000000000000
00fe000000000000
00fe000000000000
00fe000000000000
00fe000000000000
00fd000100000000
00fd000100000000
00fd000100000000
00fc000100000000
00fc000100000000
00fc000100000000
00fb000100000001
00fb000100000001
00fa000100000001
00fa000100000001
00f9000100000001
00f9000100000001
00f8000100000001
00f7000200000001
00f6000200000001
00f6000200000001
00f5000200000001
00f4000200000001
00f3000200000001
00f2000200000001
00f1000300000001
00f0000300010001
00f0000300010001
00ef000300010001
00ee000300010002
00ed000300010002
00ec000300010002
00eb000400010002
00ea000400010002
00e7000400010002
00e6000400010002
00e4000400010002
00e0000400020002
00df000400020002
00dc000500020002
00da000500020002
00d7000500020002
00d5000500020002
00d1000500030004
00cd000600030005
00c9000600040005
00c5000700040005
00c1000700050005
00bc000700050005
00b7000700060005
00b0000700070005
00a9000700070006
00a2000800080006
009b000800090006
00930009000a0006
008d0009000b0006
00840009000c0007
007c000a000d0007
0075000a000e0007
006e000a000f0007
0066000a00110008
0061000a00120008
005b000a00130008
0056000a00140008
0053000a00140008
0050000a00150007
004e000a00150007
004e000a00150007
0050000a00150007
0052000a00150007
0055000900140007
005a000900140007
005e000900130007
0065000800130007
006c000800120007
0073000800110007
007b000700100007
00830007000f0007
008d0006000e0007
00940006000d0006
009d0006000c0005
00a50006000a0005
00ac000600090005
00b4000400080005
00bb000400070004
00c2000400060004
00c9000400050004
00ce000400050004
00d2000400040004
00d8000400040004
00dc000300030004
00e0000200030004
00e2000200020003
00e5000200020003
00e8000200020002
00eb000200020002
00ed000200020001
00ed000200020001
00ef000200010001
00f1000200010001
00f3000200010001
00f4000100010001
00f4000100010001
00f4000100010001
00f6000100010001
00f6000100010001
00f6000100010001
00f7000100010001
00f7000100010001
00f9000100010001
00fa000100000001
00fa000100000001
00fb000100000001
00fb000100000001
0100000000000000
0100000000000000
0100000000000000
0100000000000000
0100000000000000
0100000000000000
0100000000000000
0100000000000000
0100000000000000
0100000000000000
0100000000000000
0100000000000000
0100000000000000
0100000000000000
00fe000000000000
00fe000000000000
00fe000000000000
00fe000000000000
00fd000100000000
00fd000100000000
00fd000100000000
00fc000100000000
00fc000100000000
00fc000100000000
00fb000100000001
00fb000100000001
00fa000100000001
00f9000100000001
00f9000100000001
00f8000100000001
00f8000100000001
00f7000200000001
00f6000200000001
00f5000200000001
00f4000200000001
00f4000200000001
00f3000200000001
00f2000200000001
00f1000300000001
00f0000300010001
00f0000300010001
00ef000300010001
00ed000300010002
00ec000300010002
00eb000400010002
00ea000400010002
00e9000400010002
00e8000400010002
00e5000400010002
00e3000500010002
00df000500010002
00dd000500020002
00dc000500020002
00da000500020002
00d7000500020003
00d5000500020003
00d1000600020004
00ce000600030004
00cb000600030005
00c8000700030005
00c3000700040005
00bf000700040005
00bc000700050005
00b5000700060005
00af000700060005
00a9000800070005
00a3000800080006
009b000a00090006
0096000a00090006
008e000a000a0006
0087000a000b0006
00800009000c0007
0079000a000e0007
0073000a000f0007
006e000a00100007
0068000a00110007
0062000a00120008
005e000a00120008
005b000a00130008
0059000a00130008
0057000a00130008
0058000a00130008
0058000a00130007
005a000a00130007
005e000900130007
0061000900120008
0066000800120008
006c000800110008
0072000800100007
0079000800100007
00820008000f0007
00890006000e0007
00910006000d0007
00990006000c0006
00a00006000b0005
00a80006000a0005
00b0000500080005
00b6000500070005
00bc000400060004
00c3000400060004
00c9000400050004
00ce000400040004
00d3000400040004
00d7000400030004
00da000400030004
00df000200020003
00e1000200020003
00e4000200020003
00e6000200020003
00e9000200020003
00eb000200020003
00ec000200020002
00ed000200010002
00f0000200010001
00f2000200010001
00f2000200010001
00f4000100010001
00f4000100010001
00f4000100010001
00f5000100010001
00f5000100010001
00f6000100010001
00f6000100010001
00f9000100010001
00f9000100010001
00f9000100010001
00fa000100000001
00fa000100000001
0100000000000000
0100000000000000
0100000000000000
0100000000000000
0100000000000000
0100000000000000
0100000000000000
0100000000000000
0100000000000000
0100000000000000
0100000000000000
0100000000000000
00fe000000000000
00fe000000000000
00fe000000000000
00fe000000000000
00fe000000000000
00fd000100000000
00fd000100000000
00fd000100000000
00fc000100000000
00fc000100000000
00fb000100000001
00fb000100000001
00fa000100000001
00fa000100000001
00f9000100000001
00f9000100000001
00f8000100000001
00f7000200000001
00f6000200000001
00f6000200000001
00f5000200000001
00f4000200000001
00f3000200000001
00f2000200000001
00f1000300000001
00f0000300010001
00f0000300010001
00ef000300010001
00ee000300010002
00ec000300010002
00eb000400010002
00ea000400010002
00e9000400010002
00e7000400010002
00e6000400010002
00e5000500010002
00e2000500010002
00de000500010002
00dc000500010002
00db000500010003
00d9000500020003
00d7000600020003
00d5000600020003
00d2000600020004
00cf000600020004
00cc000600020004
00c9000600030005
00c6000800030005
00c1000800040005
00be000800040005
00b8000800050005
00b4000800050005
00af000800060005
00a9000900060005
00a4000900070005
009f000900080006
0098000a00090006
0092000a00090006
008b000a000b0006
0084000a000c0006
007e000a000d0007
0078000a000e0007
0072000b000f0007
006d000b000f0007
0069000a00100007
0066000a00110007
0063000a00110008
0061000a00110008
005f000a00120008
0060000a00120008
0061000900120009
0063000900120009
0065000900110008
0069000900110008
006e000900100007
0073000800100007
00790008000f0007
00800008000e0007
00860007000d0007
008e0007000d0007
00960006000c0006
009d0006000b0006
00a40006000a0006
00ab000600090005
00b1000500080005
00b8000500070004
00bd000500060004
00c3000400050004
00c8000400050004
00cd000400040004
00d2000400040004
00d5000400030004
00db000300030004
00de000300020003
00df000200020003
00e2000200020003
00e6000200020003
00e8000200020003
00e9000200020003
00eb000200010003
00ec000200010002
00ed000200010002
00f1000200010002
00f1000200010002
00f3000100010001
00f3000100010001
00f3000100010001
00f5000100010001
00f5000100010001
00f5000100010001
00f5000100010001
00f8000100010001
00f8000100010001
00f8000100010001
00f9000100010001
00f9000100010001
0100000000000000
0100000000000000
0100000000000000
0100000000000000
0100000000000000
0100000000000000
0100000000000000
0100000000000000
0100000000000000
0100000000000000
0100000000000000
00fe000000000000
00fe000000000000
00fe000000000000
00fe000000000000
00fe000000000000
00fd000100000000
00fd000100000000
00fd000100000000
00fc000100000000
00fc000100000000
00fb000100000001
00fb000100000001
00fa000100000001
00fa000100000001
00f9000100000001
00f8000100000001
00f8000100000001
00f7000200000001
00f6000200000001
00f5000200000001
00f4000200000001
00f4000200000001
00f3000200000001
00f2000200000001
00f0000300010001
00f0000300010001
00ed000300010001
00ec000300010002
00eb000300010002
00e9000400010002
00e8000400010002
00e7000400010002
00e5000400010002
00e4000400010002
00e3000500010002
00e1000500010002
00e0000500010002
00dd000500010002
00d9000500010003
00d8000600010003
00d6000600010003
00d3000600020003
00d2000600020003
00cf000600020004
00cd000700020004
00ca000700020004
00c8000700020004
00c5000700020004
00c1000700030005
00be000800030006
00b8000900040006
00b5000900040006
00b1000900050006
00ac000a00050006
00a8000a00060006
00a3000a00060006
009e000a00070006
0099000a00080007
0092000b000a0007
008d000b000a0007
0086000b000b0007
0082000a000c0007
007c000a000c0007
0078000a000d0007
0074000a000e0007
0070000b000f0007
006d000b000f0007
006a000b00100007
0068000b00100008
0067000a00100008
0068000a00100008
0068000a00100008
006a000a00100008
006c000a00100008
00710009000f0008
00750009000f0007
00790009000e0007
007f0008000e0007
00850007000d0007
008c0007000c0006
00930007000c0006
009a0007000b0006
00a10006000a0006
00a8000600090006
00af000500080006
00b4000600080004
00bb000600060004
00c0000600060004
00c4000600050004
00c9000500040004
00cd000500040004
00d3000400030004
00d6000400030004
00da000300030003
00dd000300020003
00df000200020003
00e1000200020003
00e4000200020003
00e6000200020003
00e8000200020003
00e9000200010003
00eb000200010002
00ec000200010002
00ef000200010002
00f0000200010002
00f0000200010002
00f2000100010002
00f2000100010002
00f3000100010001
00f4000100010001
00f5000100010001
00f5000100010001
00f7000100010001
00f7000100010001
00f8000100010001
00f8000100010001
00f8000100010001
0100000000000000
0100000000000000
0100000000000000
0100000000000000
0100000000000000
0100000000000000
0100000000000000
0100000000000000
0100000000000000
0100000000000000
00fe000000000000
00fe000000000000
00fe000000000000
00fe000000000000
00fe000000000000
00fd000100000000
00fd000100000000
00fd000100000000
00fc000100000000
00fc000100000000
00fb000100000001
00fb000100000001
00fa000100000001
00fa000100000001
00f9000100000001
00f8000100000001
00f8000100000001
00f7000200000001
00f6000200000001
00f5000200000001
00f4000200000001
00f3000200000001
00f0000200000001
00ef000300000001
00ee000300010001
00ee000300010001
00ec000300010002
00eb000300010002
00ea000300010002
00e8000400010002
00e7000400010002
00e6000400010002
00e4000400010002
00e3000500010002
00e1000500010002
00e0000500010002
00de000500010003
00dd000600010003
00d9000600010003
00d6000600010003
00d4000600010003
00d2000600010003
00d0000700020003
00cd000700020004
00cb000700020004
00ca000700020004
00c7000700020005
00c4000800020005
00c2000800020005
00c0000800030005
00bb000900030006
00b8000900030006
00b4000900040006
00b0000a00040006
00ac000a00050006
00a7000a00050006
00a3000a00060006
009d000a00070006
0099000a00080006
0093000a00090007
008f000b00090007
0089000b000a0007
0085000b000b0007
0081000b000b0007
007c000b000c0007
0078000b000d0008
0075000b000d0008
0072000a000d0009
0070000a000e0008
0070000b000e0008
006f000b000e0008
006f000a000f0008
0070000a000f0008
0071000a000f0008
0074000a000e0008
0077000a000e0008
007c0008000d0008
00800008000d0008
00860008000d0007
008a0009000c0006
00910008000b0006
00980008000a0006
009d0008000a0006
00a3000800090006
00aa000700080006
00b1000600080005
00b6000600070005
00ba000600070004
00c1000600050004
00c5000500050004
00c9000500040004
00cd000500040004
00d1000500030004
00d5000400030004
00d8000400020003
00db000400020003
00dd000400020003
00e1000300020003
00e3000300020003
00e4000300020003
00e6000200020003
00e8000200010003
00e9000200010003
00ea000200010002
00ed000200010002
00ee000200010002
00ef000200010002
00f0000100010002
00f1000100010002
00f1000100010002
00f3000100010002
00f3000100010002
00f4000100010001
00f6000100010001
00f7000100010001
00f7000100010001
00f7000100010001
00f8000100010001
0100000000000000
0100000000000000
0100000000000000
0100000000000000
0100000000000000
0100000000000000
0100000000000000
0100000000000000
0100000000000000
00fe000000000000
00fe000000000000
00fe000000000000
00fe000000000000
00fe000000000000
00fd000100000000
00fd000100000000
00fd000100000000
00fc000100000000
00fc000100000000
00fb000100000001
00fb000100000001
00fa000100000001
00f9000100000001
00f9000100000001
00f8000100000001
00f7000200000001
00f7000200000001
00f4000200000001
00f3000200000001
00f2000200000001
00f1000200000001
00f0000200000001
00ef000300000001
00ee000300010001
00ed000300010001
00ec000300010002
00ea000300010002
00e9000400010002
00e7000400010002
00e6000400010002
00e4000400010002
00e3000500010002
00e1000500010002
00df000500010003
00dd000500010004
00db000600010004
00da000600010004
00d6000600010004
00d5000600010004
00d1000700010004
00cf000700010004
00cd000700010004
00ca000700010006
00c8000800020006
00c7000800020006
00c5000800020006
00c3000800020006
00c0000800020006
00be000800020006
00ba000800020006
00b7000900030007
00b4000b00030007
00b1000b00030007
00ae000b00040007
00a9000b00040007
00a6000b00050007
00a2000b00060007
009d000b00070007
0099000b00070006
0095000b00080006
0090000b00080007
008d000c00090007
0088000c000a0007
0084000b000a0007
0081000b000b0007
007e000b000b0008
007a000b000c0008
0079000b000c0008
0076000b000d0009
0075000a000d0009
0075000a000d0008
0074000a000d0008
0076000a000d0008
0077000a000d0008
007b0009000d0008
007e000a000d0008
0082000a000c0007
00870009000c0007
008b0009000b0007
008f0009000b0006
00960009000a0006
009b0008000a0006
00a1000700090007
00a5000700080007
00ac000700080006
00b1000700070006
00b7000600070006
00bc000600060006
00c1000600060005
00c6000600040005
00ca000500040005
00cd000500030005
00d1000400030005
00d4000400030004
00d7000400020004
00da000400020004
00dc000400020004
00df000400020003
00e1000300020003
00e2000300020003
00e5000300010003
00e6000300010003
00e8000300010003
00eb000300010002
00ec000200010002
00ed000200010002
00ed000200010002
00ef000100010002
00ef000100010002
00f0000100010002
00f1000100010002
00f2000100010002
00f2000100010002
00f5000100010002
00f6000100010001
00f6000100010001
00f7000100010001
00f7000100010001
0100000000000000
0100000000000000
0100000000000000
0100000000000000
0100000000000000
0100000000000000
0100000000000000
0100000000000000
00fe000000000000
00fe000000000000
00fe000000000000
00fe000000000000
00fe000000000000
00fd000100000000
00fd000100000000
00fd000100000000
00fc000100000000
00fc000100000000
00fb000100000001
00fb000100000001
00fa000100000001
00f9000100000001
00f9000100000001
00f8000100000001
00f5000200000001
00f4000200000001
00f3000200000001
00f2000200000001
00f1000200000001
00f0000200000001
00ef000300000001
00ee000300010001
00ee000300010001
00ec000300010002
00eb000300010002
00ea000300010002
00e7000400010003
00e6000400010003
00e4000400010003
00e2000500010003
00e1000500010003
00de000500010003
00dc000500010004
00da000600010004
00d9000600010004
00d7000600010004
00d3000600010004
00d2000700010004
00d0000700010004
00cd000800020004
00c9000900020005
00c7000900020006
00c5000900020006
00c4000800020006
00c2000800020006
00c1000800020006
00be000900020006
00bb000900020006
00b8000900020006
00b6000900020007
00b3000a00020007
00b1000a00030008
00ad000b00030008
00aa000c00030008
00a7000c00050008
00a3000c00050008
009f000c00060008
009c000c00060008
0098000b00070008
0094000b00070008
0092000b00080008
008e000b00080008
008a000b00090008
0087000c00090009
0084000c000a0009
0081000c000a0008
007e000b000b0008
007c000b000b0008
007c000b000b0008
007b000b000b0008
007b000b000c0008
007b000a000c0008
007c000b000c0007
007d000b000c0007
007f000b000b0007
0082000a000b0007
0086000a000b0007
008a000a000b0008
0090000a000a0008
00940009000a0008
0098000900090007
009e000800090007
00a3000700080007
00a8000700080006
00ad000700070006
00b3000700070006
00b8000600060006
00bc000600060006
00c2000600050005
00c6000600050005
00ca000600030005
00cd000500030005
00d0000400030005
00d4000400020004
00d6000400020004
00d8000400020004
00da000400020004
00dc000400020004
00df000300020004
00e0000300020004
00e2000300010004
00e4000300010004
00e6000300010003
00e8000300010003
00ea000300010002
00ea000300010002
00ec000300010002
00ed000200010002
00ee000100010002
00ee000100010002
00ef000100010002
00f0000100010002
00f1000100010002
00f4000100010002
00f4000100010002
00f5000100010002
00f6000100010001
00f6000100010001
0100000000000000
0100000000000000
0100000000000000
0100000000000000
0100000000000000
0100000000000000
0100000000000000
0100000000000000
00fe000000000000
00fe000000000000
00fe000000000000
00fe000000000000
00fd000100000000
00fd000100000000
00fc000100000000
00fc000100000000
00fc000100000000
00fb000100000001
00fb000100000001
00fa000100000001
00f7000100000001
00f7000100000001
00f6000100000001
00f5000200000001
00f4000200000001
00f3000200000001
00f2000200000001
00f1000200000001
00f0000200000001
00ef000300000001
00ee000300010001
00ec000300010002
00eb000300010003
00e9000300010003
00e8000400010003
00e5000400010003
00e4000400010003
00e2000400010003
00e0000500010003
00de000600020003
00dc000600020004
00da000700020004
00d8000700020004
00d6000700020004
00d3000800020004
00d0000800020004
00ce000800020004
00cc000800020005
00cb000900020005
00ca000900020005
00c4000900020006
00c2000900020006
00bf000a00020006
00be000a00020006
00bc000a00020006
00bb000a00020007
00b8000a00030007
00b4000b00040007
00b2000b00040007
00b0000c00040007
00ae000c00040007
00ac000c00040007
00a9000c00050008
00a5000d00060008
00a2000d00060008
00a0000d00070008
009d000d00070008
009a000c00070008
0097000c00070008
0094000c00070008
0091000c00080008
008e000c00080009
008c000c00090009
0089000c0008000a
0087000b0009000a
0084000b0009000a
0082000c00090009
0080000c000a0009
007f000b000a0009
007f000b000a0009
0081000c000a0008
0081000c000a0008
0082000b000a0008
0083000b000a0007
0084000b000a0008
0087000b000a0008
008a000a000a0008
008e000a00090008
0092000a00090008
0096000900090008
009b000800080008
00a0000800080006
00a5000800070006
00ab000700070006
00b0000700060006
00b5000700060006
00b9000700060006
00bd000600050006
00c1000600050006
00c6000600040005
00c8000600040005
00cd000400030005
00cf000400020004
00d1000400020004
00d4000400020004
00d7000400020004
00da000400020004
00dc000400020004
00dd000400020004
00df000300010004
00e0000300010004
00e2000300010004
00e4000300010004
00e6000300010004
00e8000300010003
00e8000300010003
00ea000300010002
00eb000300010002
00ed000200010002
00ed000200010002
00ee000100010002
00ef000100010002
00f0000100010002
00f2000100010002
00f3000100010002
00f4000100010002
00f4000100010002
00f5000100010002
0100000000000000
0100000000000000
0100000000000000
0100000000000000
0100000000000000
0100000000000000
0100000000000000
00fe000000000000
00fe000000000000
00fe000000000000
00fe000000000000
00fd000100000000
00fd000100000000
00fd000100000000
00fc000100000000
00fc000100000000
00fb000100000001
00fb000100000001
00f8000100000001
00f7000100000001
00f7000100000001
00f6000100000001
00f5000200000001
00f4000200000001
00f3000200000001
00f2000200000001
00f1000200000001
00ef000200000002
00ee000300000002
00ed000300010002
00ec000300010002
00e9000300010003
00e8000300010003
00e6000400010003
00e4000500020003
00e2000500020003
00e0000600020003
00dd000600020003
00db000600020004
00da000600020004
00d7000700020005
00d5000700020005
00d3000800020004
00d2000800020004
00cd000800020004
00cb000800020005
00c9000900020005
00c8000900020005
00c5000900020006
00c2000900020007
00c0000a00020007
00bc000a00020007
00bb000a00020008
00b8000b00020008
00b7000b00030008
00b6000b00030007
00b3000b00040007
00b1000b00040007
00ae000d00040007
00ac000d00040007
00a9000d00040007
00a7000d00040007
00a3000d00050007
00a2000d00060008
00a0000e00060008
009d000e00060008
009a000e00070008
0098000e00070008
0095000e00070008
0092000e00080008
008f000e00080009
008e000e00080009
008b000d00090009
0089000d00090009
0087000c00090009
0085000c00090009
0084000c0008000a
0084000b0009000a
0083000c00090009
0083000c00090009
0082000d00090009
0084000c0009000a
0084000c0009000a
0086000c0009000a
0089000a00090009
008b000a00090008
008e000a00090008
0092000a00080008
0094000900080008
0099000900080007
009c000900080007
00a2000800080007
00a6000800080006
00ac000800070006
00b0000700070006
00b4000700060006
00b9000700060006
00bd000600060006
00c0000600050006
00c5000600050005
00c7000500050005
00cb000500030004
00cd000400030004
00d0000400030004
00d4000400030004
00d5000400030004
00d7000400030004
00da000400030004
00da000400030004
00dd000300010004
00df000300010004
00e1000300010004
00e3000300010004
00e5000300010004
00e6000300010003
00e6000300010003
00e8000300010003
00e9000300010003
00ea000300010002
00eb000200010002
00ec000200010002
00ee000200010002
00ef000100010002
00f1000100010002
00f1000100010002
00f2000100010002
00f3000100010002
00f4000100010002
0100000000000000
0100000000000000
0100000000000000
0100000000000000
0100000000000000
0100000000000000
00fe000000000000
00fe000000000000
00fe000000000000
00fe000000000000
00fd000100000000
00fd000100000000
00fd000100000000
00fc000100000000
00fc000100000000
00f9000100000001
00f9000100000001
00f8000100000001
00f7000100000001
00f7000100000001
00f6000100000001
00f5000200000001
00f4000200000001
00f3000200000001
00f1000200000002
00f0000200000002
00ef000200000002
00ec000300010002
00ec000300010002
00ea000300010003
00e8000400020003
00e6000500020003
00e4000500020003
00e2000500020003
00e0000500020003
00dd000600020004
00db000600020004
00d9000600020005
00d7000700020005
00d5000700020005
00d3000700020005
00d1000800020005
00ce000800020005
00cc000800020006
00c7000900020006
00c5000900020006
00c4000900020006
00c2000900020006
00c0000a00020006
00bc000a00020007
00b9000b00020008
00b6000b00030008
00b4000b00030008
00b1000b00030008
00af000c00030008
00ae000c00030008
00ad000c00030008
00aa000d00040008
00a7000e00040009
00a4000e00040009
00a2000e00040009
00a0000e00050009
009f000e00050009
009c000e00050009
009a000e00060009
0098000e0006000a
0095000f0006000a
0093000f0006000a
0091000f0007000b
0090000f0007000a
008e000f0007000a
008d000e0008000a
008a000e00080009
0089000e00080009
0088000e00090009
0086000e00090009
0085000e00090009
0085000e00090009
0085000e00090009
0085000c0008000a
0085000c00080009
0086000c0008000a
0088000b0008000a
008a000b0008000a
008c000b00080009
008e000a00080009
0091000a00090008
0095000a00080007
0098000900080007
009b000900080007
009e000900080007
00a2000900070008
00a6000800070007
00ab000900070007
00ae000800060007
00b3000800060007
00b7000800060007
00bc000800050007
00c0000700050007
00c3000600050007
00c7000600040005
00c9000600040005
00cb000600030005
00ce000500030005
00d0000500030005
00d2000500030005
00d5000500030005
00d7000400030005
00d9000300020005
00db000300020004
00db000300020004
00dd000300020004
00e1000300020004
00e2000300020004
00e3000300010004
00e5000300010003
00e6000300010003
00e7000300010003
00e7000300010003
00e9000200010003
00ea000200010003
00eb000200010002
00ed000200010002
00f0000200010002
00f1000100010002
00f1000100010002
00f2000100010002
00f2000100010002
0100000000000000
0100000000000000
0100000000000000
0100000000000000
0100000000000000
00fe000000000000
00fe000000000000
00fe000000000000
00fe000000000000
00fd000100000000
00fd000100000000
00fd000100000000
00fc000100000000
00fa000100000000
00f9000100000001
00f9000100000001
00f8000100000001
00f7000100000001
00f6000100000001
00f6000100000001
00f5000200000001
00f3000200000002
00f2000200000002
00f1000200000002
00ef000200000002
00ed000300000002
00eb000400020002
00eb000400020002
00e9000400020003
00e7000400020003
00e5000500020003
00e2000500020004
00e0000500020004
00de000600020004
00dc000600020004
00da000600020004
00d7000700020005
00d5000700020005
00d2000700020005
00d0000800020005
00cd000800020005
00ca000800020006
00c8000900020006
00c4000900020006
00c2000900020006
00c0000900020006
00bd000a00020006
00ba000a00020007
00b8000b00020008
00b6000b00030008
00b2000b00030008
00b0000c00030008
00ac000c00030008
00aa000c00030009
00a8000d00030009
00a7000d00030009
00a4000e00030009
00a3000e00030009
009f000f00040009
009e000f00040009
009c000f00050009
009c000f00050009
009a000f00050009
0097000f00050009
0096000f00050009
0094000f00060009
0092000f0006000a
009100100006000b
008e00100006000b
008d000f0007000b
008c000f0007000b
008a000f0007000b
0088000f0007000b
0088000f0008000a
008600100008000a
0086000f00080009
0085000f00080009
0086000e0009000a
0086000e0009000a
0086000e0009000a
0087000d0008000a
0088000d00080009
008a000c00070009
008c000b00080009
008d000b00080009
0090000b00080009
0093000a00080009
0096000a00080009
0098000b00070009
009c000a00070009
00a0000a00070008
00a4000a00070008
00a8000900060008
00ac000900060007
00af000900060007
00b2000800060007
00b6000800050007
00b9000800050007
00be000700050007
00c2000600040006
00c5000600040006
00c7000600040005
00cb000500030005
00cd000500030005
00ce000500030005
00d1000500030005
00d2000500030005
00d5000500020005
00d7000500020005
00d9000400020005
00d9000400020005
00dc000400020005
00de000300020005
00df000300020004
00e1000300020004
00e3000300020003
00e3000300020003
00e5000300010003
00e6000300010003
00e8000200010003
00e8000200010003
00e9000200010003
00eb000200010003
00ee000200010002
00ef000200010002
00f0000200010002
00f1000100010002
00f1000100010002
0100000000000000
0100000000000000
0100000000000000
0100000000000000
00fe000000000000
00fe000000000000
00fe000000000000
00fe000000000000
00fd000100000000
00fd000100000000
00fd000100000000
00fa000100000000
00fa000100000000
00f9000100000001
00f9000100000001
00f8000100000001
00f7000100000001
00f6000100000001
00f6000100000001
00f4000200000002
00f3000200000002
00f1000200000002
00f0000200000002
00ed000300010002
00ec000400010002
00ea000400020002
00e9000400020002
00e7000400020004
00e5000400020004
00e4000500020004
00e2000500020004
00df000500020004
00dc000600020004
00db000600020004
00d8000600020005
00d4000700020005
00d2000700020005
00cf000700020005
00cd000800020005
00cb000800020005
00c8000900020006
00c5000900020007
00c1000900020007
00be000900020007
00bb000b00020007
00b8000b00020008
00b5000c00030008
00b2000c00030009
00af000d00030009
00ad000d00030009
00ab000d00030009
00a9000e0003000a
00a6000e0003000a
00a3000e0003000a
00a0000f0003000a
009f00100003000a
009c00100003000a
009b000f0003000a
0098000f0004000a
0097000f0005000a
009500100005000b
009400100005000a
009200100005000a
009000100005000a
008f00100005000a
008d00100005000a
008b00100005000b
008c000f0006000a
008b000f0006000b
008900100006000b
008700100006000b
008700100007000b
008700100007000b
008600100007000b
008400100007000b
008300100007000c
008400100008000c
0085000f0008000a
0085000f0008000a
0086000e0008000a
0088000e0008000a
0089000e0008000a
008b000d00080009
008c000d00080009
008e000c0008000a
0090000d0008000a
0093000c0007000a
0097000b0007000a
009a000b00070009
009d000b00070009
00a1000a00060009
00a2000a00060009
00a7000a00060008
00ab000900060008
00ad000900050007
00b1000900050007
00b4000700050008
00b7000700050008
00bb000700040007
00bf000600040007
00c2000600040007
00c4000600040006
00c8000600030006
00ca000500030006
00cd000500030005
00cd000500030005
00ce000500030005
00d2000500020005
00d4000500020005
00d6000400020005
00da000400020005
00da000400020005
00db000400020005
00dd000400020005
00de000400020005
00e0000300020004
00e1000300020003
00e3000300020003
00e4000300020003
00e6000200010003
00e7000200010003
00e8000200010003
00e9000200010003
00ec000200010003
00ed000200010003
00ee000200010002
00ef000200010002
00f0000200010002
0100000000000000
0100000000000000
0100000000000000
00fe000000000000
00fe000000000000
00fe000000000000
00fe000000000000
00fd000100000000
00fd000100000000
00fb000100000000
00fa000100000000
00fa000100000000
00f9000100000001
00f9000100000001
00f8000100000001
00f7000100000001
00f6000100000002
00f5000100000002
00f4000200000002
00f2000200000002
00f1000200000002
00ef000300010002
00ed000300010002
00eb000400010002
00e9000400020003
00e8000400020003
00e7000400020004
00e4000400020004
00e2000500020004
00df000500020004
00dd000500020004
00da000600020004
00d7000600020004
00d5000600020005
00d3000700020005
00cf000700020006
00cd000800020006
00c9000900020006
00c6000900030007
00c3000a00030007
00c2000a00030007
00bf000a00030007
00b9000b00030007
00b6000b00030008
00b4000c00030008
00b1000c00040009
00ac000d0004000a
00aa000d0004000a
00a7000d0004000b
00a4000e0004000b
00a2000e0004000b
00a0000f0004000b
009f000f0004000a
009b000f0004000a
0098000f0004000b
009600110004000c
009500110004000b
009200110004000b
009100110005000b
009000110005000b
008d00120006000b
008c00120006000b
008900120006000b
008900120005000b
008800120005000b
008600120005000c
008600110005000c
008400100005000c
008500100005000b
008400100006000c
008400100006000c
008300120006000c
008200110006000b
008200110006000b
008400110007000c
008300100007000c
008400100007000c
008300100007000c
0083000f0007000c
0085000f0008000b
0086000f0008000b
0089000e0008000a
008a000e0008000b
008b000e0008000b
008f000e0008000a
0091000d0007000a
0093000d0007000a
0096000d0007000a
009a000b00060009
009d000b00060009
009f000b0006000a
00a3000a0005000a
00a6000a0005000a
00aa00090005000a
00ad000800050009
00af000800050008
00b3000700050007
00b7000700040007
00ba000700040007
00bc000600040007
00bf000600040007
00c1000600040007
00c6000600040006
00c8000500030006
00ca000500030006
00cc000500030006
00cd000500020006
00cf000500020006
00d1000500020006
00d2000500020006
00d6000400020005
00d7000400020005
00d9000400020005
00da000400020005
00dc000400020005
00dd000400020005
00df000400020004
00e0000400020004
00e1000300020004
00e2000300020003
00e4000200020003
00e5000200020003
00e8000200010003
00eb000200010003
00eb000200010003
00ec000200010003
00ed000200010003
00ee000200010002
0100000000000000
0100000000000000
00fe000000000000
00fe000000000000
00fe000000000000
00fe000000000000
00fd000100000000
00fb000100000000
00fb000100000000
00fa000100000000
00fa000100000000
00f9000100000001
00f9000100000001
00f8000100000001
00f6000100000002
00f6000100000002
00f5000100000002
00f3000200000002
00f2000200000002
00f0000300010002
00ee000300010002
00ec000300010002
00ea000400010003
00e9000400020003
00e8000400020003
00e5000400020004
00e3000400020004
00e0000500020004
00de000500020004
00db000500020004
00d9000600020004
00d6000600020005
00d2000800020006
00d0000800020006
00cd000800030006
00c9000900030006
00c6000900030006
00c4000a00030007
00c1000a00030008
00bd000a00030008
00ba000b00030008
00b4000b00030008
00b2000c00030009
00af000c00040009
00ab000d00040009
00a8000d00040009
00a4000d0004000b
00a1000e0004000b
009e000e0004000b
009c000f0004000b
009a000f0004000b
0098000f0004000b
009500100004000c
009300100004000c
008f00110004000c
008d00120004000c
008b00120004000c
008900120005000c
008700120005000c
008600120005000c
008400130005000c
008300130006000c
008300130006000d
008100130006000d
008000130006000d
008000130006000c
008000120006000c
007f00120006000c
007e00120005000c
007f00120005000c
007e00130005000c
007f00110006000c
007d00110006000e
008000110006000d
007f00110006000c
007f00110006000c
008100110006000c
008000100008000c
008300100008000c
008200100008000c
0085000f0008000c
008700100008000c
0088000f0008000c
008b000f0007000c
008e000e0007000a
008f000e0007000a
0093000d0007000a
0095000d0007000b
0098000d0007000b
009c000c0006000a
009d000c0006000a
00a0000a0005000a
00a5000a0005000a
00a800090005000a
00aa000800050009
00ae000800040008
00b0000900040008
00b3000800040007
00b7000800040007
00b9000800040007
00bc000700040007
00bf000700040006
00c1000700040006
00c2000700030006
00c6000600030006
00c8000500020006
00c9000500020006
00cc000500020006
00ce000500020006
00d1000500020006
00d3000400020006
00d5000400020006
00d7000400020006
00d7000400020006
00d9000400020005
00da000400020005
00dc000400020004
00dd000400020004
00df000400020004
00e0000400020004
00e2000200020004
00e3000200020003
00e5000200020003
00e8000200020003
00ea000200010003
00eb000200010003
00eb000200010003
00ec000200010003
0100000000000000
0100000000000000
00fe000000000000
00fe000000000000
00fe000000000000
00fd000100000000
00fb000100000000
00fb000100000000
00fa000100000000
00fa000100000000
00f9000100000001
00f9000100000001
00f7000100000002
00f6000100000002
00f6000100000002
00f4000100000002
00f3000200000002
00f1000300010002
00ef000300010002
00ee000300010002
00eb000300010003
00ea000400010003
00e8000400020003
00e6000400020003
00e3000400020004
00e1000400020004
00df000500020004
00dd000500020004
00da000500020005
00d7000700020005
00d3000700030006
00d1000800030006
00cd000800030006
00ca000800030007
00c7000900030007
00c2000900030008
00bf000a00030008
00be000a00030008
00ba000a00030008
00b6000b00030009
00b2000b0003000a
00ad000c0004000a
00aa000c0004000a
00a5000e0004000a
00a2000e0004000b
009e000f0004000c
009b000f0004000c
009900100004000c
009600100004000c
009400110004000d
009100110005000d
008e00110004000d
008b00120005000d
008900130004000d
008600140004000d
008200140004000e
008000130005000e
007f00130005000e
007e00130005000e
007c00140005000e
007b00140005000e
007b00140005000d
007b00140005000d
007900140006000e
007800140006000e
007700140006000e
007700130006000e
007700130006000e
007800130006000e
007700140006000e
007800130006000c
007700130006000d
007800130006000d
007900130006000d
007a00120006000e
007b00120006000e
007d00100007000d
007e00110007000c
007f00100007000d
008100110007000d
008200100007000d
008400100007000c
008600100007000c
0089000f0007000c
008a000f0006000d
008d000e0006000c
0092000d0006000c
0093000d0006000c
0097000d0006000b
009b000b0006000a
009d000b0006000a
009e000c0006000a
00a1000b00060009
00a5000a00050009
00aa000900050009
00ab000900050009
00af000900050009
00b0000800050009
00b3000800050009
00b7000800050008
00ba000700050008
00bc000700050008
00be000700050007
00bf000700040007
00c2000600030007
00c5000600030007
00c8000600030006
00c9000600030006
00cd000600020006
00ce000600020006
00cf000500020006
00d2000400020006
00d3000400020006
00d5000400020006
00d6000400020006
00d8000400020006
00d9000400020005
00da000400020004
00dc000400020004
00de000400020004
00e0000300020004
00e1000300020004
00e2000200020004
00e6000200020003
00e7000200020003
00e9000200010003
00ea000200010003
00eb000200010003
0100000000000000
00fe000000000000
00fe000000000000
00fe000000000000
00fc000000000000
00fb000100000000
00fb000100000000
00fa000100000000
00fa000100000000
00f9000100000001
00f9000100000001
00f7000100000002
00f6000100000002
00f5000100000002
00f4000100000002
00f2000300010002
00f0000300010002
00ef000300010002
00ed000300010003
00eb000300010003
00e9000400010003
00e7000400020003
00e5000400020003
00e2000400020004
00e0000400020005
00df000500020004
00db000600020005
00d7000700030005
00d4000700030005
00d2000700030006
00ce000800030007
00ca000800030007
00c7000900030007
00c3000900030007
00c0000900030009
00bc000a00030009
00b9000b00030009
00b5000c00030009
00b1000c0004000a
00ad000d0005000a
00a8000d0005000a
00a5000e0005000a
00a0000e0005000b
009d000f0005000c
0099000f0005000c
009500100005000d
009200100005000d
008f00110005000e
008c00110005000e
008900120005000e
008600120005000e
008400120005000e
008000140005000f
007f00140005000f
007d00140005000f
007900150006000f
007800150007000e
007600150007000e
007300150007000e
007300160007000e
007300160007000e
007200160007000e
007100160006000f
007100150006000f
006f00150007000f
007100140007000f
006f00140007000f
007000140007000e
007000150006000e
007000150006000e
007100140006000f
007100140006000f
007300140006000e
007500130006000d
007500130007000d
007600120007000d
007800120006000e
007900120007000d
007b00120007000e
007d00100007000e
007f00100007000d
0081000f0007000c
0084000f0007000d
0085000e0007000d
0088000e0007000d
008b000d0006000d
008f000d0006000c
0090000d0006000c
0094000d0006000b
0097000d0007000a
009a000c0006000a
009e000c0006000a
009f000b0006000a
00a2000b0006000a
00a5000a0006000a
00a8000900050009
00ac000900050009
00ae000800050009
00b1000800050009
00b3000800050009
00b7000700050008
00ba000700040008
00bb000700040007
00bd000700030007
00be000600030007
00c0000600030007
00c2000600030007
00c7000600030007
00c9000600030007
00cb000600030007
00cd000500030007
00cf000500030006
00d1000500020006
00d1000500020006
00d3000400020006
00d4000400020006
00d7000400020005
00d8000400020005
00da000400020005
00db000400020004
00dd000300020004
00df000300020004
00e0000300020004
00e4000300020004
00e5000200020004
00e6000200020003
00e8000200020003
00e9000200010003
00fe000000000000
00fe000000000000
00fe000000000000
00fc000000000000
00fb000100000000
00fb000100000000
00fa000100000000
00fa000100000000
00fa000100000000
00f8000100000002
00f7000100000002
00f6000100000002
00f5000100000002
00f3000200010002
00f2000300010002
00f0000300010002
00ee000300010003
00ed000300010003
00eb000300010003
00e8000400010003
00e6000400020003
00e4000400020003
00e1000400020005
00e0000400020005
00dd000600020005
00da000600030005
00d5000700030006
00d3000700030006
00d0000700030007
00cb000800030007
00c9000800030007
00c5000900030008
00c1000900030008
00bc000b00040009
00ba000b00040009
00b5000b0004000a
00b1000c0004000a
00ad000c0004000b
00a9000d0005000b
00a5000e0005000b
009f000e0005000b
009b000e0005000d
0097000f0005000d
009300100005000d
008f00110005000e
008c00120005000f
008800120005000f
008600130005000f
008200130005000f
007f00140005000f
007b001400050010
0079001500050010
0076001600060010
0074001500060010
0072001600060010
0071001600070010
006e001600070010
006c001600070010
006b001600070010
0069001700070010
0069001700070010
0068001700070011
0067001700070011
0067001700070010
0067001600070010
0067001600070010
0068001700070010
0068001700070010
006900160007000f
006a001500070010
006b001500070010
006d00150006000f
006b00140006000f
006e00140007000f
006f00130007000e
007000130007000f
007300130007000f
007600130007000e
007700120007000d
007a00120007000d
007c00110006000e
007e00110006000e
0081000f0006000d
0082000f0006000c
0085000e0006000c
0087000f0006000c
008b000e0006000b
008d000e0006000c
0091000d0006000c
0092000d0006000c
0096000c0006000b
009b000c0006000a
009c000b0006000a
009f000b0006000a
00a2000b0006000a
00a5000a00060009
00a8000900050009
00aa00080005000a
00ae00080005000a
00b100080004000a
00b300070004000a
00b400070004000a
00b7000700040008
00b8000700040008
00bb000600030008
00be000600030007
00be000600030007
00c2000600030007
00c6000600030007
00c8000600030007
00c8000600030007
00ca000500030007
00cc000500030007
00ce000500030007
00d0000500030007
00d2000500020006
00d2000500020006
00d5000400020005
00d7000400020005
00d8000400020005
00db000300020005
00dc000300020004
00dd000300020004
00e2000300020004
00e3000300020004
00e4000300020004
00e5000200020004
00e7000200020003
00fe000000000000
00fe000000000000
00fc000000000000
00fb000100000000
00fb000100000000
00fb000100000000
00fa000100000000
00fa000100000000
00f8000100000002
00f7000100000002
00f6000100000002
00f5000100000002
00f3000200010002
00f1000300010002
00ef000300010003
00ee000300010003
00ed000300010003
00ea000300010003
00e7000400010003
00e5000400020003
00e3000400020004
00e1000400020005
00df000500020005
00dc000600030005
00d8000600030006
00d4000700030006
00d1000700030006
00cd000700030008
00ca000800030008
00c5000900030008
00c1000a00040008
00bd000a00040008
00b9000b0004000a
00b6000b0004000a
00b1000b0004000a
00ad000c0004000b
00a9000d0004000c
00a5000e0005000c
00a0000f0005000c
0099000f0006000c
009600100006000d
009200100006000d
008e00110006000e
008900110006000f
0086001200060010
0082001300060010
007e001300060010
007c001400060010
0077001400060011
0074001500060011
0071001500070011
006e001700070011
006c001700070012
0069001700070012
0068001800080011
0066001800080011
0064001800070011
0062001800070011
0061001800070011
005f001900070011
005e001800070012
005d001800070012
005d001800070011
005d001800070011
005e001700070011
005f001700070011
005f001800070011
005f001800070011
005f001800080011
0061001700080011
0062001700080011
0064001600070010
0066001500080010
0067001400070010
0069001500070010
006b00150007000f
006e00140007000f
007000130007000f
007100130007000f
007500120007000f
007700120007000e
007800110007000e
007c00100007000e
007f00110006000d
0082000f0007000d
0084000f0007000d
0087000e0006000d
008a000e0006000c
008e000d0006000c
0090000d0006000c
0093000c0006000c
0095000c0006000c
0098000c0006000c
009b000c0006000b
009d000c0006000b
00a2000b0006000b
00a4000b0006000a
00a7000a0006000a
00a900090004000a
00ad00090004000a
00ae00090004000a
00b000080004000a
00b2000800040009
00b7000800030008
00b7000800030008
00b9000700030008
00bd000700030008
00be000700030008
00bf000700030008
00c3000700030008
00c5000500030008
00c7000500030007
00c9000500030007
00cb000500030007
00cc000500030007
00cf000500030006
00d0000500030006
00d2000500030005
00d4000500020005
00d5000400020005
00d8000300020005
00d9000300020005
00db000300020005
00df000300020004
00e0000300020004
00e2000300020004
00e4000300020004
00e4000300020004
00fe000000000000
00fc000000000000
00fb000100000000
00fb000100000000
00fb000100000000
00fa000100000000
00fa000100000000
00f8000100000002
00f8000100000002
00f6000100000002
00f4000200010002
00f3000200010002
00f1000300010002
00ef000300010003
00ee000300010003
00ec000300010003
00ea000300010003
00e8000300010003
00e4000400020004
00e3000400020004
00e0000500030005
00de000500030005
00da000600030006
00d7000600030006
00d3000700030006
00cf000700030007
00cc000700030008
00c8000900030008
00c3000900040008
00bf000a00040009
00bb000a00040009
00b6000b0004000a
00b3000b0004000b
00ae000d0004000b
00a9000d0005000b
00a5000e0006000c
00a0000e0006000d
009b000f0006000d
009700100006000e
009000100006000e
008b00110006000e
008800110006000f
0084001200060010
007f001300060011
007c001300060011
0077001500060011
0073001500060012
0070001600060012
006b001600070012
0069001700070012
0066001800070013
0063001800070013
0061001800070012
005e001800070012
005d001900080012
005b001900080013
0059001900080013
0058001900080013
0056001900080013
0055001a00080014
0055001a00080013
0054001a00080013
0054001a00070013
0053001a00070013
0055001900070013
0055001900070012
0056001900070012
0058001800070012
0057001800070012
0059001800070012
005c001800070012
005c001700090011
005f001700090011
0061001700090011
0063001700070011
0066001500070011
0067001500070010
0069001400070010
006c001300070010
0070001300070010
007200120007000f
007500120007000f
007800120008000e
007a00110008000e
007d00110008000e
008000100007000e
0085000e0006000e
0086000e0006000c
0088000d0006000d
008c000e0006000d
0090000d0006000d
0092000d0006000c
0095000d0006000c
0098000c0006000c
009b000c0006000b
009d000b0006000b
00a0000b0006000a
00a2000b0006000b
00a5000a0006000b
00a700090005000b
00aa00080005000b
00ac00080005000b
00af00080005000a
00b000080005000a
00b3000700040009
00b6000700040009
00b8000700030008
00ba000700030008
00bc000700030008
00be000700030008
00c2000600030008
00c4000600030008
00c4000600030008
00c7000500030008
00c9000500030007
00cc000500030006
00cd000500030006
00ce000500030006
00d1000500030006
00d2000500030006
00d5000400020005
00d6000300020005
00d8000300020005
00dd000300020005
00de000300020005
00df000300020004
00e1000300020004
00e3000300020004
00fc000000000000
00fc000000000000
00fb000100000000
00fb000100000000
00fa000100000000
00fa000100000000
00f8000100000002
00f7000100000002
00f6000100000002
00f4000200010002
00f2000200010002
00f2000200010002
00f0000300010003
00ef000300010003
00ec000300010003
00e9000300010003
00e7000300010003
00e4000400020004
00e3000500020004
00e0000500030005
00dd000500030005
00da000600030006
00d6000600030006
00d3000600030006
00ce000700030007
00cb000800030008
00c6000900040008
00c2000900040009
00bd000a00040009
00b9000a00040009
00b4000c0004000b
00b0000c0004000b
00ab000d0005000c
00a6000d0005000d
00a0000e0006000d
009c000e0006000d
0097000f0006000e
009100110006000f
008b00110006000f
008700120007000f
008300120007000f
007d001300070011
0079001400070012
0074001400070012
0071001500070013
006d001600070013
0068001600080013
0065001700080013
0061001700080014
005e001800080014
005c001900080014
0058001a00080014
0055001a00080014
0054001a00080014
0051001b00080014
0050001b00080014
004e001a00080014
004d001b00080014
004c001b00080013
004a001b00080015
004a001b00080015
0049001b00080014
004a001b00080014
004b001b00080014
004b001b00080013
004b001b00080013
004d001b00070014
004e001a00070014
0050001900070014
0052001900070014
0053001800080012
0055001800080013
0057001800080013
005a001800080013
005c001700090012
005e001700080011
0061001600080012
0063001500070011
0066001400070011
0069001400070011
006d00130008000f
006f001300080010
0072001200080010
0076001100080010
007a00110008000e
007b00100008000e
007d00110008000f
008200100006000e
0085000f0006000e
0089000e0006000d
008c000e0006000d
008e000d0006000c
0091000d0007000d
0095000c0006000d
0097000c0007000d
0099000b0006000d
009c000b0006000b
009e000b0006000b
00a1000a0006000b
00a400090005000b
00a4000b0006000b
00a700090005000b
00aa00080005000b
00af00080004000a
00b000070004000a
00b3000700040009
00b4000700040009
00b6000700040009
00b8000700040009
00b9000700040009
00bb000600040009
00c0000600030008
00c1000600030008
00c3000600030008
00c6000600030008
00c8000600030007
00c9000500030007
00cb000500030006
00cd000500030006
00cf000500030006
00d1000500030006
00d3000400030006
00d5000400020005
00d9000300020005
00db000300020005
00dd000300020005
00de000300020005
00e0000300020004
00fc000000000000
00fb000100000000
00fb000100000000
00fa000100000000
00fa000100000000
00f8000100000002
00f7000100000002
00f6000100000002
00f4000200010002
00f3000200010002
00f1000200010003
00f0000300010003
00ee000300010003
00ec000300010003
00e9000300010003
00e7000300010003
00e4000400020004
00e2000500030004
00e0000500030005
00dc000500030006
00d9000600030006
00d5000600030006
00d2000600030007
00cd000800030007
00c9000800040008
00c5000900040009
00c0000900040009
00bc000a00040009
00b7000b0004000a
00b2000c0005000b
00ad000c0005000c
00a8000d0005000c
00a3000d0005000d
009d000f0006000e
009800100006000e
009300100007000e
008d001100070010
0088001200070010
0082001200070010
007c001300070011
0078001300070011
0073001500070012
006f001600070013
0069001600070014
0065001700080014
0061001800080014
005e001800080015
0059001900080015
0056001900080015
0053001b00080016
0050001a00080015
004d001b00080015
004b001b00090015
0049001c00090015
0047001c00090016
0045001c00090016
0045001c00090015
0044001d00080015
0043001d00080016
0042001d00080016
0042001c00080016
0041001c00080015
0042001c00080015
0042001c00080015
0043001c00080015
0044001c00080016
0044001c00080015
0046001b00080015
0047001b00080014
0049001a00080014
004b001a00080015
004e001900080014
0050001900080014
0052001800080013
0054001800080013
0058001700080013
005b001600070013
005e001600080011
0061001600080011
0064001500080012
0067001400080012
006a001300080011
006e001200080010
0071001200080010
0074001200080010
0079001100080010
007b00110008000f
007d00100007000f
008100100006000e
0084000e0007000f
0087000e0007000e
008a000d0006000d
008d000d0006000d
0090000d0006000d
0091000d0006000d
0095000c0006000d
0097000c0006000d
009a000c0006000c
009c000b0006000c
009f000b0006000c
00a0000b0006000c
00a300090005000c
00a700090005000b
00aa00090005000b
00ac00080004000b
00ad00080004000b
00b000080004000b
00b2000800040009
00b3000800040009
00b5000800040009
00b7000600040009
00ba000600040009
00be000600040009
00bf000600040009
00c1000600030008
00c3000600030008
00c6000600030007
00c8000600030007
00c9000500030007
00cc000500030006
00ce000500030006
00d0000400030006
00d2000400030006
00d7000400030005
00d8000400020005
00da000300020005
00dc000300020005
00de000300020005
00fb000100000000
00fb000100000000
00fb000100000000
00fa000100000000
00f9000100000001
00f7000100000002
00f6000100000002
00f5000200010002
00f3000200010002
00f1000200010003
00f0000300010003
00ee000300010003
00ec000300010003
00ea000300010003
00e6000300010004
00e5000400010004
00e2000500030004
00df000500030005
00dd000500030006
00d9000600030006
00d4000600030007
00d1000600030007
00cd000800040007
00c9000800040008
00c3000900040009
00bf000900040009
00ba000b0004000a
00b5000b0005000a
00b0000c0005000c
00ab000c0005000c
00a6000d0005000c
00a0000e0005000e
009b000f0007000e
009600100007000f
008f001000070010
0089001100070010
0084001300070011
007e001300070011
0078001400070012
0073001500070012
006e001500080013
0068001600080014
0064001700080015
005f001800090015
005c001800090016
0057001900090016
0053001900090016
004f001a00090017
004b001b00090017
0048001c00080016
0046001c00080016
0043001d00080017
0041001d00090017
003f001d00090016
003d001d00090016
003c001d00090016
003a001e00090016
0039001e000a0017
0039001e000a0017
0038001e000a0016
0039001e00090016
0039001e00090016
0038001f00080016
0039001d00080016
003a001d00080016
003b001d00080016
003d001d00080016
003e001c00080016
0040001b00090015
0041001b00090016
0044001c00090015
0046001b00090015
0048001b00080014
004b001a00080015
004f001800080015
0052001800080014
0054001700080013
0058001700080013
005b001600080013
005d001600080013
0061001500080012
0065001400070011
0068001400070012
006c001300070012
006f001200070010
0073001200070010
0075001100080011
007a001000070010
007c00100007000f
007f000f0006000f
0082000f0006000f
0085000e0006000e
0088000e0006000e
008b000d0006000e
008d000d0006000e
0090000c0006000e
0092000c0006000d
0095000c0006000d
0098000b0006000c
0099000b0006000c
009d000a0006000c
00a0000a0006000c
00a300090005000b
00a500090004000b
00a800080004000b
00a900080004000b
00ab00080004000b
00ad00080004000a
00af00080004000a
00b100080004000a
00b300070004000a
00b6000700040009
00b7000700040009
00bb000600040009
00bd000600040009
00bf000600040009
00c1000600040008
00c4000600030007
00c6000600030007
00c8000600030007
00ca000500030007
00cd000400030006
00cf000400030006
00d3000400030006
00d6000400030006
00d8000400020005
00d9000300020005
00db000300020005
00fb000100000000
00fb000100000000
00fa000100000000
00f9000100000001
00f8000100000002
00f7000100000002
00f5000200010002
00f3000200010002
00f1000200010003
00f0000300010003
00ee000300010003
00ec000300010003
00ea000300010003
00e7000300010004
00e5000400010004
00e2000500030004
00e0000500030004
00dd000500030006
00d9000600030006
00d4000600030007
00d1000600030007
00cc000800040007
00c8000800040009
00c3000900040009
00be000a0004000a
00ba000b0004000a
00b3000b0005000b
00af000c0005000c
00a9000c0005000d
00a4000e0005000d
009f000e0006000e
0099000f0007000f
009200100007000f
008c001100070011
0086001200070011
0080001300070011
007b001300080012
0074001400080013
006e001500080013
0069001600080013
0063001600080015
005e001700090016
005a001800090016
0055001900090017
0051001a00090017
004c001b00090018
0048001a00090018
0045001b00090018
0041001d00090017
003e001d00090018
003c001e00090018
0039001e000a0018
0038001e00090017
0035001f000a0017
0033001f000a0018
00320020000a0018
0032001f000a0017
0031001f000a0018
0030001f000a0018
0030001f000a0018
002f001f000a0018
00300020000a0017
0030002000090017
0030001f00090018
0032001e00090018
0032001e00090017
0035001d00080016
0037001d00090016
0038001c00090017
003b001d00090016
003d001c00090016
003f001c00090016
0041001b00090017
0044001a00090015
0048001a00080015
004b001a00080015
004e001900090014
0052001800080015
0055001700080014
005a001600080013
005c001500080014
005f001600080013
0064001500080012
0067001300070012
0069001200080012
006e001200080011
0072001100080011
0074001100070011
0078001100070010
007b001000070010
007e001000060010
007f000f0006000f
0084000e0006000e
0088000d0006000e
0089000d0006000e
008b000c0006000f
008e000c0006000e
008f000d0007000e
0092000c0007000e
0096000c0007000d
0099000c0007000d
009c000b0007000d
009d000b0007000c
009f000a0006000c
00a100090005000c
00a400090005000c
00a600090005000b
00a800080004000b
00aa00080004000b
00ad00080004000a
00af00070004000a
00b000070004000a
00b300070004000a
00b800070004000a
00ba000700040009
00bb000700040009
00be000600040008
00c1000600040008
00c2000600040008
00c4000600030007
00c7000600030007
00c9000500030007
00cb000400030007
00d0000400030006
00d2000400030006
00d4000400030006
00d7000400030005
00d8000400020005
00fb000100000000
00fa000100000000
00f9000100000001
00f8000100000002
00f7000100000002
00f5000200010002
00f3000200010002
00f3000200010002
00f1000200010003
00ef000300010003
00ed000300010003
00ea000300010003
00e7000300010004
00e6000300010004
00e2000500030004
00e0000500030004
00dd000500030006
00d8000600030006
00d4000600030007
00d1000700030007
00cc000800040008
00c8000800040008
00c3000900040009
00be000a0004000a
00b9000b0005000a
00b3000b0005000b
00ad000c0005000c
00a9000d0005000d
00a3000e0006000d
009d000e0006000f
0096000f0007000f
0090001100070010
008a001100070011
0084001200080012
007d001300080012
0077001400080014
0071001500080014
006a001600080014
0065001700080015
005f001800080015
005a001800090015
0055001900090017
0050001a00090017
004b001a00090017
0047001b00090018
0043001c00090018
003e001d00090018
003b001d00090019
0038001f00090019
0035001e00090019
0033001f000a0018
0031001f000b0019
002e0020000b0019
002c0020000a0018
002b0020000a0018
002a0021000a0018
00290021000a0019
00280020000a0018
00280020000a0018
00270020000a0018
00280020000a0018
00280021000a0018
00280021000a0017
002a002000090018
002a002000090018
002c002000090018
002d001f000a0018
002f001e00090017
0031001e00090017
0033001e00090017
0036001d00090017
0039001c00090017
003b001c00090017
003f001b00090017
0040001b00090016
0044001b000a0015
0048001a00090015
004b001900090015
004f001700080015
0053001600080014
0057001600080014
005a001600080014
005e001500080012
0062001400090013
0064001400080013
0068001300080012
006d001200080011
006f001100070012
0072001100070011
0075001000070011
0078001000070010
007c000f00070010
007e001000070010
0081000e00070010
0084000e0007000f
0086000d0007000f
0088000d0007000e
008c000c0007000e
008f000c0007000e
0092000c0007000e
0093000b0007000e
0095000b0007000e
0098000b0007000d
009b000a0005000d
009c00090005000d
009e00090005000c
00a200090005000c
00a300090005000b
00a600090005000b
00a800090005000b
00a900080005000b
00ac00070004000b
00af00070004000a
00b400070004000a
00b400070004000a
00b700070004000a
00ba000700040009
00bc000700040008
00be000600040008
00c1000600040008
00c2000600040008
00c6000500030007
00c8000500030007
00cd000500030007
00cf000400030006
00d2000400030006
00d3000400030006
00d6000400030006
00fb000100000000
00f9000100000001
00f9000100000001
00f7000100000002
00f6000100000002
00f5000200010002
00f3000200010002
00f1000200010003
00f0000300010003
00ee000300010003
00eb000300010003
00e8000300010003
00e6000300010004
00e2000500030004
00e1000500030005
00de000500030006
00da000500030006
00d5000600030007
00d1000700030007
00cc000800040008
00c8000800040008
00c4000800040009
00be000a0004000a
00b9000a0005000b
00b3000b0005000b
00ad000c0005000d
00a9000d0005000d
00a2000e0006000e
009c000e0006000f
0096000f0007000f
008f001100070010
0088001100080012
0082001200080012
007b001300080013
0076001500080014
006f001500080014
0069001600080014
0062001700080015
005c001800090016
00560019000a0016
00510019000a0018
004c001a000a0018
0047001b000a0018
0042001b000a0019
003d001c000a0019
003a001d000a001a
0036001e000a001a
0032001f00090019
002f0020000a0019
002c0020000a001a
002a0020000b001a
00270021000b0019
00260021000b0019
00240021000a0019
00230022000a0019
00220022000a0019
00210022000a001a
00210021000a0019
00210021000a0019
00210021000a0019
00210022000a0019
00210022000a0019
00220021000a001a
00230021000a0018
00240021000a0018
00250020000a0018
00270020000a0018
00280020000a0019
002a001f000a0018
002d001e00090018
0030001d00090017
0032001d00090017
0035001c00090017
0038001c00090017
003c001b000a0016
003f001b000a0017
0042001a000a0017
00470019000a0015
004a001900080016
004d001800080015
0051001700080015
0054001600090015
0058001500090014
005c001400090013
0060001500090013
0063001400080013
0066001200080013
006b001100070013
006e001100070011
0071001100080012
0073001100080012
0077001000080010
007b001000070010
007d000e00070011
007f000e00070010
0081000d00070010
0086000d0007000f
0088000c0007000f
008b000c0007000f
008c000d0007000f
008f000c0007000e
0090000c0007000e
0093000c0007000d
0095000c0006000d
0098000a0005000d
009a00090005000d
009d00090005000d
009e00090005000d
00a000090005000c
00a300080005000c
00a500080005000b
00a700080005000b
00aa00080005000b
00ae00080005000b
00b100070004000a
00b200070004000a
00b5000700040009
00b8000700040009
00ba000700040009
00bd000700040008
00bf000600040008
00c2000500040008
00c4000500030007
00ca000500030007
00cc000500030007
00ce000400030007
00d1000400030006
00d2000400030006
00fa000100000000
00f9000100000001
00f8000100000002
00f7000100000002
00f5000200010002
00f3000200010002
00f1000200010003
00f0000300010003
00ee000300010003
00ec000300010003
00e9000300010003
00e6000300010004
00e4000500010004
00e1000500030004
00de000500030006
00da000500030006
00d6000600030007
00d3000600030007
00ce000700040007
00ca000800040008
00c4000800040009
00bf000a0004000a
00ba000a0005000a
00b4000b0005000b
00ad000c0005000d
00a9000d0005000d
00a3000d0006000e
009d000e0006000e
0096000f0007000f
008f001100070010
0088001100080011
0081001200080012
007a001400080013
0074001500080014
006e001500080014
0067001600090015
0061001700090016
0059001800090016
00530019000a0016
004e001a000a0018
0048001b000a0019
0043001c000a001a
003e001d000a001a
003a001d000a0019
0035001d000a001a
0031001e000a001a
002e001f000b001a
002b0020000a001a
00270021000a001a
00240022000a001a
00220021000b001b
00200022000b001a
001e0022000b001a
001e0022000b001a
001c0023000a0019
001b0023000a001a
001b0023000a001a
001a0022000a0019
001a0022000a0019
001a0022000a0019
001b0023000a0019
001b0023000a001a
001c0022000a0019
001d0022000a0019
001e002200090019
00200021000a0018
00220020000a0019
00240021000a0019
00250020000a0019
0028001f000a0018
002b001e00090019
002d001d00090019
0030001d00090017
0034001d000a0017
0037001c000a0018
003b001b000a0017
003e001a000a0017
0043001a000a0017
0046001900090017
004a001900080015
004e001800090016
0052001600090016
0055001600090014
0059001500090015
005d001500090014
0061001400090013
0064001300080013
0068001200080014
006a001200080012
006e001100080012
0071001100080013
0074001000080011
0077000f00080011
0079000f00070011
007b000f00070011
007e000e0007000f
0080000e00070010
0083000d00070010
0086000d00070010
0088000d00070010
008a000c00070010
008c000c0008000e
008e000c0008000e
0091000b0006000e
0092000b0006000e
0095000a0005000e
0096000a0005000e
0099000a0005000e
009b000a0005000d
009e00090005000c
00a000080005000c
00a200080005000c
00a400080005000c
00aa00080005000b
00ad00080005000a
00af00080005000a
00b000080005000a
00b4000700040009
00b6000700040009
00b9000600040009
00bc000600040009
00be000600040008
00c0000500040008
00c6000500040008
00c8000500030007
00cb000500030007
00cd000500030007
00d0000400030006
00f9000100000001
00f8000100000002
00f7000100000002
00f5000200010002
00f4000200010002
00f3000200010002
00f1000200010003
00ef000300010003
00ec000300010003
00ea000300010003
00e7000300010004
00e4000500010004
00e1000500030004
00df000500030005
00dc000500030006
00d8000600030006
00d4000600030007
00cf000700040007
00cb000800040008
00c5000800040009
00c0000a0004000a
00bc000a0004000a
00b5000b0005000b
00af000b0005000c
00a9000d0005000d
00a4000d0006000e
009d000e0006000e
0096001000070010
008f001000070010
0088001100080011
0081001200080012
007a001400080013
0074001400080013
006c001500090015
0066001600090015
005f001800090017
00590019000a0017
0051001a000a0017
004c001b000a0018
0046001b000a0018
0041001c000a001a
003c001d000a001a
0036001e000a001b
0032001f000a001b
002e001f000a001b
002a001f000b001b
00260021000b001b
00240021000b001b
00200022000a001b
001e0023000b001b
001c0022000b001a
001a0023000b001a
00190023000b001a
00170023000b001b
00160024000a001a
00150024000a001b
00150023000a001a
00150023000a001a
00150023000a001a
00140024000a001a
00150024000a001a
00150024000a001a
00160023000a0019
0017002300090019
00190022000a0019
001a0022000a001a
001c0022000a001a
001e0022000a0019
00200021000a0019
00220020000a001a
0025001f00090019
0028001e00090019
002b001e000a0019
002e001d000a0019
0032001c000a0018
0036001b000a0017
0039001b000a0018
003d001b000a0017
0041001a00090017
00450019000a0017
0049001800090016
004d001800090016
0051001600090015
0054001500090015
0059001500090015
005c001400090014
005f0014000a0014
0063001200080014
0065001200080014
0069001100080013
006c001100080013
006f001100080012
0072001000080012
0075001000070012
0077000e00080012
007a000e00080010
007b000e00080010
007e000d00080010
0080000d00080010
0082000d00080011
0084000c00080011
0087000c0008000f
0089000c0008000f
008b000b0007000f
008e000a0006000f
0091000a0006000e
0093000a0006000e
0093000a0006000e
0096000a0006000e
009900090006000d
009c00090005000d
009d00090005000d
00a100090005000c
00a500080005000c
00a800080005000b
00a900080005000b
00ac00080005000a
00af00080005000a
00b100080005000a
00b5000600040009
00b7000600040009
00ba000600040009
00bd000600040008
00c2000500040008
00c5000500040008
00c7000500030007
00ca000500030007
00cc000500030007
00f9000100000001
00f8000100000002
00f6000100000002
00f5000200010002
00f3000200010002
00f1000200010003
00f0000300010003
00ee000300010003
00eb000300010003
00e8000300010003
00e6000300010004
00e2000500030004
00e1000500030005
00de000500030006
00da000500030006
00d4000600030007
00d1000700030007
00cc000800040008
00c8000800040008
00c3000900040009
00bd000a0004000a
00b7000b0005000b
00b1000b0005000b
00ab000c0005000d
00a4000d0006000e
009e000e0006000e
0097001000060010
0090001000070010
0089001100080011
0082001200080012
007b001400080013
0074001400080013
006d001500090015
0065001600090015
005f001800090017
00590019000a0017
0052001a000a0018
004a001b000a0018
0044001b000a0018
003f001c000a001a
0039001d000a001a
0034001e000a001b
0030001f000a001b
002c0020000a001b
00270020000b001c
00230020000b001b
00200022000b001b
001d0023000a001b
001a0023000a001b
00190024000b001b
00160023000b001a
00150024000b001b
00130024000a001a
00120024000a001a
00110025000a001b
00100024000a001a
00100024000a001a
00100024000a001a
00100024000a0019
0010002500090019
001000250009001a
001100240009001a
001200240009001a
00130024000a001a
00140023000a0019
00160023000a001a
00170023000a001a
001a0022000a001a
001c0021000a001a
001e0021000a001a
00210020000a0019
0023001f000a0019
0027001e000a001a
002a001d000a0019
002e001c000a0018
0031001c000a0018
0035001c000a0018
0038001b000a0017
003d001a000a0018
00400019000a0018
00450019000a0016
0049001800090017
004d001600090016
004f001500090016
00540015000a0016
00570015000a0015
005b0014000a0015
005e001300080015
0062001200080014
0064001200080013
0067001200080014
006b001100090013
006d001000090012
0070001000090012
0073000e00080013
0075000f00080012
0078000e00080011
0079000e00080011
007b000e00080011
007d000d00080011
0080000d00080011
0083000d0008000f
0084000d0007000f
0087000c0007000f
0089000b0006000f
008b000b0006000f
008c000b0006000f
008f000b0006000f
0090000b0006000f
009400090006000e
009700090006000d
009800090006000d
009b00090006000d
00a000090005000d
00a200090005000c
00a500090005000b
00a700080005000b
00aa00080005000b
00ae00070005000a
00b100070005000a
00b300060004000a
00b6000600040009
00b8000600040009
00be000600040009
00c1000600040008
00c4000500040008
00c6000500040008
00c9000500030007
00f8000100000002
00f7000100000002
00f6000100000002
00f4000200010002
00f2000200010002
00f0000300010003
00ef000300010003
00ec000300010003
00ea000300010003
00e6000300010004
00e5000400010004
00e2000500030004
00de000500030006
00db000500030006
00d6000600030007
00d4000600030007
00ce000800040007
00ca000800040008
00c4000800040009
00bf000a0004000a
00ba000a0005000a
00b3000b0005000b
00ad000c0005000c
00a7000d0005000d
00a0000e0006000e
0099000e0006000f
0093001000070010
008b001100080011
0084001200080012
007c001400080013
0076001400080013
006f001500090015
0067001600090015
0060001800090017
00590019000a0017
0052001a000a0018
004b001b000a0019
0044001b000a0018
003d001c000a001a
0039001d000a001a
0033001e000a001b
002e001f000a001b
002a0020000b001b
00250021000b001c
00220021000b001b
001e0021000b001c
001b0023000a001b
00180024000a001b
00160024000a001b
00130024000b001b
00120024000b001b
00100025000a001a
000f0025000a001b
000e0024000a001a
000d0025000a001b
000d0025000b001b
000c0025000a001a
000c0025000a001a
000c0026000a001a
000d00250009001a
000d00240009001a
000d00240009001a
000e002400090019
000f0023000a001a
00100023000a001a
00120023000a001a
00140022000a001a
00160022000a001a
00180021000a001a
001a0021000a001a
001d0021000a001a
0020001f000a001a
0023001e000a001a
0026001e000a0019
002a001d000a001a
002e001d000a0018
0031001c000a0018
0035001b000b0018
0038001a000b0018
003d001a000a0019
00410019000a0017
0045001800090017
0049001700090017
004d0016000a0016
00500015000a0016
00540015000a0016
00570014000a0015
005a001400090014
005e001200080015
0061001200090014
0064001100090013
0067001100090014
0069001100090013
006b001100090013
006e001000080012
0070000f00080012
0071000e00080012
0074000e00080012
0076000e00080012
0079000d00080012
007b000d00080012
007c000d00080011
007e000d00070010
0081000c00070010
0084000b00060010
0085000b00060010
0087000b00060010
008a000b00060010
008c000a00060010
008e000a0006000f
0091000a0006000e
0093000a0006000e
0096000a0006000e
009b00090006000d
009d00090006000c
00a100090005000c
00a300090005000c
00a500090005000b
00a900070005000b
00ac00070005000b
00af00070005000a
00b100070005000a
00b5000600040009
00ba000600040009
00bd000600040009
00c0000600040008
00c3000500040008
00c6000500040008
00f8000100000002
00f6000100000002
00f5000200010002
00f4000200010002
00f2000200010002
00f0000300010003
00ee000300010003
00eb000300010003
00e8000300010003
00e6000300010004
00e3000500020004
00e0000500030004
00dd000500030006
00d9000600030006
00d4000600030007
00d1000600030007
00cb000800040008
00c7000800040009
00c2000900040009
00bc000a0004000a
00b6000b0005000b
00af000c0005000c
00ab000c0005000d
00a4000d0006000d
009d000e0006000f
0096000f0007000f
008e001100070010
0087001200080012
007f001200080012
0078001400080013
0071001500080014
0069001600090015
0062001700090016
005b001900090017
0053001a000a0018
004d001b000a0018
0047001b000a0018
003f001c000a0019
003a001d000a0019
0034001e000a001b
002e001f000a001b
00290020000b001b
00250021000b001c
00210021000b001b
001d0022000b001c
00190023000a001b
00170024000a001b
00140025000a001c
00120024000b001b
00100025000a001a
000e0025000a001b
000c0025000b001a
000c0025000b001a
000b0026000b001a
000a0026000b001a
000a0026000a001a
000a0025000a001a
000a0025000a0019
00090026000a0019
000a0025000a001a
000a0025000a001a
000b0025000a001a
000c0024000a001a
000d0024000a0019
000e0024000a001a
000f0024000a001a
00110023000a0019
00130022000a001a
00150021000a001b
00170022000a0019
001a0021000b001b
001d0020000a001a
0020001f000a001a
0023001e000a001a
0027001e000a0019
002b001d000a0018
002e001c000b0019
0032001b000b0018
0035001b000b0019
0039001a000a0019
003e0019000a0017
00410018000a0018
00450018000a0017
00490016000a0016
004d0015000a0016
00510015000a0016
0054001500090016
0058001400080015
005a001200090015
005e001200090015
0060001200090014
0062001200090014
0066001100090013
0067001100090014
0069001000080013
006d000f00080012
006d000f00090012
0070000f00090012
0072000e00090013
0074000e00090013
0076000e00090012
0079000e00080011
007a000d00080011
007d000d00080011
007e000d00080011
0080000c00070011
0082000c00070011
0084000c00070010
0087000b00070010
0089000a00060010
008c000a0006000f
008f000a0006000f
0091000a0006000e
0096000a0006000d
0098000a0006000d
009c00090006000d
009e00090006000c
00a100090005000c
00a400080005000c
00a700080005000b
00aa00070005000b
00ad00070005000a
00b000070005000a
00b600060004000a
00ba000600040009
00bc000600040009
00c0000600040008
00c2000500040008
00f8000100000002
00f6000100000002
00f4000200010002
00f2000200010002
00f0000300010003
00ef000300010003
00ed000300010003
00eb000300010003
00e7000300010003
00e5000400010004
00e3000500020004
00df000500030005
00dc000500030006
00d8000600030006
00d3000600030007
00cf000800030007
00ca000800040007
00c4000900040009
00bf00090004000a
00b9000b0004000a
00b3000b0005000b
00ad000c0005000c
00a7000d0005000d
00a0000e0006000e
0099000f0007000f
0092001000070010
008a001100070010
0083001200080012
007b001300080013
0074001500080014
006c001600080014
0064001700090016
005d001800090016
0056001a000a0017
004f001a000a0018
0049001b000a0018
0042001c000a0019
003b001d000a0019
0034001e000a001b
0030001f000a001b
002a0020000b001c
00250020000b001b
00210021000b001b
001d0022000a001b
00190023000a001b
00160024000a001c
00130024000a001b
00110025000a001b
000f0025000a001b
000d0026000b001b
000c0025000b001a
000a0026000b001a
00090026000a0019
00080026000a001b
00080026000a001a
00080026000a001a
00070026000a001a
00070027000a001a
00070027000a0019
00080026000a0019
00080026000a0019
00090025000a0019
000a0025000b0019
000b0024000a001a
000c0025000a001a
000d0024000a001a
000f0023000a001b
00100023000a001a
00120022000a001a
00150022000b0019
00180021000b001a
001b0020000b0019
001d001f000a001b
0021001f000a001a
0024001e000a0019
0028001d000b001a
002c001c000b0019
0030001c000b0019
0033001b000a0019
0037001a000a0019
003c0019000a0018
003f0019000b0018
00430018000a0018
00460016000a0018
004a0016000a0016
004e0015000a0017
00510014000a0016
0055001400090015
0057001300090016
005a001300090015
005c001200090015
005f001100090015
0062001100090014
00640011000a0014
0065001000090014
0069000f00090013
006a000f00090013
006a000f00090013
006e000e00090013
006e000e00090013
0071000e00090012
0074000d00080011
0075000d00080011
0077000d00080011
0079000c00070011
007a000c00070011
007c000c00070011
007e000b00070011
0082000b00070011
0083000b00070011
0086000b00070010
0089000b0007000f
008c000a0006000f
0090000a0006000e
0093000a0006000e
0097000a0006000d
0099000a0006000d
009c00090006000d
00a000080006000c
00a300080005000c
00a600080005000b
00a900070005000b
00ac00070005000b
00b200070005000a
00b500070005000a
00b9000600040009
00bb000600040009
00bf000600040009
00f7000100000002
00f6000100000002
00f4000200010002
00f2000200010002
00f0000300010003
00ef000300010003
00ec000300010003
00e9000300010003
00e6000400010003
00e4000400020004
00e1000500030004
00de000500030005
00db000600030006
00d5000600030006
00d2000600030007
00cc000800040007
00c8000800040008
00c2000900040009
00bd00090004000a
00b7000b0004000a
00b0000c0005000c
00aa000c0005000c
00a4000e0005000d
009d000e0006000f
0096000f0007000f
008e001100070010
0087001200070011
007f001300080012
0078001300080013
0070001500080014
0069001600080014
0060001700090016
00590018000a0016
00530019000a0017
004c001b000a0018
0045001c000a0019
003e001d000a0019
0037001e000a001a
0031001f000a001b
002c001f000b001a
00270020000b001b
00220021000b001b
001e0022000a001b
001a0023000a001b
00170023000a001c
00130024000a001b
00110025000a001b
000f0026000a001b
000c0025000b001a
000b0026000b001a
00090026000b0019
00080027000a001a
00080026000a0019
00070026000a001a
00060027000a0019
0006002600090019
0006002700090019
0006002600090019
000600260009001a
0006002600090019
000600260009001a
00070026000a0019
00080025000a0019
00090026000a001a
000a00250009001a
000b0024000a0019
000d0024000a001b
000f0023000a001a
00110023000a001a
00130022000b001a
00160021000b001a
00190020000b001a
001c0020000a001a
001f001f000a001a
0022001e000b001a
0026001d000b001a
002a001d000b0019
002e001c000b0019
0031001b000a0019
0035001a000a001a
0039001a000b0019
003d0019000a0019
00400018000a0018
00440017000a0017
00480016000a0017
004b0015000b0017
004e0014000a0017
0052001400090016
0054001300090016
0057001200090015
0059001200090015
005c0012000a0015
005e0012000a0015
00600011000a0014
0062001000090014
0064000f00090013
0065001000090014
0067001000090014
0068000f00090014
0069000f00090013
006c000f00080013
006e000e00080012
0070000e00080012
0072000e00080012
0074000d00070012
0075000d00070012
0077000c00070012
007a000c00070012
007c000c00070012
007e000b00070012
0081000b00070010
0084000b00070010
0087000b0007000f
008b000b0007000f
008e000a0007000e
0091000a0006000e
009500090006000e
0097000a0006000d
009b00090006000d
009e00080006000c
00a200080006000c
00a500080005000c
00a900070005000b
00ad00070005000b
00b100070005000a
00b400070005000a
00b8000600040009
00bb000600040009
00f7000100000002
00f5000100000002
00f3000200010002
00f1000300010002
00ef000300010003
00ee000300010003
00ec000300010003
00e8000300010003
00e5000400020003
00e4000400020004
00e0000500030005
00dd000500030005
00d9000600030006
00d4000600030006
00d0000700030007
00cb000800030008
00c6000900040008
00c0000900040009
00bb000a0004000a
00b5000b0004000b
00af000c0005000c
00a8000c0005000c
00a1000e0005000e
009a000f0007000f
009200100007000f
008b001200070011
0084001200070011
007c001300080012
0075001400080013
006e001500080014
0065001700080015
005e001800090015
00570019000a0017
004f001a000a0017
0048001b000a0018
0042001c000a0018
003b001d000a0019
0035001e000a0019
002e001f000b001a
00290020000b001b
00240021000a001a
001f0022000a001b
001c0023000a001b
00180023000a001b
00150024000a001b
001200250009001b
000f0025000a001a
000d0026000b001a
000b0026000b0019
000a0026000a001a
00080026000a0019
00070027000a0019
00070027000a0019
0006002700090019
0005002600090019
0005002600090018
0005002700090018
0005002700090018
0005002700090019
0005002600090019
0005002600090019
00060026000a0019
00070025000a0019
00080025000a0019
00090025000a0019
000a00250009001a
000c00240009001a
000e002300090019
00100023000b0019
00120022000b001b
00150021000b001a
00170021000b001b
001b0020000a001a
001e001f000a0019
0021001e000b001a
0025001e000b001a
0028001d000b001a
002c001c000b0019
0030001a000a001a
0033001b000b0019
00370019000b0019
003c0018000a0018
003f0017000a0018
00420017000a0018
00450016000b0017
00490016000b0018
004c0015000a0016
004f001400090017
0052001300090017
00540013000a0015
00560013000a0016
00580012000a0016
005a0011000a0015
005d001100090015
005e001000090015
005f001000090014
00610010000a0014
0062000f000a0015
0064000f000a0015
0066000f000a0014
0067000f00090013
0069000e00090013
006b000e00090013
006c000e00090013
006f000d00080013
0070000c00080013
0073000c00080013
0075000c00080013
0076000c00080012
007a000c00070011
007c000c00070011
007e000c00070011
0082000b0007000f
0086000b0007000f
0089000b0007000f
008b000b0007000f
009000090007000e
009200090006000e
009600090006000d
009900090006000d
009d00080006000d
00a000080006000c
00a400080005000c
00a900080005000b
00ad00070005000b
00b100070005000a
00b400070005000a
00b8000600040009
00f7000100000002
00f5000100000002
00f3000200010002
00f1000300010002
00ee000300010003
00ed000300010003
00eb000300010003
00e7000400010003
00e5000400020003
00e3000400020004
00e0000500020005
00db000600030005
00d8000600030006
00d3000700030006
00cf000700030007
00ca000800030008
00c5000900040008
00be000a00040009
00b9000a0004000a
00b3000c0004000b
00ad000c0005000c
00a6000d0005000c
00a0000e0005000e
0099000f0006000e
009100100007000f
0089001100070010
0082001300070011
007a001400080013
0072001500080013
006b001600080014
0063001800080015
005b001900090016
0054001a00090016
004d001b00090017
0046001c000a0018
003f001d000a0019
0039001e00090018
0033001f00090018
002d0020000a001a
00270021000a001a
00220021000a001b
001e0022000a001a
001a0023000a001b
001600240009001a
001300250009001b
00110025000a001a
000e0026000a0019
000c0026000a001a
000a0026000a0019
00090026000a0019
00070027000a0018
0007002600090018
0005002700090019
0005002700090019
0005002700090018
0004002700090018
0004002800080018
0004002800080018
0004002700080019
0005002600080018
0005002700090018
0006002600090018
00060026000a0019
00070026000a0018
00080025000a0019
000a002400090019
000c002300090019
000d00240009001a
000f0024000a001a
00110022000b001a
00140021000b001a
00170021000b001b
001a0020000a001a
001d001f000b001b
0020001e000b001a
0024001e000b001a
0027001d000b001a
002b001b000b001a
002f001b000b001a
0033001a000b0018
00360019000a0019
003a0018000a0018
003d0017000a0019
00410016000b0017
00440017000b0018
00470016000a0017
004a001500090017
004d001300090017
00500014000a0017
00510013000a0016
00530012000a0016
00560012000a0016
00570012000a0015
0059001200090015
005b0010000a0015
005c0010000a0015
005e0010000a0015
005e0010000a0015
00610010000a0014
0061001000090015
0063000f00090014
0065000f00090014
0065000f00090014
0066000f00090014
0069000e00080014
006b000d00080014
006c000d00080014
006f000d00080013
0071000d00080013
0075000c00080012
0076000c00080012
0079000c00080012
007d000c00070010
0080000c00070010
0084000b00070010
0086000b0007000f
008b000a0007000f
008d000a0007000f
009100090006000e
009400090006000e
009900090006000d
009c00090006000d
009f00080006000c
00a600080005000c
00a900080005000b
00ad00070005000b
00b000070005000a
00b400070005000a
00f6000100000002
00f4000100000002
00f2000300010002
00f0000300010002
00ee000300010003
00ed000300010003
00ea000300010003
00e7000400020003
00e5000400020003
00e2000400020005
00e0000400020005
00da000600030005
00d7000600030006
00d3000700030006
00cd000700030008
00c9000800030008
00c3000900040008
00bd000a00040009
00b7000b0004000a
00b2000c0004000b
00ac000d0005000b
00a5000d0005000d
009e000e0006000d
009700100006000e
008f001100070010
0087001200070010
0081001200070010
0079001400070012
0071001500070012
0069001600080014
0062001700090014
005b001800090015
0053001a00090016
004c001b00090017
0044001d00090017
003e001e00090018
0038001f000a0018
0032001e000a0019
002b0020000a0019
00260021000a001a
00210022000a001a
001d00230009001a
001900230009001a
001500230009001a
00130025000a001a
0010002600090019
000d002600090019
000b0026000a0019
00090027000a0018
0008002600090018
0007002700090018
0006002700090018
0005002700090018
0004002700080018
0004002700080017
0004002700080017
0004002800080017
0004002700080018
0004002700080018
0004002700080018
0005002600090017
0005002500090019
0006002600090019
0007002600090018
00080025000a0019
000a00240009001a
000b002300090019
000d0024000a0019
000f0022000a001a
00120022000a001a
00140022000a001a
00170021000b001a
001a0020000b001a
001d001f000b001a
0021001f000b001a
0024001d000b001a
0027001d000b001a
002b001c000c0019
002f001b000b0019
0032001a000a0019
00360019000a0019
00390018000a0019
003d0017000b0018
00400017000b0018
00430016000b0017
00460015000a0018
00490014000a0017
004b0014000a0018
004e0013000a0016
004f0013000a0016
00510013000a0017
00530013000a0016
00550012000a0016
00560010000a0016
00570011000a0015
00580011000a0016
00590010000a0016
005b0010000a0016
005c0010000a0015
005d000f00090015
005e000f00090014
0060000f000a0015
00600010000a0015
0062000f00090015
0064000d00090015
0066000d00080014
0067000d00080014
006a000d00080014
006c000d00080014
006e000d00080013
0070000d00080013
0074000d00080011
0078000c00080011
007c000c00080011
007f000c00070010
0081000c00070010
0085000a00070010
0088000a0007000f
008c000a0007000f
0090000a0007000e
009300090006000e
009700090006000d
009b00090006000d
00a100080006000c
00a500080005000c
00a800080005000b
00ad00070005000b
00b000070005000a
00f6000100000002
00f4000100000002
00f2000300010002
00f1000300010002
00ee000300010002
00ec000300010003
00e9000400010003
00e7000400020003
00e5000400020003
00e1000400020005
00de000500020005
00da000600030005
00d5000700030006
00d2000700030006
00cd000700030007
00c8000800030008
00c2000a00040008
00bc000a00040009
00b6000b0004000a
00b1000b0004000b
00ab000d0004000b
00a4000e0006000d
009d000f0006000d
0095000f0006000f
008e00110006000f
0087001200070010
0080001300070011
0078001400070011
0071001600070013
0068001700080013
0061001800080014
0059001900090015
0052001a00090016
004b001b00090016
0044001c00090017
003d001d00090017
0037001e000a0018
0030001f000a0019
002a002000090019
0025002200090019
0022002200090019
001d002200090019
001800230009001a
00150024000a0019
0012002500090018
000f002600090019
000d002700090018
000b002600090018
0009002700090018
0008002700090018
0006002800090017
0005002700080018
0005002700080017
0004002700080017
0004002700080017
0004002800080017
0004002800080016
0004002800080017
0004002700080018
0004002700080018
0004002700090018
0005002700090018
0006002600090018
0007002500090018
0008002500090019
000a002500090019
000b002500090018
000d0024000a001a
000f0023000a0019
00120021000a0019
00140022000a001a
00170021000a001a
001a0020000a001a
001d0020000b0019
0021001f000b001a
0024001d000b0019
0027001c000b001a
002c001c000b0019
002f001b000a001a
0032001a000a0019
00360019000a0019
00390018000b0018
003d0018000b0019
003f0017000b0018
00420016000b0018
00440016000a0017
00480014000a0018
00490014000a0017
004d0013000a0017
004d0013000a0017
004f0013000b0016
004f0012000b0017
00520012000a0016
00530011000a0016
00540011000a0016
00550011000a0016
00550010000b0017
00570011000b0016
00580011000a0016
00580010000a0015
005a0010000a0015
005a0010000a0015
005b0010000a0015
005d000f00090015
005f000e00090015
0060000e00090015
0063000e00090015
0064000e00090015
0066000e00090015
0068000e00090014
006b000d00080012
006e000d00080012
0072000d00080012
0076000d00080011
007a000b00080011
007d000c00080011
0080000b00070010
0083000b00070010
0086000a0007000f
008c000a0007000f
008f000a0007000e
009300090006000e
009700090006000d
009c00090006000d
00a100080006000c
00a500080005000c
00a800080005000b
00ad00070005000b
00f5000100000002
00f3000200000002
00f2000200000002
00f0000300010002
00ee000300010002
00eb000300010003
00ea000400010003
00e7000400020003
00e4000400020004
00e0000400020005
00de000500020004
00da000600020005
00d4000700030006
00d1000700030007
00cc000800030007
00c8000800030007
00c2000900030008
00bb000b00040009
00b6000b0004000a
00b0000c0004000a
00ab000c0004000c
00a3000e0006000c
009c000f0006000d
009400100006000e
008d00110006000f
0086001300060010
007f001400070010
0076001500070011
006f001600070012
0067001700080012
0060001900080014
0059001a00080014
0051001b00080015
004b001c00080015
0043001d00080016
003e001e00090016
0037001f00090017
0030001f00090017
002a002000090018
0026002100090018
0021002200090019
001d002300080018
0018002400090019
0015002400090018
0012002600090019
000f002600080018
000d002600090017
000a002700090018
0009002700090017
0007002700080017
0006002700080016
0005002800080017
0005002800080017
0004002800080017
0004002800070017
0003002900070017
0003002800070016
0004002800070017
0004002700070017
0004002700090017
0004002700090017
0005002700090017
0006002600090018
0007002600090018
0008002500090019
000a002400090019
000c002500090018
000e0024000a0019
00100022000a0019
00120022000a001a
00150021000a0019
00180020000b0019
001b0020000a001a
001e0020000a0019
0021001e000a001a
0025001d000a0019
0029001d000b001a
002c001b000a001a
002f001a000a0019
0032001a000a0019
00360018000b0018
00390017000b0019
003c0017000b0019
003f0017000b0018
00420016000a0018
00440015000a0018
00470014000a0017
00480014000a0018
004b0014000a0017
004c0013000b0017
004d0013000b0017
004e0013000a0017
004f0011000a0017
00510011000a0016
00510012000b0017
00530011000b0017
00520011000b0016
00520011000b0016
00540010000a0016
00560010000a0016
00550010000a0016
00560010000a0016
0058000f00090016
0058000e00090016
005b000e00090016
005c000e00090016
005d000e00090016
0060000e00090015
0062000e00090014
0063000e00090014
0066000e00090013
006a000e00090013
006d000d00080012
0070000d00080012
0074000c00080012
0078000c00080011
007a000b00080011
007e000b00080010
0081000b00070010
0087000a0007000f
008a000a0007000f
008e000a0007000f
009200090006000e
009800090006000e
009c00090006000d
00a100080006000c
00a500080005000c
00a900080005000b
00f5000100000002
00f4000200000002
00f2000200000002
00ef000300010002
00ed000300010002
00ea000400010003
00e9000400020003
00e7000400020003
00e4000400020004
00e0000500020004
00dd000500020004
00da000500020005
00d4000700030005
00d1000700030006
00cc000800030007
00c6000900030007
00c1000900030008
00ba000b00040009
00b6000b00040009
00b0000c0004000a
00a9000d0005000b
00a2000f0005000c
009c000f0005000d
009500100006000e
008d00110006000e
008600120006000f
007e001400060010
0077001500060011
006f001600080012
0067001700080013
0060001800080013
0059001900080014
0051001a00080014
004a001c00080015
0043001d00080015
003d001e00090016
0037001f00090016
0030002000090018
002b002100090017
0026002200080018
0021002200080018
001c002300090018
0018002400090018
0015002600080018
0012002600080018
000f002600080017
000d002700090017
000a002700080017
0009002700080016
0007002700080016
0006002800080017
0005002800080017
0004002800070017
0004002700070017
0003002700070016
0003002800070016
0003002800070017
0003002700070016
0004002700070016
0004002700080016
0004002600080018
0006002700080017
0006002700090017
0007002600090019
0009002500090018
000a002500080018
000c002400090019
000e002400090019
00110022000a0018
00130022000a0019
00160021000a0019
00190020000b0019
001c001f000a0019
001f001e000a0019
0023001d000a0019
0026001d000b0019
0029001c000b0018
002d001b000a0019
0030001a000a0018
00330019000a0019
00370018000b0018
00390018000b0019
003d0017000b0018
003f0016000a0018
00410015000a0019
00440014000a0017
00460015000a0018
00480014000a0017
00490013000b0017
004a0013000b0017
004b0013000a0018
004d0012000a0017
004d0011000b0017
004e0012000b0017
004d0011000b0017
004f0011000b0017
004f0011000b0017
00500010000a0016
00500011000a0016
00510011000a0016
00510011000a0017
00520010000a0017
0052000f000a0017
0054000f000a0017
0054000f000a0017
0056000f000a0017
0058000f00090016
005a000f00090015
005c000f00090015
005e000e00090014
0061000e00090014
0065000e00090013
0067000e00090013
006b000e00090013
006f000c00080012
0073000c00080012
0075000c00080012
007b000b00080011
007e000b00080011
0081000b00070010
0086000a00070010
008a000a0007000f
008d000a0007000f
009400090006000e
009800090006000e
009c00090006000d
00a100080006000c
00a500080005000c
00f4000200000002
00f3000200000002
00f1000200000002
00ef000300010002
00ed000300010002
00eb000400010002
00e9000400020003
00e7000400020004
00e3000400020004
00e0000500020004
00dc000500020004
00d9000600020004
00d5000700020005
00cf000800030006
00cb000800030007
00c7000900030007
00c1000900030008
00bc000a00030009
00b6000c00030009
00af000c0004000b
00a9000d0005000b
00a3000e0005000b
009c000f0005000d
009400110005000d
008e00120006000e
008600130006000f
007f00140006000f
0077001500060010
006f001600070011
0068001800070012
0060001900080012
0059001a00080013
0051001b00080014
004b001c00080014
0044001d00090015
003d001e00090015
0037002000080016
0030001f00080017
002b002000080017
0026002100080017
0022002200080018
001d002300090017
0019002300080018
0016002500080017
0012002600080017
000f002700080017
000d002600080017
000a002700080016
0009002700080016
0007002800080016
0006002800070016
0005002700070017
0004002800070016
0004002700070016
0003002800070016
0003002800070016
0003002800070017
0003002800070017
0003002700070016
0004002700080016
0005002700080017
0006002600080016
0007002600080017
0008002600090018
0009002500090018
000b002500090018
000e002300090018
0010002300090019
00120022000a0019
00140022000a0019
00180021000a0019
001a0020000a0019
001e001f000a0019
0021001e000a0019
0024001d000a0019
0027001d000b0019
002b001b000b0019
002e001a000a0019
0032001a000a0019
00340019000b0018
00370019000b0018
003a0018000b0018
003d0017000a0018
003f0016000b0019
00420015000a0017
00440014000a0018
00450015000a0018
00470014000b0017
00480014000b0017
00490013000a0018
004a0012000a0017
004a0012000b0017
004c0012000b0017
004b0012000b0017
004b0011000b0018
004b0012000b0017
004c0012000a0016
004c0011000b0017
004c0011000b0017
004c0011000b0017
004d0010000a0017
004e000f000a0017
004f000f000a0017
004f000f000a0018
0051000f000a0017
0053000f000a0016
0054000f000a0016
0055000f000a0016
0057000f000a0015
0058000f000a0015
005c000f00090014
005f000f00090014
0061000e00090014
0067000d00090013
0069000d00090013
006d000d00090013
0070000c00080012
0074000c00080012
0079000c00080011
007d000b00080011
0081000b00070010
0085000b00070010
0089000a0007000f
008f000a0007000f
009400090006000e
009900090006000d
009d00090006000d
00a100080006000c
00f5000200000001
00f3000200000002
00f2000200000002
00ef000200000002
00ed000300010002
00ea000400020002
00e8000400020003
00e6000400020004
00e3000500020004
00e0000500020004
00dc000500020004
00d8000600020004
00d4000600020006
00d0000800020006
00cb000800030006
00c6000900030007
00c0000a00030008
00bc000a00030008
00b5000b00030009
00b0000d0003000a
00a9000d0005000a
00a3000e0005000b
009b000f0005000c
009400100005000d
008e00120005000e
008600130006000e
008000140006000f
0077001500070010
0070001600070011
0068001700070011
0060001800070012
0059001900070012
0052001b00070013
004b001c00070014
0045001d00080014
003e001e00080014
0037001f00080015
0031002000080016
002c002100080017
0027002200080016
0022002300080017
001e002300080016
001a002400080017
0016002600080016
0012002600070016
000f002600070017
000d002700080016
000b002700080015
0009002800070016
0008002700070016
0006002800070016
0005002800070016
0004002800080016
0003002800080016
0003002900080015
0003002900070015
0003002800070016
0003002800070017
0003002800070016
0004002700080016
0005002700080017
0006002600080016
0008002500080017
0008002600080018
000a002500090017
000c002500090018
000e002300090018
0011002200090018
0014002200090019
0016002200090018
00190021000b0019
001c001f000a0018
001f001f000a0019
0023001e000a0019
0026001d000b0018
0029001c000b0019
002d001b000b0018
0030001b000a0018
0033001a000b0018
00360019000b0019
00390018000a0018
003b0016000a0019
003e0016000b0018
00400016000a0018
00420015000a0017
00440015000a0018
00450014000b0017
00470013000b0017
00470013000a0018
00480012000a0018
00480013000b0017
00480012000b0017
00490012000b0018
00480011000b0018
00490012000b0017
00490012000b0017
00480011000b0017
00490011000b0017
00490010000a0018
00490011000a0018
00490011000a0018
004a0010000a0018
004a0010000a0018
004b0010000a0018
004c0010000a0018
004d0010000a0017
004e0010000a0017
00510010000a0016
00520010000a0016
0055000f000a0015
0058000f000a0015
005b000e000a0015
005e000e00090014
0061000e00090014
0064000d00090014
0067000d00090013
006c000d00090013
0070000c00080012
0074000c00080012
0078000c00080011
007c000b00080011
0081000b00070010
0085000b00070010
008b000a0007000f
0090000a0007000f
009500090006000e
009900090006000d
009e00090006000d
00f5000200000001
00f2000200000002
00f1000200000002
00ef000200000002
00ed000300000002
00eb000400020002
00e8000400020003
00e5000400020004
00e3000500020004
00e0000500020004
00dc000600020004
00d8000600020004
00d4000700020005
00cf000800020006
00ca000900030006
00c5000900030007
00c1000a00030008
00bb000a00030008
00b6000b00030008
00b0000c0004000a
00aa000d0004000a
00a3000f0005000b
009c00100005000b
009500100005000c
008d00110005000d
008600120005000e
007f00140005000f
007800160006000f
0071001700060010
0069001700070011
0061001900070012
005b001a00070012
0053001b00070013
004c001c00080014
0046001d00080014
003f001f00080014
0038002000080014
0032002000070015
002d002000070016
0027002100070016
0023002200080016
001e002300080016
001a002400080016
0016002500070016
0013002600070016
0010002700070016
000d002700080015
000a002800070016
0009002700070016
0007002800070015
0006002800080016
0005002800080016
0004002800080015
0003002800080015
0003002900080015
0003002900070015
0003002800070016
0003002800070016
0003002800080015
0004002700080016
0006002700080017
0007002600080016
0008002500080017
0009002500080018
000c002400080017
000e002400090018
0010002300090018
0013002200090017
0016002200090018
0018002100090018
001b001f000a0019
001e002000090018
0022001f00090018
0025001d000a0018
0028001d000b0018
002b001c000b0019
002f001b000a0018
0033001a00090018
00350018000a0018
00380018000a0018
003a0017000a0019
003d0016000a0017
003f0016000b0018
00400015000a0018
00420015000a0018
00440015000b0017
00450014000b0017
00460013000a0018
00470013000a0017
00470013000b0017
00470012000b0017
00470012000b0018
00460013000b0018
00470012000b0019
00470012000c0017
00460011000b0017
00450012000b0018
00460012000b0018
00460011000a0018
00440011000a0019
00460010000a0019
00460010000a0019
00470010000a0018
00470010000a0019
00480010000a0018
00490010000a0018
004a0010000a0017
004b0010000a0017
004e0010000a0016
00500010000a0016
00530010000a0016
0055000e000a0016
0058000e000a0015
005c000e000a0015
0060000e00090014
0064000d00090014
0068000d00090013
006b000d00090013
006e000d00090013
0074000c00080012
0079000c00080011
007d000b00080011
0081000b00070010
0087000b00070010
008c000a0007000f
0090000a0007000f
009500090006000e
009a00090006000d
00f4000200000001
00f3000200000001
00f1000200000002
00ef000200000002
00ed000300000002
00eb000400020002
00e9000400020003
00e6000400020003
00e2000500020004
00e0000500020004
00db000600020004
00d8000600020005
00d4000700020005
00d0000700020005
00cb000800020006
00c5000a00030007
00c2000a00030007
00bb000b00030008
00b5000b00030009
00b0000c00040009
00a9000d0004000a
00a2000e0004000b
009c00100004000b
009600110005000c
008f00120005000c
008700130005000e
008000140006000e
007900150006000f
0071001600060010
006a001700060011
0063001900060011
005a001a00060012
0055001a00060012
004d001d00070013
0046001e00070013
003f001e00070014
0039001f00070013
0033002000070015
002d002100070015
0029002200080015
0023002300080015
001f002300070016
001a002400070016
0016002600070016
0013002600070016
0010002700080015
000d002700070016
000b002700070015
0009002700070015
0007002800080015
0006002800080016
0004002800080015
0004002800080015
0003002700070015
0003002800070015
0003002800070015
0003002800060016
0003002800070016
0004002800080015
0005002700080016
0006002700080017
0008002600080016
0009002500080017
000b002400080016
000d002500080017
000f002400090017
0012002300090017
0015002200090018
0018002100090018
001a002000090017
001e001f000a0017
0021001f00090019
0024001d00090018
0027001c00090019
002a001c000a0018
002e001a000a0018
0031001a00090018
00350019000a0018
00370018000a0019
00390018000a0017
003c0017000a0018
003e0017000b0017
00400016000b0018
00420015000a0017
00430015000a0017
00440014000a0017
00450014000a0018
00460013000a0017
00460013000b0018
00450013000b0017
00460012000b0018
00460013000b0018
00450012000c0019
00450012000c0017
00450012000b0018
00440012000b0018
00430011000a0018
00430011000a0019
00420011000a0019
00420010000b0019
00410011000b0019
00430011000b0018
00420011000b0018
00430011000b0018
00440011000b0017
00440011000b0017
00450011000b0017
00470011000b0017
00490010000b0017
004b0010000a0017
004e000f000a0017
0051000f000a0016
0054000f000a0016
0057000e000a0016
005b000e000a0015
005f000e00090015
0062000e00090014
0066000d00090014
006a000d00090013
006e000d00090013
0075000c00080012
0079000c00080011
007d000b00080011
0083000b00070010
0088000a00070010
008d000a0007000f
0092000a0007000e
009600090006000e
00f4000200000001
00f3000200000001
00f1000200000001
00ef000200000002
00ed000300010002
00eb000300010002
00e8000400020003
00e5000500020003
00e2000500020003
00df000500020004
00db000600020004
00d8000600020005
00d4000700020005
00ce000800020005
00cb000800020005
00c5000900020007
00c1000a00020007
00bc000b00030007
00b6000c00040008
00b0000d00040009
00aa000d0004000a
00a2000e0004000a
009d000f0004000b
009600100004000c
008f00120004000c
008700130005000d
008000140006000d
007a00150006000e
007200160006000f
006b001700060010
0063001900060010
005c001a00060011
0056001b00070011
004f001c00070012
0047001d00070013
0041001e00070013
003b001f00070014
0034002000070014
002f002100060014
0029002100070015
0023002200070016
0020002300070015
001b002400070015
0017002600070016
0013002700070015
0010002600070015
000d002700070015
000b002700070015
0009002800070015
0007002800080015
0006002800080015
0004002800080015
0004002700070015
0003002700070015
0003002800070015
0003002800060016
0003002700060016
0004002800070016
0005002700080015
0006002700080016
0008002700080017
0009002600080016
000a002500080017
000d002400080016
000f002400080017
0011002400080017
0015002300090017
0017002200090018
001a002100090018
001d0020000a0018
0020001f00090017
0024001e00090018
0027001d00090017
002a001d000a0017
002d001c000a0017
0030001a000a0017
0034001a00090018
00370019000a0017
00390019000a0018
003c0017000a0017
003e0016000a0017
00400016000b0018
00400015000a0017
00420015000a0017
00440015000a0018
00450014000a0017
00450013000a0017
00450013000b0018
00450013000b0017
00450013000b0018
00450013000b0018
00440013000c0019
00440012000c0018
00420013000c0018
00410012000b0018
00410011000a0019
00400011000a0019
003f0012000b0019
003f0011000b0019
003f0011000b001a
003e0011000b001a
003d0011000b0019
003e0011000b0019
003f0011000b0018
003f0011000b0018
003f0011000b0018
00410011000b0018
00420011000b0018
00440011000b0018
00470010000b0017
00490010000b0017
004b000f000a0017
004e000f000a0017
0053000f000a0016
0056000f000a0016
005a000e000a0015
005d000e000a0015
0062000e00090014
0066000d00090014
006a000d00090013
006f000d00090013
0075000c00080012
0079000c00080011
007f000b00080011
0084000b00070010
0089000a0007000f
008e000a0007000f
009300090007000e
00f3000200000001
00f2000200000001
00f1000200000001
00ef000300000001
00ed000300010002
00eb000300010003
00e8000300010003
00e5000500020003
00e2000500020003
00de000600020004
00db000600020004
00d8000700020005
00d4000700020005
00cf000800020005
00ca000800020006
00c7000900020006
00c1000900020007
00bb000b00020008
00b6000c00040008
00b0000d00040008
00a9000e0004000a
00a4000f0004000a
009d000f0004000a
009700100004000b
009000110004000b
008900130004000c
008100140005000d
007b00150005000e
007300170005000e
006c00180005000f
0064001900060010
005d001a00060010
0056001b00070011
0050001c00060011
0049001e00060012
0042001f00060012
003d001f00060013
0036001f00060014
0030002000060014
002a002200070014
0025002300070015
0020002300070015
001c002400070014
0018002600060015
0014002600060015
0011002600070014
000d002700070015
000c002700070015
000a002800070015
0007002800080014
0006002800080015
0005002700070015
0004002700070015
0004002700070015
0004002800070015
0004002800060016
0004002700060016
0005002800070016
0006002700080015
0007002700080016
0008002700080017
000b002600080016
000c002500080017
000e002400080016
0011002400080016
0014002300080017
0017002200080016
001a002200090017
001c002100090016
0020001f000a0018
0023001f00090017
0027001e00090017
002a001d00090017
002e001c000a0017
0030001b000a0018
0035001a00090017
0037001900090017
003a0018000a0017
003b0018000a0017
003d0017000a0018
00400017000b0016
00420016000b0017
0043001500090017
0044001400090017
00450013000a0017
00460014000a0017
00460013000a0017
00450013000b0018
00450013000b0017
00440012000b0018
00430013000b0019
00430012000c0018
00410013000c0018
00400013000b0018
00400011000a0019
003e0011000b0019
003d0012000b0019
003c0012000b001a
003b0011000b001a
003c0011000b0019
003b0011000b0019
003a0011000b001a
003a0012000b0019
003a0012000b0019
003b0012000b0019
003c0012000b0019
003d0011000b0019
003e0011000b0018
00410010000b0018
00420010000b0018
00440010000b0018
00470010000b0017
004b000f000b0017
004f000f000a0017
0052000f000a0016
0056000f000a0016
0059000e000a0015
005d000e000a0015
0062000e00090014
0067000d00090014
006c000d00090013
0070000c00090013
0075000c00080012
007b000c00080011
0080000b00080011
0086000b00070010
008b000a0007000f
008f000a0007000f
00f3000200000001
00f2000200000001
00f0000200000001
00ef000300000001
00ee000300010001
00eb000300010003
00e9000300010003
00e5000400010003
00e2000500020003
00de000600020003
00db000600020004
00d7000700020005
00d5000700020004
00cf000800020005
00ca000900020006
00c7000900020006
00c2000a00020006
00bc000a00020007
00b6000b00030008
00b0000d00030008
00ab000e00030009
00a4000f00040009
009e00100004000a
009700110004000b
009000120004000c
008a00130004000c
008200140005000d
007b00150005000d
007400160005000e
006d00170005000f
0065001800050010
005f001900050010
0058001a00060011
0050001c00060011
004a001d00060011
0043001e00060011
003d001f00060012
0037002000060013
0030002100070014
002b002200070013
0026002300070014
0021002400070014
001c002500060015
0019002500060014
0015002600060014
0011002700070014
000e002700070015
000d002700070015
000a002800080014
0009002800080014
0007002700070015
0006002700070015
0005002700070015
0005002700070015
0005002800070015
0005002800060016
0005002700060016
0006002700060015
0007002700080015
0009002700080016
000b002600080016
000d002500080016
000f002400080017
0011002300080016
0014002300080015
0017002200080016
001a002200080016
001e002100080017
0020002000090016
0023001f000a0017
0027001f00090016
002b001d00090016
002d001c00090017
0031001c000a0017
0033001b000a0017
0037001a00090017
003a0019000a0016
003c0018000a0017
003f0018000a0016
00400017000a0017
00420016000a0017
0044001500090017
0044001500090017
00450014000a0017
00460014000a0016
00460013000a0017
00450014000b0018
00440013000b0017
00450012000b0018
00440013000b0017
00430012000c0018
00420012000c0019
00400013000b0018
003f0011000a0019
003d0011000b0019
003d0012000b0019
003b0012000b001a
003a0011000b001a
00390011000b0019
00380012000b001a
00370012000b001a
00370012000b0019
00360012000c0019
00380012000c0019
00380012000c0019
00380012000c0019
003a0011000b0019
003b0011000b0019
003c0011000b0019
003d0011000b0019
00400010000b0018
00430010000b0018
00470010000b0018
004a0010000b0017
004d000f000a0017
0051000f000a0016
0056000f000a0016
0059000e000a0015
005d000e000a0015
0063000e00090014
0068000d00090014
006c000d00090013
0072000c00080012
0078000c00080012
007d000b00080011
0083000b00070010
0088000a00070010
008d000a0007000f
00f3000200000001
00f1000200000001
00f0000200000001
00ee000300010001
00ed000300010001
00eb000300010002
00e8000400010003
00e6000400010003
00e2000400010003
00de000600020003
00db000600020004
00d7000700020004
00d4000700020004
00d0000800020004
00cb000900020006
00c7000900020006
00c1000a00020006
00bc000b00020007
00b7000b00030007
00b1000c00030007
00aa000d00030009
00a6000e00030009
009f00100003000a
009800110004000a
009200120004000b
008a00130005000b
008300140005000d
007c00150005000d
007500160005000e
006e00170005000e
006600190005000f
0060001a0005000f
0059001b00060010
0052001c00060010
004b001d00060011
0045001e00060011
003e001f00060012
0038002000060012
0032002100070013
002c002200070013
0027002300060014
0022002300060014
001d002400060014
0019002500060014
0016002600060014
0012002700070014
000f002700070015
000e002700070014
000b002800070014
0009002800080014
0008002700070015
0007002700070015
0006002700070015
0006002700070015
0006002800060015
0006002700060016
0007002700060016
0008002600060015
000a002600080015
000b002700080016
000d002600080016
000e002500080016
0011002400080016
0013002300080016
0017002300080016
001a002200080016
001d002000080016
0020002000080017
0023002000080016
0027001e00090016
002b001e00090016
002e001d00090016
0031001b00090016
0034001b000a0016
0037001a000a0016
003a001a00090016
003c0019000a0016
003f001800090016
0041001700090016
0043001500090016
00440015000a0017
0045001400090016
0046001400090016
00470014000a0017
00460014000a0017
00470013000a0017
00470013000b0018
00460013000b0017
00440013000b0017
00430013000c0018
00420012000c0018
00410012000b0018
003e0012000a0019
003d0011000b0019
003c0012000b0019
003a0012000b001a
003a0011000b0019
00370012000b001a
00360012000b001a
00350012000c001a
00330012000c001b
00330012000c001a
00330012000c001a
00340012000c001a
00340012000c001a
00350011000c001a
00350011000c001a
00370011000c001a
00370011000c001a
003b0011000b0019
003c0011000b0019
00400010000b0019
00430010000b0018
00460010000b0018
004a0010000b0017
004d000f000a0017
0052000f000a0016
0056000f000a0016
005a000e000a0015
005f000e000a0015
0064000d00090014
0069000d00090013
006f000d00090013
0074000c00080012
007a000c00080011
007f000b00080011
0084000b00070010
0089000a0007000f
00f4000200000001
00f1000200000001
00ef000300000001
00ee000300010001
00ed000300010001
00eb000300010002
00e8000400010002
00e5000400010003
00e2000500010003
00df000500010003
00db000600020004
00d7000700020004
00d3000800020004
00cf000800020004
00cb000900020005
00c7000900020006
00c1000a00020006
00bd000b00030007
00b7000c00030007
00b2000c00030008
00ab000d00030008
00a6000e00030008
009f000f0003000a
0099001000030009
009200110003000b
008a00130004000b
008500140004000c
007d00150005000c
007600160005000d
006f00180005000d
006800190005000e
0062001a0006000e
005b001b0006000f
0054001c0006000f
004c001d00060010
0047001e00060010
0040001f00060011
0039002000050012
0033002000060013
002d002100060013
0029002200060013
0024002300060013
001f002400060014
001b002500060014
0017002600060014
0014002600070014
0010002700070014
000f002700070014
000d002800070014
000b002700070014
000a002700060015
0008002700070015
0008002700060015
0007002800060015
0008002700060015
0008002700060016
0009002600060015
000a002700070015
000c002600080015
000e002600080015
0010002500080015
0012002400080016
0015002300080016
0018002300070015
001a002200080016
001e002100080015
0020002000080015
0024002000080015
0028001e00080015
002b001d00080016
002f001d00080016
0031001c00080016
0035001a00080016
0038001b00090015
003b001900080016
003e001800080016
003f001700090016
0042001700090015
0044001600090016
00460016000a0015
00460015000a0016
0048001500090016
00480014000a0016
00490013000a0016
00480013000a0017
00470013000b0018
00470013000b0016
00460013000b0017
00440013000b0017
00420013000c0018
00410012000b0019
003f0012000b0018
003e0011000a0019
003c0012000b0019
003a0012000b001a
00390012000b0019
00360012000b001a
00350012000b001a
00330012000c001a
00320012000c001b
00320012000c001a
00310012000c001a
00310012000c001a
00300013000c001a
00300012000c001a
00310012000c001a
00310012000c001a
00330011000c001a
00350011000c001a
00370011000c001a
00390011000c001a
003c0011000b0019
003f0011000b0019
00420010000b0018
00450010000b0018
00490010000b0017
004e000f000a0017
0052000f000a0016
0057000f000a0016
005c000e000a0015
0061000e00090014
0065000d00090014
006b000d00090013
0070000d00090013
0076000c00080012
007c000b00080011
0081000b00080010
0087000b00070010
00f4000200000001
00f2000200000001
00ef000300000001
00ee000300010001
00ec000300010002
00ea000300010002
00e8000400010002
00e5000400010002
00e2000500010003
00df000500010003
00db000600010004
00d8000600010004
00d3000800020004
00cf000800020005
00cc000900020005
00c7000900020005
00c2000a00020006
00bd000b00030007
00b8000c00030007
00b2000d00030008
00ab000e00030008
00a6000e00030008
009f000f00030009
0099001000030009
009200110003000a
008c00120004000a
008600130004000b
007e00140004000c
007700160004000d
007000170004000d
006900180004000e
006300190005000e
005c001a0005000f
0055001b00050010
004e001c00050010
0048001d00050011
0043001e00050010
003b001f00050011
0034002000060012
002f002100060012
002b002200060013
0025002300060013
0021002400060013
001d002500060014
0019002600060014
0016002600070013
0013002700070014
0011002700070014
000f002700070014
000d002700060014
000c002600060015
000a002700060015
000a002600060015
000a002700060015
0009002700060015
000b002600060015
000c002600060015
000d002600070015
000f002500080014
0011002600080015
0013002500080015
0015002400080016
0018002300080016
001b002300070015
001e002200080016
0022002000080015
0024001f00080016
0028001f00080015
002c001e00080015
002f001c00080015
0033001c00080015
0036001b00080015
0039001b00090015
003c001900090014
003f001800080015
0040001800080015
0043001700090015
0045001600090015
0046001500090016
00490015000a0015
0048001400090016
004a001400090016
004a0014000a0017
004a0014000a0016
004a0013000a0016
00480014000b0017
00460013000b0016
00450012000b0017
00450012000b0018
00430011000b0018
00410012000b0018
003f0012000a0019
003c0012000b0019
003b0012000b0019
00390012000b0019
00360012000b001a
00350012000b001a
00320012000c001b
00320012000c001b
00310012000c001a
002f0013000c001a
002e0013000c001b
002d0013000c001b
002e0012000c001b
002e0012000c001b
002e0012000c001b
002e0012000c001b
00300012000c001b
00310012000c001a
00340011000c001a
00370011000c001a
00390011000c001a
003b0011000c0019
003f0011000b0019
00420010000b0018
00460010000b0018
004b0010000b0017
004f000f000a0017
0054000f000a0016
0058000e000a0016
005d000e000a0015
0064000e00090014
0068000d00090014
006e000d00090013
0073000c00080012
0078000c00080012
007e000b00080011
0083000b00070010
00f4000200000001
00f2000200000001
00f1000300000001
00ee000300010001
00ec000300010002
00ea000300010002
00e7000400010002
00e5000400010002
00e2000500010002
00de000500010004
00db000600010004
00d8000600010004
00d3000700010004
00ce000900020005
00cb000900020005
00c7000a00020005
00c2000a00020006
00bd000b00030006
00b8000c00030006
00b2000d00030008
00ac000e00030008
00a7000e00030008
00a0001000030009
009b001000030009
009300120003000a
008d00130004000a
008700140004000b
007f00150004000b
007900160004000c
007200170004000c
006a00180004000d
006500190005000d
005d001a0005000e
0057001b0005000f
0050001c0005000f
004a001d00050010
0044001e00050010
003d001f00050011
0037002000060012
0031002100060012
002d002200060013
0028002300060013
0023002400060013
001f002500060014
001b002600060013
0018002600070013
0015002600070013
0012002700070014
0012002600060014
0010002600060014
000e002600060015
000d002600060015
000c002600060015
000c002700060015
000d002600060014
000e002600060015
0010002500060015
0010002500060015
0011002500080014
0014002500080015
0017002400080014
001a002300080015
001c002200070016
001f002200070015
0023002100080015
0025002000080015
0029001f00080015
002d001e00080015
0030001d00080015
0033001c00080014
0037001c00080015
003a001a00080014
003d001a00090015
0040001900080014
0042001800080014
0045001700080015
0047001600090014
0048001600090015
0049001500090015
004a0015000a0016
004b001400090015
004b001400090016
004b0013000a0017
004b0014000a0015
004a0013000a0016
004a0013000b0017
00480013000b0017
00470012000a0017
00440012000b0018
00420011000b0019
00410012000b0018
003e0011000a0019
003c0012000b0018
00390012000b0019
00370012000b0019
00350012000b001a
00330012000c001a
00320012000c001b
002f0012000c001b
002d0013000c001b
002d0013000c001b
002c0013000c001b
002c0013000c001b
002b0012000c001b
002a0012000c001b
002a0012000c001b
002c0012000c001b
002d0012000c001b
00300012000c001b
00310012000c001b
00320012000c001a
00360011000c001a
00380011000c001a
003c0011000c0019
003f0011000b0019
00440010000b0018
00470010000b0018
004c0010000b0017
0051000f000a0017
0055000f000a0016
005a000e000a0015
0060000e000a0015
0066000d00090014
006b000d00090013
0070000d00090013
0076000c00080012
007c000b00080011
0081000b00080010
00f3000200000001
00f2000200000001
00f0000300010001
00ef000300010001
00eb000300010002
00e9000400010002
00e7000400010002
00e4000400010002
00e2000500010002
00df000500010003
00dc000600010003
00d7000600010004
00d4000700010004
00cf000800010005
00cc000800010005
00c7000900010005
00c3000900010006
00bd000b00030006
00b7000c00030006
00b2000d00030007
00ac000e00030007
00a7000f00030009
00a1001000030009
009b001100030009
009400120003000a
008e00130004000a
008800140004000b
008100150004000b
007900160004000c
007300170004000c
006b00180004000d
006600190005000d
005f001a0005000e
0058001b0005000f
0051001c0005000f
004d001d0005000f
0046001e00050010
003f001f00050011
0039002000060012
0033002100060012
002e002200060013
002b002200060012
0026002300060012
0022002500060013
001e002500060013
001b002600070013
0017002600070013
0015002500060013
0013002600060014
0012002600060014
0011002600060014
0010002600060014
0010002500060014
0010002600060014
0011002600060014
0011002500060015
0012002500060015
0014002400060014
0015002400080014
0019002400080015
001b002400080014
001d002300070015
0021002100070015
0024002100070015
0026002100080015
002a001f00080015
002d001e00080015
0031001e00080014
0035001c00080015
0038001b00080014
003b001b00080015
003e001a00080014
0041001900090014
0043001800080015
0046001800080014
0048001700080015
004a001600090015
004b001600090015
004d001500090015
004d001500090016
004e001400090014
004d001400090015
004d0013000a0015
004d0013000a0016
004b0013000a0016
004b0012000a0016
00490011000a0017
00470012000a0017
00450011000b0018
00430012000b0018
003f0012000a0019
003e0011000b0018
003c0012000b0019
00390012000b0019
00360012000b001a
00330012000c001a
00320012000c001b
00300012000c001b
002d0013000c001b
002d0013000c001b
002b0013000c001b
002a0012000c001b
00290012000c001b
00290012000c001b
00280012000d001b
00290012000d001b
002a0012000c001b
002b0012000c001b
002c0012000c001b
002e0012000c001b
00300012000c001b
00320012000c001a
00350011000c001a
00390011000c001a
003d0011000b0019
00400011000b0019
00450010000b0018
00490010000b0018
004d000f000b0017
0052000f000a0016
0058000f000a0016
005e000e000a0015
0063000e00090014
0068000d00090014
006e000d00090013
0074000c00080012
0079000c00080012
007f000b00080011
00f3000200000001
00f2000200000001
00f0000300010001
00ef000300010001
00ed000300010002
00eb000400010002
00e7000400010002
00e4000400010002
00e1000500010002
00de000500010003
00db000600010003
00d8000600010003
00d4000700010003
00cf000800010005
00cc000800010005
00c7000900010005
00c2000a00010006
00be000a00020006
00b8000c00030006
00b2000d00030007
00ad000e00030007
00a8000f00030008
00a1001000030008
009b001100030009
0095001200030009
008f001300040009
008800140004000b
008200150004000b
007b00160004000c
007500170004000c
006d00180004000d
006800190005000d
0061001a0005000e
005a001b0005000f
0053001c0005000f
004e001d0005000f
0048001e00050010
0040001f00050011
003b002000060011
0036002100060011
0030002200060012
002d002200060012
0029002300060012
0024002400060012
0021002500060013
001e002400060013
001b002500060013
0018002500060013
0016002500060013
0015002500060013
0014002500060014
0013002500060014
0013002500060014
0013002600060014
0014002500060014
0014002500060015
0017002400060014
0019002300060014
001a002400080014
001d002400080014
001f002300080014
0023002200070014
0026002100070014
0028002100070013
002b002000080015
002f001f00080014
0032001d00080015
0036001d00070014
003a001c00080014
003b001c00080014
0040001a00080014
0043001900080014
0046001900080014
0047001800080015
004a001800080014
004c001600080014
004d001500090015
0050001500090013
0050001400090014
0050001400090015
0050001300090014
0050001400090015
0050001200090015
004f001200090016
004d001100090016
004b0012000a0016
00490011000a0017
00480012000a0018
00450011000b0018
00440012000b0017
00410011000a0018
003d0012000b0018
003b0012000b0019
00380012000b0019
00360012000b001a
00330012000c001b
00320012000c001b
002f0013000c001a
002c0013000c001b
002b0013000c001b
00290012000c001b
00280012000d001b
00270012000d001c
00260013000d001c
00260013000d001c
00270013000d001c
00280013000d001c
00290012000d001c
002a0012000d001b
002b0012000c001b
002e0012000c001b
00310012000c001b
00330012000c001a
00370011000c001a
003a0011000c001a
003e0011000b0019
00420010000b0018
00460010000b0018
004b0010000b0017
0050000f000a0017
0056000f000a0016
005b000e000a0015
0060000e000a0015
0066000d00090014
006b000d00090013
0071000c00090013
0076000c00080012
007d000b00080011
00f3000200000001
00f1000300000001
00f0000300010001
00ef000300010001
00ed000300010002
00eb000400010002
00e8000400010002
00e4000400010002
00e1000500010002
00de000500010003
00db000600010003
00d7000700010003
00d4000700010003
00d0000800010004
00cd000800010004
00c7000900010005
00c3000a00010006
00bd000a00020006
00b9000b00020006
00b3000c00020007
00ae000d00020007
00a8000f00030008
00a2001000030008
009c001100030009
0096001200030009
0090001300040009
008900140004000a
008300150004000a
007c00160004000b
007600170004000b
006f00180004000c
006900190005000c
0063001a0005000d
005c001b0005000d
0056001c0005000e
004f001d0005000e
004a001e0005000f
0043001e00050010
003e001f00050011
0039002000060011
0034002100060011
0030002200060012
002c002200060012
0029002300050012
0024002300050012
0021002400060013
001d002400060013
001c002400060013
001a002500060013
0019002500060013
0018002500060014
0018002400060014
0018002400060014
0019002500060014
0019002400060013
001a002400060014
001b002300060014
001d002300060014
0020002200070013
0022002300080014
0025002200070013
0028002100070014
002b002000070013
002d002000070013
0030001f00080013
0035001e00080013
0038001d00070013
003c001c00070013
003e001b00080013
0041001b00080014
0044001a00080014
0047001900080013
004a001800080014
004c001700080013
004e001700080013
004f001600090013
0051001500090014
0053001500090013
0053001400090014
0053001400090014
0053001300090014
0053001200080014
0052001100090015
0050001200090016
004f0011000a0016
004c0012000a0016
004b0011000a0017
00480011000b0018
00460011000b0017
00430012000a0017
00410011000a0018
003e0012000b0018
003a0012000b0019
00380011000b001a
00350012000b001a
00320012000c001b
00300012000c001b
002d0013000c001b
002c0013000c001b
00290013000c001b
00280012000d001b
00260013000d001c
00250013000d001c
00250013000d001c
00250013000d001c
00250013000d001c
00250013000d001c
00260013000d001c
00280013000d001c
002a0012000d001b
002c0012000c001b
002f0012000c001b
00310012000c001b
00340012000c001a
00380011000c001a
003b0011000c0019
00400011000b0019
00450010000b0018
00490010000b0018
004e000f000b0017
0053000f000a0016
0058000f000a0016
005e000e000a0015
0064000e00090014
006a000d00090013
006f000d00090013
0075000c00080012
007b000c00080011
00f3000200000001
00f1000300000001
00f0000300010001
00ee000300010002
00ec000300010002
00ea000400010002
00e8000400010002
00e5000500010002
00e3000500010002
00de000500010003
00da000600010003
00d7000700010003
00d3000700010003
00cf000800010004
00cc000800010004
00c8000900010004
00c4000a00010005
00be000a00020006
00b9000b00020006
00b4000c00020007
00af000d00020007
00a9000e00020008
00a3000f00020008
009d001000020009
0097001100020009
0090001300040009
008c00130003000a
008500140003000a
007e00160004000b
007800170004000b
007100180004000c
006b00190005000c
0065001a0005000d
005f001b0005000d
0058001c0005000e
0052001d0005000e
004d001e0005000f
0046001e00050010
0041001f00050010
003c002000060011
0037002000050011
0032002000050012
002f002100050012
002c002200050012
0027002300050012
0025002300060012
0023002300060012
0020002400060013
001e002400060013
001d002400060013
001d002400060014
001d002400060014
001d002300060013
001d002300060013
001e002400060013
001f002300060014
0021002200060014
0023002200060013
0026002100070013
0028002100060013
002a002100070013
002c002000070014
0030001f00070013
0033001f00070013
0036001e00080013
003a001d00080013
003e001c00070013
0041001c00070012
0044001a00080013
0046001900080012
0049001900080013
004c001800080012
004f001800080013
0050001700080013
0052001600080012
0054001500090013
0055001400090013
0055001400090013
0056001200070014
0057001200080014
0056001200080014
0055001200080014
0054001100090015
0051001200090016
004f0012000a0016
004e0011000a0016
004d0011000a0016
00490011000b0017
00470011000b0016
00440011000a0017
00400011000a0018
003e0012000b0018
003b0012000b0019
00370012000b001a
00350012000c001a
00320012000c001b
00300012000c001a
002c0013000c001b
002b0013000c001b
00290012000c001b
00270012000d001c
00250013000d001c
00250013000d001c
00250013000d001c
00240013000d001c
00240013000d001c
00240013000d001c
00250013000d001c
00270013000d001c
00280013000d001c
002b0012000d001b
002d0012000c001b
00300012000c001b
00320012000c001b
00360011000c001a
003a0011000c001a
003e0011000b0019
00420010000b0018
00470010000b0018
004c0010000b0017
0052000f000a0017
0058000f000a0016
005d000e000a0015
0062000e00090014
0068000d00090014
006d000d00090013
0073000c00080012
0079000c00080012
00f2000200000001
00f1000300000001
00f0000300010001
00ee000300010002
00ec000300010002
00ea000400010002
00e8000400010002
00e5000500010002
00e2000500010002
00df000600010003
00dc000600010003
00d7000700010003
00d3000700010003
00cf000800010004
00cc000800010004
00c8000900010004
00c3000a00020005
00bf000a00020005
00ba000b00020005
00b4000c00020007
00af000d00020007
00aa000e00020008
00a4000f00020008
009e001000020009
0098001100020009
0092001200030009
008c00130003000a
008600130003000a
008000140003000b
007900160003000b
007300170003000c
006d00180003000c
006800180004000d
0061001a0004000d
005b001b0004000e
0055001c0004000e
0050001c0004000f
004a001d00040010
0044001e00040010
003f001e00040011
003a001f00050011
0037002000050011
0033002000050012
002f002200050012
002c002200050012
002a002200060012
0027002300060012
0025002300060012
0024002300060012
0023002300060012
0022002300060013
0022002300060013
0022002200060013
0023002200060013
0024002300060013
0025002200060013
0028002100060013
0029002100060013
002a002000060012
002c002000060013
0030002000060013
0032001f00060013
0036001e00060013
0038001e00070012
003c001d00080013
003f001c00070012
0042001b00070013
0046001b00070012
0049001a00080012
004c001900080012
004e001900080012
0051001600060012
0052001700080012
0054001600080013
0057001500070012
0058001400070013
0058001300080013
0059001300080013
005a001200070013
005a001200080014
0059001100080014
0058001200080014
0056001100090015
0053001100090016
00520012000a0015
00500011000a0015
004d0011000a0016
004a0011000b0017
00470011000b0017
00440011000a0017
00420011000a0018
003f0012000b0018
003b0012000b0019
00380012000b001a
00350012000c001a
00320012000c001b
002f0013000c001a
002d0013000c001b
002a0013000c001b
00290012000c001b
00270013000d001c
00250013000d001c
00250013000d001c
00240013000d001c
00230013000d001c
00230013000d001c
00230013000d001c
00240013000d001c
00260013000d001c
00270013000d001c
00290013000d001c
002c0012000c001b
002e0012000c001b
00310012000c001b
00340012000c001a
00380011000c001a
003c0011000c0019
00400011000b0019
00450010000b0018
004b0010000b0017
0050000f000a0017
0055000f000a0016
005b000e000a0015
0060000e000a0015
0066000d00090014
006b000d00090013
0072000c00080012
0077000c00080012
00f2000200000001
00f1000300000001
00f0000300010001
00ee000300010002
00ec000300010002
00ea000400010002
00e7000400010002
00e5000500010002
00e2000500010002
00df000600010003
00dc000600010003
00d9000700010003
00d5000700010003
00cf000800010004
00cc000800010004
00c8000900010004
00c3000a00020005
00bf000a00020005
00ba000b00020005
00b5000c00020006
00b0000d00020006
00aa000e00020008
00a6000f00020007
00a0001000020007
0099001100020009
0093001200030009
008e00120003000a
008800130003000a
008200140003000b
007c00150003000b
007500160003000c
006f00170003000c
006a00180004000d
006400190004000d
005e001a0004000e
0059001b0004000e
0053001c0004000e
004e001c0004000f
0048001d00040010
0044001e00040010
003f001f00040011
003b001f00050011
0037002000050011
0032002100050012
0030002200050012
002e002200060012
002c002200060012
002a002200060012
0029002200060012
0028002200060012
0028002200060013
0027002200060013
0028002200060013
0029002100060012
0029002200060012
002b002100060013
002c002100060013
002f002000050012
0031001f00060012
0034001f00060013
0037001f00060012
0038001e00060012
003c001d00060012
003f001c00060012
0043001b00060012
0045001a00060012
0048001900060012
004c001900060012
004e001800070012
0051001700070012
0053001700070012
0056001600060012
0057001600070012
0059001400070012
005b001400070012
005c001300070013
005d001200080013
005d001200070013
005d001200070013
005c001200080014
005b001100080013
0059001100080014
0058001100090014
0056001100090014
00540010000a0015
00510011000a0015
004f0010000a0016
004c0011000b0016
004a0011000a0016
00460011000a0017
00430011000a0018
00400012000b0018
003c0011000b0019
00380012000b001a
00360012000c001a
00320012000c001b
002e0013000c001a
002d0013000c001b
002a0013000c001b
00290012000d001b
00260013000d001c
00250013000d001c
00240013000d001c
00230013000d001c
00220013000d001c
00220013000d001c
00230013000d001c
00240013000d001c
00250013000d001c
00260013000d001c
00280013000d001c
002b0012000d001b
002d0012000c001b
00310012000c001b
00330012000c001a
00380011000c001a
003b0011000c0019
003f0011000b0019
00460010000b0018
004a0010000b0018
004f000f000a0017
0054000f000a0016
005a000e000a0016
005f000e000a0015
0065000d00090014
006a000d00090013
0070000d00090013
0076000c00080012
00f2000200000001
00f1000300000001
00f0000300010001
00ee000300010002
00ec000300010002
00ea000400010002
00e7000400010002
00e5000500010002
00e2000500010002
00df000600010003
00dc000600010003
00d8000700010003
00d5000700010003
00d1000800010004
00ce000800010004
00c8000900010004
00c4000a00010005
00bf000a00020005
00ba000b00020005
00b5000c00020006
00b0000d00020006
00ac000e00020007
00a6000f00020007
00a1000f00020007
009b001000020008
0095001100030008
0090001200030009
008900130003000a
008300140003000b
007e00150003000b
007700160003000c
007100170003000c
006c00180004000c
006700190004000d
0061001a0004000d
005b001b0004000e
0056001c0004000e
0051001c0004000f
004c001d00040010
0047001d00040010
0043001e00040010
003e001f00040011
003c001f00050010
0037002100050011
0035002100050010
0033002100050010
0031002100060011
0030002100060011
0030002100060010
002f002100060010
002e002100060011
002d002100060012
002e002100060012
002e002000060012
002f002100060012
002f002100050013
0032002000050012
0034001f00050012
0036001f00060012
0039001f00060012
003c001e00060012
0040001d00060011
0042001c00060012
0045001b00060011
0048001b00060012
004b001a00060011
004e001900060011
0051001800060011
0054001700070012
0056001600070011
0059001600060012
005b001500060011
005d001500070012
005e001400070011
005f001300070012
0060001300070012
0060001200080012
0060001200070012
0060001100070012
0060001100080013
005e001100080012
005c001100080013
005a001000090014
0059001100090014
0056001000090014
00530011000a0015
00510010000a0016
004d0011000b0016
004b0010000a0016
00470011000a0017
00440011000a0018
00400012000b0018
003d0011000b0019
00390012000b001a
00360012000c001a
00330012000c001a
00310013000c001a
002e0013000c001b
002b0012000c001b
00290012000d001b
00260013000d001c
00250013000d001c
00240013000d001c
00230013000d001c
00220013000d001c
00220013000d001c
00230013000d001c
00230013000d001c
00250013000d001c
00260013000d001c
00270013000d001c
002a0012000d001c
002c0012000c001b
00300012000c001b
00320012000c001b
00370011000c001a
003a0011000c001a
003f0011000b0019
00450010000b0018
00490010000b0018
004e000f000b0017
0053000f000a0016
0058000f000a0016
005e000e000a0015
0064000e00090014
006a000d00090013
0070000d00090013
0076000c00080012
00f2000200000001
00f1000300000001
00f0000300010001
00ee000300010002
00ec000300010002
00ea000400010002
00e7000400010002
00e5000500010002
00e2000500010002
00df000600010003
00dc000600010003
00d9000700010003
00d5000700010003
00d1000800010004
00ce000800010004
00ca000900010004
00c6000a00010005
00c2000a00020005
00bb000b00020005
00b6000c00020006
00b1000d00020006
00ad000d00020006
00a7000e00020007
00a2000f00020007
009c001000020008
0097001100030008
0091001200030009
008c001300030009
008600140003000a
008000150003000a
007b00160003000a
007500170003000b
007000170003000b
006a00180004000c
006500190004000c
0060001a0004000c
005a001b0004000d
0053001c0004000e
0051001c0004000e
004d001d0004000f
0048001d0004000f
0044001e0004000f
0040001e00040010
003d002000050010
003b002000050010
0038002000050010
0037002000060010
0035002100060010
0034002100060010
0032002100060010
0032002100060011
0033002000060011
0033002000060011
0035001f00050011
0036002000050010
0038001f00050011
0039001f00050011
003c001e00050010
003e001d00060011
003f001e00060012
0042001d00060011
0046001c00060010
0048001b00060011
004a001a00050011
004e001a00060011
0051001900060011
0054001800060010
0057001800060011
0058001700060010
005b001600060011
005d001600060011
005f001400060011
0061001400070011
0063001300070010
0064001200070011
0064001200070011
0064001100070012
0064001200070011
0063001100070012
0062001100080012
0061001000080012
005f001100080013
005d001000090014
005b001100090014
0058001000090014
00560011000a0015
00530010000a0016
00500011000a0015
004c0010000a0016
00480011000a0017
00450011000a0018
00420011000b0018
003d0011000b0019
003b0011000b001a
00380012000b001a
00340012000c001a
00310013000c001a
002e0013000c001b
002c0012000c001b
002a0012000c001b
00270013000d001c
00250013000d001c
00240013000d001c
00230013000d001c
00220013000d001c
00230013000d001c
00230013000d001c
00230013000d001c
00240013000d001c
00260013000d001c
00270013000d001c
002a0012000d001c
002c0012000c001b
002f0012000c001b
00320012000c001b
00360011000c001a
003a0011000c001a
003f0011000b0019
00440010000b0018
00480010000b0018
004e000f000b0017
0052000f000a0017
0058000f000a0016
005e000e000a0015
0064000e00090014
006a000d00090013
006f000d00090013
0075000c00080012
00f2000200000001
00f0000300010001
00f0000300010001
00ee000300010002
00ec000300010002
00ea000400010002
00e7000400010002
00e5000500010002
00e2000500010002
00df000600010003
00dc000600010003
00d9000700010003
00d5000700010003
00d2000800010004
00cf000800010004
00cb000900010004
00c6000a00010005
00c2000a00020005
00bd000b00020005
00b9000c00020006
00b4000d00020006
00ae000d00020006
00a8000e00020007
00a3000f00020007
009e001000020008
0098001100030008
0092001200030009
008e001300030009
0088001300030009
008200140003000a
007e00150003000a
007800160003000b
007200170003000b
006d00180004000b
006800190004000c
0063001a0004000c
005e001a0004000d
0057001b0004000e
0053001c0004000e
0051001c0004000e
004d001d0004000f
0049001d0004000f
0045001e0004000f
0042001f0004000f
0040001f00040010
003e001f00040010
003c002000050010
003b002000050010
003a002000050010
003a002000050010
003a001f00050011
003a001f00050010
003a001f00050010
003c001e00050010
003c001f00050010
003f001e00050010
0040001e00050010
0042001d00050010
0044001d00060010
0048001b00060010
0049001c00060010
004c001b0006000f
004f001a00050010
0052001900050010
0054001900060010
0056001800060011
005b00170006000f
005c001700060010
005f00160006000f
0061001500060010
006400150006000f
0064001400060010
0066001300060010
0067001300070010
0068001200070010
0068001200070011
0067001100070010
0068001100070011
0066001100070012
0066001100080011
0065001000080012
0063001100080013
0061001000090013
005e001000090013
005b001000090014
00580010000a0015
00550010000a0015
0051001100090015
004e0010000a0016
004b0011000a0017
00480011000a0018
00430011000b0018
003f0011000b0019
003c0011000b0019
00390012000b001a
00360012000c001a
00330012000c001a
002f0013000c001b
002d0012000c001b
002a0012000c001b
00280012000d001c
00260013000d001c
00250013000d001c
00240013000d001c
00230013000d001c
00230013000d001c
00230013000d001c
00240013000d001c
00250013000d001c
00260013000d001c
00280013000d001c
002a0012000d001c
002c0012000c001b
00300012000c001b
00320012000c001b
00360011000c001a
003b0011000c001a
003f0011000b0019
00440010000b0018
00480010000b0018
004d0010000b0017
0052000f000a0017
0058000f000a0016
005d000e000a0015
0063000e00090014
0069000d00090014
006f000d00090013
0075000c00080012
00f2000200000001
00f0000300010001
00f0000300010001
00ee000300010002
00ec000300010002
00ea000400010002
00e7000400010002
00e5000500010002
00e2000500010002
00df000600010003
00dc000600010003
00d9000700010003
00d6000700010003
00d2000800010004
00cf000800010004
00cb000900010004
00c7000900010005
00c3000a00020005
00be000b00020005
00ba000c00020006
00b5000c00020006
00b1000d00020006
00ac000e00020007
00a6000f00020007
009f001000020008
009a001100020008
0094001200030008
0090001200030009
008a001300030009
008500140003000a
007f00150003000a
007b00160003000a
007600170003000b
007200170003000b
006c00180004000c
006800190004000c
0063001a0004000c
005c001a0004000d
0058001b0004000e
0054001b0004000e
0053001c0004000e
0050001c0004000e
004b001d0004000f
0048001e0004000f
0046001e0004000f
0044001e0004000f
0043001e0005000f
0041001f0005000f
0041001e0005000f
0040001f0005000f
0041001e0005000f
0040001e00050010
0041001e00050010
0041001e00050010
0044001e0005000f
0045001d0005000f
0047001d00050010
004a001c0005000f
004b001b0006000f
004c001b00060010
004f001b00060010
0052001a0005000f
0055001900050010
005800180005000f
005b00180005000f
005e00170006000f
005f00160006000f
006200160006000f
006400150005000f
006700140006000f
006800140006000f
006900130006000f
006a001200060010
006b001200070010
006d001100070010
006d001100060010
006d001100070010
006c001100070011
006b001000070011
0069001100080011
0068001000080012
0066001000080013
0063001000090012
0061001000090013
005e001000090014
005a0010000a0015
00580010000a0014
0055001000090015
00510010000a0016
004d0011000a0017
00490011000a0017
00460010000b0018
00420011000b0019
003f0011000b0019
003b0012000b001a
00360012000c001a
00340012000c001a
00300013000c001a
002f0012000c001b
002b0012000c001b
002a0012000d001b
00280013000d001c
00260013000d001c
00250013000d001c
00240013000d001c
00250013000d001c
00240013000d001c
00250013000d001c
00260013000d001c
00260013000d001c
00280013000d001c
002b0012000d001b
002d0012000c001b
00300012000c001b
00320012000c001b
00370011000c001a
003b0011000c001a
003f0011000b0019
00440010000b0018
00490010000b0018
004e000f000b0017
0052000f000a0017
0058000f000a0016
005d000e000a0015
0063000e00090014
0069000d00090014
006f000d00090013
0074000c00080012
00f2000200000001
00f0000300010001
00f0000300010001
00ee000300010002
00ec000300010002
00ea000400010002
00e7000400010002
00e5000500010002
00e2000500010002
00e0000500010003
00dd000600010003
00d9000700010003
00d6000700010003
00d3000800010004
00d0000800010004
00cc000900010004
00c8000900010005
00c4000a00020005
00bf000b00020005
00bb000b00020006
00b6000c00020006
00b2000d00020006
00ad000e00020007
00a8000f00020007
00a3000f00020007
009e001000020008
0098001100030008
0093001200030009
008d001300030009
0088001300030009
008200140003000a
007e00150003000a
007900160003000b
007400170003000b
007000180003000b
006c00180004000c
006800190004000c
006100190004000d
005d001a0004000d
0059001b0004000e
0056001b0004000e
0053001c0004000e
0052001c0004000e
004f001c0004000e
004d001d0004000f
004b001e0004000f
0049001e0005000f
0048001e0005000f
0048001e0005000f
0048001e0005000f
0048001d0005000f
0048001d0005000f
0049001d0005000f
004a001c0005000f
004b001d0005000f
004e001c0005000e
004e001c0005000f
0050001b0005000f
0052001b0005000f
0054001a0005000e
0057001a0005000f
005a00190005000e
005c00180005000f
005e00170005000f
006000170005000e
006300160006000f
006600150006000e
006800150005000f
006b00140005000e
006d00130006000f
006d00140006000f
006f00130006000f
007100120006000f
007100120007000f
0071001100070010
007100110006000f
0071001000070010
0070001000070011
006e001000070010
006d000f00070011
006b001000080012
0069000f00080012
0067000f00080012
0065000f00090013
0060001000090014
005d0010000a0015
005a0010000a0014
0056000f00090015
00520010000a0016
00500010000a0016
004c0010000a0017
00480010000a0018
00440011000b0018
00400011000b0019
003c0012000b0019
003a0012000b0019
00360012000c001a
00330011000c001a
00300012000c001b
002d0012000c001b
002b0012000c001b
002a0012000d001b
00270013000d001c
00260013000d001c
00260013000d001c
00260013000d001c
00260013000d001c
00260013000d001c
00260013000d001c
00280013000d001c
002a0012000d001c
002c0012000c001b
002e0012000c001b
00310012000c001b
00330012000c001a
00390011000c001a
003c0011000c0019
00400011000b0019
00450010000b0018
00490010000b0018
004e000f000b0017
0053000f000a0016
0058000f000a0016
005e000e000a0015
0064000e00090014
0069000d00090014
006f000d00090013
0075000c00080012
00f2000200000001
00f1000300000001
00f0000300010001
00ee000300010002
00ec000300010002
00ea000400010002
00e8000400010002
00e5000500010002
00e3000500010002
00e0000500010003
00dd000600010003
00da000600010003
00d7000700010003
00d3000800010004
00d0000800010004
00cd000800010004
00c9000900010004
00c4000a00020005
00c0000b00020005
00bc000b00020005
00b7000c00020006
00b2000d00020006
00af000d00020006
00aa000e00020007
00a5000f00020007
00a0001000020008
009b001100020008
0096001200030008
0092001200030009
008c001300030009
008800140003000a
008300150003000a
007d00150003000a
007800160003000b
007300170003000b
007000180003000b
006c00180004000c
006700190004000c
006200190004000d
005f001a0004000d
005b001a0004000e
0059001b0004000e
0056001b0004000e
0054001b0004000e
0053001c0004000e
0052001c0004000e
0050001d0005000e
004f001d0005000e
004f001c0005000e
004f001c0005000e
004f001c0005000e
0050001c0005000f
004f001c0005000f
0050001b0005000f
0051001b0005000e
0053001b0005000e
0056001b0005000f
0057001a0005000f
005a00190004000e
005b00190005000e
005f00190005000e
006100180005000e
006400170005000e
006500160005000e
006700160005000e
006a00160006000e
006c00150005000e
006e00140005000e
007100140005000e
007100130006000f
007200120006000e
007400120006000f
007500110006000e
007500110007000f
007500100006000f
007500100006000f
0074001000060010
0073000f00070010
0072001000070010
0071000f00070011
006f000f00080012
006c000f00080011
006a000f00080012
0067000f00090013
0063000f00090014
0060000f00090013
005d001000090014
005a000f00090015
0056001000090015
00520010000a0016
004f0010000a0017
004a0010000a0018
00460011000b0018
00420011000b0019
003f0011000b0018
003b0012000b0019
00370012000c001a
00360011000c001a
00310012000c001a
00300012000c001b
002e0012000c001b
002b0012000c001b
002a0012000d001b
00280013000d001c
00280013000d001c
00270013000d001c
00270013000d001c
00280013000d001c
00280013000d001c
002a0012000d001c
002c0012000c001b
002d0012000c001b
00300012000c001b
00320012000c001b
00350011000c001a
00390011000c001a
003d0011000c0019
00410011000b0019
00460010000b0018
004b0010000b0017
004e000f000b0017
0054000f000a0016
0059000e000a0016
005e000e000a0015
0064000e00090014
006a000d00090013
006f000d00090013
0075000c00080012
00f2000200000001
00f1000300000001
00f0000300010001
00ee000300010002
00ec000300010002
00ea000400010002
00e8000400010002
00e5000500010002
00e3000500010002
00e0000500010003
00dd000600010003
00da000600010003
00d7000700010003
00d4000700010004
00d1000800010004
00ce000800010004
00ca000900010004
00c6000a00010005
00c2000a00020005
00bd000b00020005
00b9000c00020006
00b4000d00020006
00b1000d00020006
00ac000e00020007
00a7000f00020007
00a2001000020007
009d001000020008
0098001100030008
0094001200030009
0090001300030009
008b001300030009
008600140003000a
008200150003000a
007d00160003000a
007900160003000b
007500170003000b
007200170003000b
006d00180004000b
006800180004000d
006500190004000d
006200190004000d
0060001a0004000d
005e001a0004000d
005c001a0004000e
005a001b0004000e
0057001c0004000e
0057001c0004000e
0056001c0005000e
0056001c0005000e
0055001c0005000e
0056001b0005000e
0057001b0005000e
0057001b0005000e
0058001a0005000e
005a001a0005000e
005b001a0005000e
005d001a0004000e
006000190004000e
006200180004000e
006400170005000d
006600180005000e
006800170005000e
006a00160005000d
006d00150005000e
006f00150005000d
007200150005000d
007300140005000e
007500130005000d
007600130005000e
007800120005000d
007900110006000e
007b00110006000e
007a00100006000e
007a00100006000f
007b00100006000e
0079000f0006000f
0079001000060010
0077000f0007000f
0076000f00070010
0075000f00070011
0072000f00080010
0071000e00080011
006d000f00080012
006a000f00090013
0067000f00090013
0064000f00090013
0060000f00090014
005d000f00090014
0059001000090015
00550010000a0016
0051000f000a0017
004e0010000a0017
00490010000a0018
00460011000b0017
00410011000b0018
003e0011000b0019
003a0012000b0019
00380011000c001a
00350011000c001a
00310012000c001a
00300012000c001b
002e0012000c001b
002c0012000c001b
002b0012000c001b
002b0012000d001b
002a0012000d001c
002a0012000d001c
002a0012000d001c
002b0012000d001b
002c0012000c001b
002d0012000c001b
002f0012000c001b
00310012000c001b
00330012000c001a
00380011000c001a
003b0011000c001a
003f0011000b0019
00420010000b0019
00460010000b0018
004b0010000b0017
0050000f000a0017
0055000f000a0016
005a000e000a0016
005f000e000a0015
0064000e00090014
006a000d00090013
0070000d00090013
0076000c00080012
00f2000200000001
00f1000300000001
00f0000300010001
00ee000300010002
00ec000300010002
00ea000400010002
00e8000400010002
00e6000400010002
00e3000500010002
00e1000500010003
00de000600010003
00db000600010003
00d8000700010003
00d5000700010003
00d1000800010004
00cf000800010004
00cb000900010004
00c7000900010005
00c3000a00020005
00bf000b00020005
00ba000c00020006
00b6000c00020006
00b2000d00020006
00ae000e00020007
00a9000e00020007
00a5000f00020007
00a0001000020008
009c001100020008
0097001100030008
0093001200030009
008e001300030009
008a001300030009
008600140003000a
008100150003000a
007e00150003000a
007900160003000b
007600170003000b
007200170003000b
006e00170003000c
006b00180004000c
006800180004000d
006600190004000d
006400190004000d
006200190004000d
0061001a0004000d
0060001a0004000d
005e001b0004000d
005d001b0005000d
005d001b0005000d
005d001a0005000d
005e001a0005000d
005d001a0005000e
005f00190005000e
006000190005000d
006100190004000d
006300190004000d
006500180004000d
006700180004000d
006900170004000d
006a00170005000d
006c00160005000e
006e00160005000d
007000150005000d
007300150005000d
007500140004000d
007700140004000d
007900130005000d
007b00120005000d
007b00120005000d
007d00110005000d
007e00110006000e
007e00110006000d
007f00100006000e
007f000f0005000e
007f000f0006000e
007d000f0006000f
007d000f0006000e
007c000e0007000f
007a000f00070010
0079000e00070010
0077000e00070010
0073000e00080011
0071000e00080011
006e000e00080012
006a000e00090013
0067000f00080013
0064000e00080013
005f000f00090014
005b000f00090015
0058001000090015
0054000f000a0016
00510010000a0017
004c0010000a0018
00490010000b0017
00440011000b0018
00410011000b0018
003d0012000b0019
003a0011000c0019
00370011000c001a
00350011000c001a
00320012000c001a
00300012000c001b
002f0012000c001b
002d0012000c001b
002d0012000c001b
002c0012000c001b
002c0012000c001b
002c0012000c001b
002d0012000c001b
002e0012000c001b
00300012000c001b
00310012000c001b
00330012000c001a
00370011000c001a
003a0011000c001a
003d0011000c0019
00410011000b0019
00450010000b0018
00480010000b0018
004d0010000b0017
0052000f000a0017
0057000f000a0016
005b000e000a0015
0061000e00090015
0066000d00090014
006b000d00090013
0070000d00090013
0076000c00080012
00f2000200000001
00f1000300000001
00f0000300010001
00ef000300010001
00ed000300010002
00eb000400010002
00e9000400010002
00e6000400010002
00e4000500010002
00e1000500010003
00df000600010003
00dc000600010003
00d9000700010003
00d5000700010003
00d2000800010004
00d0000800010004
00cc000900010004
00c8000900010005
00c4000a00020005
00c0000b00020005
00bc000b00020005
00b8000c00020006
00b4000d00020006
00b0000d00020006
00ac000e00020007
00a7000f00020007
00a3000f00020007
009e001000020008
009a001100030008
0096001200030008
0092001200030009
008e001300030009
008a001300030009
008600140003000a
008200150003000a
007e00150003000a
007b00160003000b
007700160003000b
007200170003000c
007100170003000c
006e00170003000c
006c00180004000c
006a00180004000d
006900180004000d
006700190004000d
006600190004000d
006500190004000d
006500190005000d
006400190005000d
006500190005000c
006500190005000c
006500190005000c
006600180004000d
006700180004000d
006900170004000d
006a00180004000d
006b00170004000c
006d00170004000d
006f00160004000d
007100150005000c
007300150005000c
007500150005000d
007700140005000c
007900140004000d
007c00130004000c
007c00130004000c
007e00120005000d
008000110005000c
008100110005000d
008200110005000d
008300100006000d
0084000f0006000d
0084000f0005000e
0084000f0005000d
0083000f0006000e
0083000e0006000e
0082000e0006000e
0081000e0006000f
007f000e0007000f
007c000e0007000f
0079000e00070010
0077000e00080011
0075000e00080011
0071000e00080012
006f000e00090012
006a000f00080012
0066000e00080013
0063000f00090014
0060000f00090014
005b000f00090015
0057000f000a0016
0053000f000a0017
004f0010000a0017
004b0010000a0018
00470011000b0017
00440011000b0018
00410010000b0018
003e0011000b0019
003a0011000c0019
00380011000c001a
00360011000c001a
00330012000c001a
00310012000c001b
00310012000c001b
00310012000c001b
00300012000c001b
002f0012000c001b
00300012000c001b
00300012000c001b
00310012000c001b
00320012000c001b
00330012000c001a
00360011000c001a
00390011000c001a
003c0011000c0019
003f0011000b0019
00420010000b0019
00460010000b0018
004b0010000b0017
004e000f000b0017
0053000f000a0016
0058000f000a0016
005d000e000a0015
0062000e00090014
0068000d00090014
006d000d00090013
0072000c00080012
0078000c00080012
00f3000200000001
00f1000300000001
00f0000300010001
00ef000300010001
00ed000300010002
00eb000400010002
00e9000400010002
00e7000400010002
00e4000500010002
00e2000500010002
00df000600010003
00dc000600010003
00d9000700010003
00d6000700010003
00d3000800010004
00d1000800010004
00cd000800010004
00ca000900010004
00c6000a00010005
00c2000a00020005
00be000b00020005
00ba000c00020006
00b6000c00020006
00b2000d00020006
00af000d00020006
00aa000e00020007
00a6000f00020007
00a2001000020007
009e001000020008
0099001100030008
0095001200030008
0092001200030009
008e001300030009
008b001300030009
008700140003000a
008300150003000a
008000150003000a
007c00150003000a
007900160003000a
007600160003000c
007400160003000c
007200170003000c
007100170003000c
006f00170003000c
006e00170003000c
006d00180003000c
006c00180003000c
006b00180004000c
006b00180004000c
006c00180004000c
006d00180004000c
006d00170004000c
006e00170004000d
006e00170004000c
006f00160004000c
007000160004000c
007200160004000c
007400160004000d
007600150004000c
007800150004000c
007a00140005000c
007c00140005000c
007e00130004000c
008000130004000b
008200120004000c
008200110004000c
008400110005000c
008500110005000c
008700100005000c
008900100005000c
0088000f0005000c
0088000f0005000d
0089000f0005000c
0087000e0005000d
0087000e0005000e
0087000e0006000d
0086000d0006000e
0084000e0006000f
0082000d0007000f
0080000e0007000f
007d000d00070010
007b000d00080010
0078000d00080011
0075000d00080012
0072000e00080011
006e000d00080012
006a000e00080013
0066000e00080013
0062000f00090014
005e000e00090015
005b000f00090015
0056000f000a0016
00520010000a0017
004f0010000a0016
004a0010000a0017
00480011000b0017
00430011000b0018
00410010000b0018
003e0011000b0019
003c0011000b0019
00390011000c001a
00370011000c001a
00350011000c001a
00330012000c001a
00330012000c001a
00320012000c001b
00320012000c001b
00320012000c001b
00320012000c001b
00330012000c001a
00350011000c001a
00370011000c001a
003a0011000c001a
003c0011000c0019
003f0011000b0019
00410011000b0019
00460010000b0018
00490010000b0018
004d0010000b0017
0052000f000a0017
0055000f000a0016
005a000e000a0016
005f000e000a0015
0064000e00090014
006a000d00090013
006f000d00090013
0074000c00080012
0079000c00080012
00f3000200000001
00f1000300000001
00f0000300010001
00ef000300010001
00ed000300010002
00eb000400010002
00e9000400010002
00e7000400010002
00e5000500010002
00e3000500010002
00e0000500010003
00dd000600010003
00db000600010003
00d8000700010003
00d4000700010004
00d1000800010004
00cf000800010004
00cb000900010004
00c8000900010005
00c4000a00020005
00c0000b00020005
00bc000b00020005
00b8000c00020006
00b4000d00020006
00b1000d00020006
00ad000e00020007
00a9000e00020007
00a5000f00020007
00a1001000020008
009d001000020008
0099001100030008
0095001200030008
0093001200030009
008f001300030009
008c001300030009
0089001400030009
008600140003000a
008100140003000a
007f00150003000a
007c00150003000b
007a00150003000b
007800160003000b
007600160003000c
007500160003000c
007400160003000c
007300170003000c
007300170003000c
007300170003000c
007200170004000c
007200170004000c
007200170004000b
007300160004000b
007400160004000c
007600160004000c
007700150004000c
007800150004000c
007a00150004000b
007b00150004000c
007d00140004000c
007f00140004000b
008100130005000b
008200120004000c
008400130004000b
008500120004000b
008800110004000c
008900100004000b
008b00110004000b
008b00100005000c
008d000f0005000b
008d000f0005000c
008d000f0005000c
008d000e0005000c
008d000e0005000c
008d000e0005000d
008c000d0005000c
008c000e0006000d
0089000d0006000e
0089000d0006000e
0086000d0006000e
0084000d0007000f
0082000d0007000f
007e000d00070010
007b000d00080011
0078000d00080010
0075000e00070011
0072000d00080012
006e000e00080012
006b000e00080013
0066000f00090014
0062000e00090014
005f000e00090015
005a000f00090016
0056000f000a0016
00530010000a0016
004f0010000a0016
004b0010000a0017
00480010000b0017
00440010000b0018
00420010000b0018
003f0011000b0019
003d0011000b0019
003a0011000c0019
00390011000c001a
00380011000c001a
00380011000c001a
00370011000c001a
00360011000c001a
00360011000c001a
00370011000c001a
00380011000c001a
00380011000c001a
003b0011000c001a
003d0011000c0019
003f0011000b0019
00410011000b0019
00450010000b0018
00480010000b0018
004c0010000b0017
004f000f000a0017
0054000f000a0016
0058000f000a0016
005d000e000a0015
0062000e00090014
0066000d00090014
006b000d00090013
0070000d00090013
0076000c00080012
007b000c00080011
00f3000200000001
00f2000200000001
00f0000300010001
00f0000300010001
00ee000300010002
00ec000300010002
00ea000400010002
00e8000400010002
00e6000400010002
00e3000500010002
00e1000500010003
00de000600010003
00dc000600010003
00d9000700010003
00d6000700010003
00d2000800010004
00d0000800010004
00cd000800010004
00c9000900010004
00c6000a00010005
00c2000a00020005
00be000b00020005
00bb000b00020006
00b7000c00020006
00b3000d00020006
00b0000d00020006
00ac000e00020007
00a8000f00020007
00a5000f00020007
00a1001000020008
009d001000020008
009a001100030008
0096001200030008
0093001200030009
0091001200030009
008e001300030009
008b001300030009
0087001300030009
008400140003000a
008200140003000b
008000140003000b
007e00150003000b
007d00150003000b
007c00150003000b
007b00150003000b
007a00160003000b
007a00160003000b
007a00160003000b
007900160004000b
007a00160004000b
007a00150004000b
007b00150004000b
007b00150004000b
007c00150004000b
007e00140004000b
008000140004000b
008100140004000b
008300140004000a
008400130004000b
008600130003000b
008700120004000b
008900110004000a
008a00120004000b
008c00110004000b
008d00100004000b
008f00100004000b
009000100004000b
0091000f0005000b
0092000e0005000b
0091000e0005000c
0092000e0004000c
0092000d0005000c
0093000d0005000c
0092000d0005000d
0091000d0005000c
008f000d0006000d
008f000d0006000d
008c000c0006000e
008a000d0006000e
0088000c0007000e
0085000d0007000f
0083000c00070010
0080000c00080010
007d000d00080010
0079000c00070011
0076000d00070011
0071000d00080012
006e000e00080013
006a000d00080013
0066000e00090014
0063000e00090014
005e000f00090015
0059000f000a0016
0056000f000a0015
00540010000a0016
004f0010000a0016
004c000f000a0017
00490010000b0017
00460010000b0018
00440010000b0018
00410010000b0018
003f0011000b0019
003e0011000b0019
003c0011000c0019
003b0011000c0019
003a0011000c001a
003a0011000c001a
003a0011000c001a
003a0011000c001a
003b0011000c0019
003c0011000c0019
003f0011000b0019
00410011000b0019
00420010000b0019
00460010000b0018
00480010000b0018
004b0010000b0017
004e000f000b0017
0052000f000a0017
0057000f000a0016
005b000e000a0015
005f000e000a0015
0064000e00090014
0069000d00090014
006d000d00090013
0072000c00080012
0078000c00080012
007d000b00080011
00f3000200000001
00f2000200000001
00f1000300000001
00f0000300010001
00ee000300010002
00ec000300010002
00eb000400010002
00e9000400010002
00e6000400010002
00e4000500010002
00e2000500010002
00df000600010003
00dd000600010003
00da000600010003
00d7000700010003
00d4000700010004
00d1000800010004
00cf000800010004
00cb000900010004
00c8000900010005
00c4000a00020005
00c1000a00020005
00bd000b00020005
00ba000c00020006
00b6000c00020006
00b2000d00020006
00b0000d00020006
00ac000e00020007
00a8000f00020007
00a5000f00020007
00a1001000020008
009e001000020008
009b001100020008
0098001100030008
0095001200030008
0093001200030009
0091001200030009
008c001300030009
008a001300030009
008800130003000a
008600130003000a
008500140003000a
008400140003000b
008300140003000b
008100140003000b
008100140003000b
008100150003000b
008000150003000b
008000150004000b
008000150004000a
008100140004000a
008200140004000a
008300140004000a
008500130004000b
008400130004000b
008700130004000a
008900120004000a
008900130003000a
008a00120003000b
008c00120003000a
008d00110003000a
008f00100004000a
009100110004000b
009200100004000a
0093000f0004000a
0095000f0004000b
0096000e0004000a
0096000f0005000a
0096000e0005000b
0097000d0004000b
0097000e0004000b
0097000d0004000b
0097000d0005000c
0096000d0005000b
0095000c0005000c
0095000c0005000c
0092000c0006000d
0090000c0006000d
008e000c0006000d
008d000c0006000e
008a000c0007000f
0087000c0007000f
0083000c0007000f
0080000d00070010
007d000c00070010
0079000d00070011
0076000d00080011
0073000d00080012
006e000d00080013
006a000d00080013
0066000e00090014
0062000e00090015
005f000f00090014
005a000f000a0015
0057000f000a0015
00540010000a0016
0050000f000a0016
004d000f000a0017
004b0010000b0017
00480010000b0018
00450010000b0018
00440010000b0018
00410010000b0018
003f0011000b0019
003f0011000b0019
003e0011000b0019
003e0011000b0019
003e0011000b0019
003e0011000b0019
003f0011000b0019
00410011000b0019
00420010000b0019
00450010000b0018
00460010000b0018
00490010000b0018
004c0010000b0017
004e000f000b0017
0052000f000a0017
0056000f000a0016
005a000e000a0016
005e000e000a0015
0062000e00090014
0066000d00090014
006b000d00090013
0070000d00090013
0075000c00080012
007a000c00080011
007f000b00080011
00f4000200000001
00f2000200000001
00f1000300000001
00f0000300010001
00ef000300010001
00ed000300010002
00eb000400010002
00e9000400010002
00e7000400010002
00e5000500010002
00e3000500010002
00e0000500010003
00de000600010003
00db000600010003
00d8000700010003
00d5000700010003
00d2000800010004
00d0000800010004
00cd000800010004
00ca000900010004
00c7000900010005
00c3000a00020005
00c0000b00020005
00bd000b00020005
00b9000c00020006
00b5000c00020006
00b2000d00020006
00b0000d00020006
00ac000e00020007
00a9000e00020007
00a6000f00020007
00a3000f00020007
00a0001000020008
009d001000020008
009a001100030008
0097001100030008
0095001200030008
0091001200030009
0090001200030009
008e001200030009
008d00120003000a
008b00130003000a
008a00130003000a
008a00130003000a
008800130003000a
008800130003000a
008800140003000a
008700140003000a
008800140003000a
008800140004000a
008800130004000a
008900130004000a
008a001300040009
008b00120004000a
008c00120004000a
008c00120003000a
008e00110003000a
009000120003000a
0091001100030009
009200110003000a
009400100003000a
0096000f00040009
0097000f0004000a
0098000f0004000a
009a000f0004000a
009a000e0004000a
009a000e0004000a
009c000e0004000a
009c000d0004000b
009d000d0004000a
009c000c0004000b
009d000c0004000b
009c000c0005000b
009b000b0005000b
009a000c0005000c
0098000c0005000c
0096000c0006000c
0095000c0006000c
0093000b0006000d
0090000c0006000e
008e000b0007000e
008c000c0007000e
0088000c0007000e
0085000b0006000f
0082000c00070010
007d000c00070010
007a000d00070011
0077000c00080012
0073000d00080012
006f000d00080013
0069000e00090014
0066000e00090014
0063000e00090014
0060000f00090014
005b000f000a0015
0059000e000a0015
0055000f000a0016
0052000f000a0016
0050000f000a0017
004c000f000b0017
004a0010000b0017
00480010000b0018
00460010000b0018
00450010000b0018
00450010000b0018
00440010000b0018
00430010000b0018
00430010000b0018
00430010000b0018
00450010000b0018
00460010000b0018
00460010000b0018
00480010000b0018
004b0010000b0017
004d0010000b0017
004f000f000a0017
0052000f000a0017
0056000f000a0016
0059000e000a0016
005d000e000a0015
0061000e00090015
0065000d00090014
006a000d00090013
006e000d00090013
0073000c00080012
0077000c00080012
007d000b00080011
0082000b00080010
00f4000200000001
00f3000200000001
00f1000300000001
00f0000300010001
00ef000300010001
00ee000300010002
00ec000300010002
00ea000400010002
00e8000400010002
00e6000400010002
00e4000500010002
00e1000500010003
00df000600010003
00dc000600010003
00da000600010003
00d7000700010003
00d4000700010004
00d1000800010004
00cf000800010004
00cc000900010004
00c9000900010004
00c6000a00010005
00c3000a00020005
00bf000b00020005
00bc000b00020005
00b9000c00020006
00b6000c00020006
00b2000d00020006
00b0000d00020006
00ad000e00020007
00aa000e00020007
00a7000f00020007
00a4000f00020007
00a2001000020007
009f001000020008
009d001000020008
009b001100020008
0097001100030008
0095001100030008
0093001200030008
0092001200030009
0091001200030009
0091001200030009
009000120003000a
009000120003000a
008f00120003000a
008f001300030009
008f001300030009
008e001300030009
008e001300040009
008f001200040009
008e001200040009
0090001200040009
0092001100030009
009200110003000a
0094001100030009
0094001000030009
0096001100030009
0097001000030009
009900100003000a
009b000f00030009
009c000f00030009
009d000e00040009
009e000e0004000a
009f000e00040009
009f000d00040009
00a0000d0004000a
00a1000c00030009
00a1000d0004000a
00a1000c0004000a
00a2000c0004000a
00a1000c0004000a
00a0000c0004000a
00a0000b0005000b
009e000c0005000b
009d000b0005000b
009b000b0005000b
0099000b0006000c
0097000b0006000d
0094000c0006000d
0093000b0006000e
0090000b0007000d
008c000c0006000e
0089000b0006000f
0086000c0007000f
0083000c00070010
007f000c00070010
007a000c00070011
0077000c00080012
0073000d00080012
0070000d00080013
006b000e00090013
0067000e00090013
0064000e00090014
0060000f00090014
005d000e000a0015
005a000e000a0015
0056000e000a0016
0054000f000a0016
0051000f000a0016
004f000f000a0017
004c000f000b0017
004b0010000b0017
004a0010000b0017
00490010000b0018
00480010000b0018
00470010000b0018
00470010000b0018
00490010000b0018
00490010000b0018
004b0010000b0017
004b0010000b0017
004d0010000b0017
004e000f000b0017
0052000f000a0017
0054000f000a0016
0057000f000a0016
005a000e000a0016
005d000e000a0015
0061000e00090015
0064000e00090014
0069000d00090014
006d000d00090013
0071000c00090013
0076000c00080012
007b000c00080011
007f000b00080011
0084000b00070010
00f4000200000001
00f3000200000001
00f2000200000001
00f0000300010001
00f0000300010001
00ee000300010002
00ec000300010002
00eb000400010002
00e9000400010002
00e7000400010002
00e5000500010002
00e2000500010002
00e0000500010003
00de000600010003
00db000600010003
00d8000700010003
00d6000700010003
00d3000800010004
00d1000800010004
00ce000800010004
00cb000900010004
00c8000900010005
00c5000a00020005
00c2000a00020005
00bf000b00020005
00bc000b00020005
00b9000c00020006
00b6000c00020006
00b3000d00020006
00b1000d00020006
00af000d00020006
00ac000e00020007
00a9000e00020007
00a7000f00020007
00a4000f00020007
00a2001000020007
00a0001000020008
009c001000020008
009b001000020008
0099001100020008
0098001100020009
0097001100020009
0096001100030009
0095001100030009
0095001100030009
0094001100030009
0094001100030009
0095001200020009
0094001200020009
0094001200030009
0095001100030009
0096001100030009
0097001100030009
0098001000030008
009a001000030009
009a001000030009
009b000f00030009
009d000f00030009
009e000f00030008
00a0000f00030009
00a0000e00030009
00a2000e00030009
00a2000d00040008
00a3000d00040009
00a4000d00040009
00a5000d00030009
00a6000c00030009
00a6000c00030009
00a7000c00030009
00a7000c0004000a
00a7000b00040009
00a6000b0004000a
00a5000b0004000a
00a3000b0005000b
00a3000a0005000b
00a1000b0005000b
009f000a0005000b
009d000a0005000c
009c000b0006000c
0099000a0006000d
0096000b0006000c
0093000b0007000d
0090000a0006000e
008e000b0006000e
0089000b0006000f
0087000c0007000f
0083000b00070010
0080000b00070011
007b000c00070011
0077000c00080012
0074000d00080012
0071000d00080012
006c000e00090013
0069000e00090013
0065000e00090014
0062000d00090014
005f000e00090014
005c000e000a0015
0059000e000a0015
0056000f000a0016
0054000f000a0016
0052000f000a0016
0051000f000a0017
004f000f000a0017
004e000f000a0017
004d000f000b0017
004d000f000b0017
004c0010000b0017
004e000f000b0017
004e000f000b0017
004e000f000b0017
0050000f000a0017
0052000f000a0017
0053000f000a0016
0055000f000a0016
0058000f000a0016
005b000e000a0015
005e000e000a0015
0061000e00090015
0064000e00090014
0068000d00090014
006c000d00090013
0070000d00090013
0075000c00080012
0079000c00080012
007d000b00080011
0083000b00070010
0087000b00070010
00f5000200000001
00f3000200000001
00f2000200000001
00f1000300000001
00f0000300010001
00ef000300010001
00ed000300010002
00eb000400010002
00ea000400010002
00e8000400010002
00e6000400010002
00e4000500010002
00e1000500010003
00df000600010003
00dd000600010003
00da000600010003
00d8000700010003
00d5000700010003
00d2000800010004
00d1000800010004
00ce000800010004
00cb000900010004
00c8000900010005
00c5000a00020005
00c2000a00020005
00bf000b00020005
00bd000b00020005
00ba000c00020006
00b7000c00020006
00b4000d00020006
00b2000d00020006
00b0000d00020006
00ae000e00020007
00ac000e00020007
00a9000e00020007
00a7000f00020007
00a6000f00020007
00a2000f00020007
00a1000f00020007
009f001000020007
009e001000020008
009d001000020009
009c001000020009
009c001000020009
009c001000020009
009b001000020009
009b001000020009
009a001100020009
009b001100020008
009c001000020008
009c001000030008
009c001000030008
009e001000030008
00a0000f00030008
009f000f00030009
00a1000f00030009
00a2000e00030008
00a3000e00030008
00a5000e00030008
00a5000e00030008
00a5000e00030009
00a7000d00030008
00a8000c00040008
00a9000c00040008
00aa000c00030009
00ab000c00030008
00ab000b00030008
00ab000b00030009
00ac000a00030009
00ac000b00040009
00ab000b00040009
00aa000a00040009
00a9000b0004000a
00a9000a0004000a
00a7000a0005000a
00a6000a0005000a
00a4000a0005000b
00a2000a0005000b
009f000a0006000c
009e000a0006000b
009b000a0006000c
0098000a0005000d
0094000a0006000d
0092000b0006000e
008e000b0006000e
008b000b0006000f
0087000b00070010
0084000b00070010
0080000c00070011
007c000c00070011
0079000c00080011
0075000d00080011
0072000d00080012
006d000d00090013
006a000d00090013
0067000d00090013
0063000d00090014
0062000e00090014
005e000e000a0015
005c000e000a0015
0059000e000a0015
0056000f000a0016
0056000f000a0016
0054000f000a0016
0053000f000a0016
0052000f000a0016
0051000f000a0017
0052000f000a0017
0052000f000a0017
0053000f000a0016
0054000f000a0016
0055000f000a0016
0057000f000a0016
0058000f000a0016
005a000e000a0016
005d000e000a0015
005f000e000a0015
0062000e00090014
0065000d00090014
0069000d00090014
006c000d00090013
0070000d00090013
0074000c00080012
0078000c00080012
007d000b00080011
0081000b00080010
0085000b00070010
0089000a0007000f
00f5000200000001
00f4000200000001
00f3000200000001
00f1000300000001
00f0000300010001
00ef000300010001
00ee000300010002
00ec000300010002
00eb000400010002
00e9000400010002
00e7000400010002
00e5000500010002
00e3000500010002
00e0000500010003
00de000600010003
00dc000600010003
00d9000700010003
00d7000700010003
00d4000700010004
00d2000800010004
00d0000800010004
00cd000800010004
00cb000900010004
00c8000900010005
00c5000a00020005
00c3000a00020005
00c0000b00020005
00bd000b00020005
00bb000b00020006
00b8000c00020006
00b6000c00020006
00b4000d00020006
00b2000d00020006
00b0000d00020006
00ae000e00020007
00ad000e00020007
00ab000e00020007
00a7000e00020007
00a6000e00020007
00a5000f00020007
00a4000f00020007
00a3000f00020008
00a3000f00020008
00a2000f00020008
00a2000f00020008
00a2000f00020008
00a1000f00020008
00a1001000020008
00a2001000020008
00a3000f00020008
00a3000f00030008
00a3000f00030008
00a4000f00030008
00a5000e00030007
00a7000e00030007
00a7000e00030008
00a8000d00030008
00a9000d00030008
00aa000d00030008
00aa000d00030007
00ac000d00030008
00ad000c00030008
00ae000c00030008
00af000b00030007
00af000b00030008
00b0000b00030008
00b0000b00030008
00b1000a00030009
00b1000a00030008
00b0000b00030008
00af000a00040009
00af000a00040009
00ad00090004000a
00ad000a00040009
00ab000a00040009
00aa00090005000a
00a9000a0005000a
00a600090005000b
00a500090005000b
00a2000a0006000b
009f00090005000c
009d00090005000c
0099000a0005000d
0096000a0006000d
0093000b0006000e
0090000a0006000e
008b000a0006000f
0087000b00070010
0084000b00070010
0081000c00070011
007e000c00070010
0079000c00080011
0076000d00080011
0072000d00080012
006f000c00080012
006c000d00090013
0068000d00090013
0066000d00090014
0064000d00090014
0061000e00090014
005e000e000a0015
005c000e000a0015
005c000e000a0015
005a000e000a0015
0059000e000a0016
0057000f000a0016
0058000f000a0016
0058000f000a0016
0058000f000a0016
0058000f000a0016
0059000e000a0016
005a000e000a0016
005b000e000a0015
005d000e000a0015
005f000e000a0015
0062000e00090014
0064000e00090014
0066000d00090014
006a000d00090013
006d000d00090013
0070000d00090013
0074000c00080012
0078000c00080012
007c000b00080011
0080000b00080011
0084000b00070010
0089000a0007000f
008d000a0007000f
00f5000200000001
00f4000200000001
00f3000200000001
00f2000200000001
00f1000300000001
00f0000300010001
00ef000300010001
00ed000300010002
00eb000400010002
00ea000400010002
00e8000400010002
00e6000400010002
00e4000500010002
00e2000500010002
00e0000500010003
00de000600010003
00db000600010003
00d9000700010003
00d6000700010003
00d4000700010004
00d1000800010004
00d0000800010004
00ce000800010004
00cb000900010004
00c8000900010005
00c6000a00010005
00c4000a00020005
00c1000a00020005
00bf000b00020005
00bd000b00020005
00ba000c00020006
00b8000c00020006
00b6000c00020006
00b4000d00020006
00b2000d00020006
00b1000d00020006
00b0000d00020006
00af000d00020006
00ac000d00020006
00ab000e00020007
00aa000e00020007
00a8000e00020008
00a8000e00020008
00a8000e00020008
00a8000e00020008
00a8000e00020008
00a8000e00020008
00a8000e00020008
00a8000f00020008
00a8000e00020007
00a9000e00030007
00aa000e00030007
00ab000e00030007
00ab000d00030007
00ac000d00030007
00ad000d00030008
00ae000c00030008
00ae000c00030007
00b0000c00030007
00b1000c00030007
00b1000c00030007
00b2000b00020008
00b3000b00020007
00b4000a00030007
00b4000a00030007
00b5000b00030008
00b5000a00030008
00b6000a00030007
00b5000a00030008
00b4000900030008
00b4000a00040008
00b3000900040009
00b2000900040008
00b1000a00040009
00b0000900040009
00ae00090005000a
00ad00080005000a
00aa00090005000b
00a800090005000a
00a600090004000b
00a400090005000b
00a000090005000c
009d000a0005000c
009b000a0005000d
0097000a0006000d
0093000a0006000e
0090000a0006000f
008d000a0006000f
0089000b00070010
0086000b0007000f
0082000c00070010
007e000c00070010
007b000c00080011
0078000c00080011
0075000c00080012
0071000c00080012
006e000d00090013
006c000d00090013
0069000d00090013
0066000d00090014
0064000d00090014
0063000e00090014
0061000e00090014
005f000e000a0015
005e000e000a0015
005e000e000a0015
005e000e000a0015
005d000e000a0015
005d000e000a0015
005e000e000a0015
005e000e000a0015
005f000e000a0015
0061000e00090015
0062000e00090014
0064000e00090014
0066000d00090014
0069000d00090014
006b000d00090013
006e000d00090013
0071000c00090013
0075000c00080012
0078000c00080012
007c000b00080011
0080000b00080011
0083000b00070010
0088000a00070010
008c000a0007000f
0090000a0007000f
00f6000200000001
00f5000200000001
00f4000200000001
00f2000200000001
00f1000300000001
00f0000300010001
00ef000300010001
00ee000300010002
00ec000300010002
00eb000400010002
00e9000400010002
00e7000400010002
00e5000500010002
00e3000500010002
00e1000500010003
00df000600010003
00dd000600010003
00db000600010003
00d8000700010003
00d6000700010003
00d4000700010004
00d2000800010004
00d0000800010004
00ce000800010004
00cb000900010004
00c9000900010004
00c7000900010005
00c5000a00020005
00c3000a00020005
00c1000a00020005
00be000b00020005
00bc000b00020005
00bb000b00020006
00b9000c00020006
00b7000c00020006
00b6000c00020006
00b4000d00020006
00b3000d00020006
00b0000d00020006
00b0000d00020006
00af000d00020006
00af000d00020006
00ae000d00020007
00ad000d00020007
00ad000d00020007
00ae000d00020007
00ae000d00020007
00ae000d00020007
00ae000e00020007
00ae000e00020007
00ae000d00020007
00af000d00030007
00af000d00030007
00b0000d00030007
00b2000c00030006
00b2000c00030006
00b3000c00030007
00b4000b00030007
00b4000b00030007
00b7000a00020007
00b7000b00020006
00b8000b00020007
00b8000a00020007
00b9000a00020007
00b9000a00030007
00ba000900030007
00b9000a00030007
00b9000900030007
00b9000900030008
00b8000900030008
00b8000900030008
00b8000900040008
00b6000900040008
00b5000800040008
00b4000900040009
00b2000900040009
00b100080005000a
00af000900050009
00ad00090004000a
00ab00080004000a
00a800090005000b
00a500090005000b
00a200090005000c
009f000a0005000c
009b000a0005000d
009900090006000d
0095000a0006000e
0092000a0006000f
008e000a0006000f
008a000b00070010
0087000b0007000f
0084000b00070010
0080000c00070010
007d000c00080011
007a000b00080011
0078000c00080011
0074000c00080012
0071000c00080012
006e000d00090013
006c000d00090013
006a000d00090013
0069000d00090013
0067000d00090014
0065000d00090014
0065000d00090014
0064000e00090014
0064000e00090014
0063000e00090014
0063000e00090014
0064000e00090014
0064000e00090014
0064000e00090014
0066000d00090014
0068000d00090014
006a000d00090013
006b000d00090013
006d000d00090013
0070000d00090013
0073000c00080012
0076000c00080012
0079000c00080012
007d000b00080011
0080000b00080011
0083000b00070010
0088000a00070010
008b000a0007000f
008f000a0007000f
009400090006000e
00f6000200000001
00f5000200000001
00f4000200000001
00f3000200000001
00f2000200000001
00f1000300000001
00f0000300010001
00ef000300010001
00ed000300010002
00ec000300010002
00ea000400010002
00e8000400010002
00e7000400010002
00e5000500010002
00e3000500010002
00e1000500010003
00df000600010003
00dd000600010003
00db000600010003
00d8000700010003
00d6000700010003
00d4000700010004
00d2000800010004
00d1000800010004
00cf000800010004
00cd000800010004
00ca000900010004
00c8000900010005
00c6000a00010005
00c4000a00020005
00c2000a00020005
00c1000a00020005
00bf000b00020005
00bd000b00020005
00bc000b00020005
00ba000c00020006
00b9000c00020006
00b8000c00020006
00b5000c00020006
00b4000c00020006
00b4000c00020006
00b3000c00020006
00b2000c00020007
00b2000c00020007
00b2000c00020007
00b2000c00020007
00b3000c00020007
00b3000c00020007
00b4000c00020007
00b4000d00020007
00b4000c00020007
00b4000c00030006
00b5000c00030006
00b7000c00030006
00b7000b00030006
00b8000b00030006
00b9000b00030007
00ba000a00020007
00ba000a00020006
00bc000a00020006
00bd000a00020006
00bd000a00020006
00bd000a00020007
00be000900020007
00be000900020006
00bd000900030006
00be000900030007
00be000900030007
00bd000900030007
00bd000800030008
00bd000800030007
00bd000900030007
00bb000800040008
00bb000800040008
00b9000700040009
00b7000800040009
00b5000800040008
00b3000800050009
00b1000800040009
00ae00080004000a
00ad00080004000a
00a800090005000b
00a600090005000b
00a300090005000c
00a000090005000c
009d00090005000d
009a00090006000d
0096000a0006000e
0094000a0006000d
0090000a0006000e
008c000b0007000f
0089000b0007000f
0085000b0007000f
0083000b00070010
0080000b00070010
007d000b00080011
007a000b00080011
0076000c00080012
0074000c00080012
0072000c00080012
0070000c00090013
006e000d00090013
006c000d00090013
006a000d00090013
006a000d00090013
006a000d00090013
006a000d00090013
0069000d00090014
0069000d00090014
0069000d00090014
006a000d00090013
006a000d00090013
006b000d00090013
006d000d00090013
006f000d00090013
0070000d00090013
0072000c00080012
0075000c00080012
0077000c00080012
007b000c00080011
007d000b00080011
0081000b00080010
0084000b00070010
0088000a00070010
008b000a0007000f
008f000a0007000f
009300090007000e
009700090006000e
00f6000200000001
00f6000200000001
00f5000200000001
00f4000200000001
00f2000200000001
00f1000300000001
00f0000300010001
00f0000300010001
00ee000300010002
00ed000300010002
00eb000400010002
00ea000400010002
00e8000400010002
00e6000400010002
00e4000500010002
00e3000500010002
00e1000500010003
00df000600010003
00dd000600010003
00db000600010003
00d9000700010003
00d7000700010003
00d5000700010003
00d3000800010004
00d1000800010004
00d0000800010004
00ce000800010004
00cc000900010004
00ca000900010004
00c8000900010005
00c6000a00010005
00c5000a00020005
00c3000a00020005
00c2000a00020005
00c1000a00020005
00bf000b00020005
00be000b00020005
00bd000b00020005
00bc000b00020005
00ba000b00020005
00b9000b00020005
00b9000b00020005
00b9000b00020005
00b7000b00020007
00b8000b00020006
00b8000b00020006
00b8000b00020006
00b9000b00020006
00ba000b00020006
00b9000c00020006
00ba000c00020006
00ba000b00020006
00bb000b00030006
00bb000b00030006
00bd000a00020006
00be000a00020006
00bf000a00020005
00bf000a00020006
00bf000900020006
00c0000900020006
00c1000900020006
00c2000900020006
00c1000900020006
00c1000900020006
00c2000900020006
00c2000800030006
00c2000800030007
00c3000800030007
00c2000800030006
00c1000800030007
00c1000700030007
00c0000700030007
00c0000800040007
00be000700040008
00bd000700040008
00bb000800040008
00ba000800030008
00b7000700040009
00b6000700040009
00b4000800040009
00af00080004000a
00ad00080004000a
00aa00090005000b
00a700080005000b
00a500080005000c
00a100090005000c
009f00090005000d
009b00090006000d
0098000a0006000d
0094000a0006000d
0091000a0006000e
008e000b0007000e
008b000a0007000f
0088000a0007000f
0085000a00070010
0081000b00070010
007f000b00080010
007c000b00080011
007a000b00080011
0078000c00080012
0075000c00080012
0074000c00080012
0072000c00080012
0072000c00080012
0070000d00090013
0070000d00090013
006f000d00090013
006f000d00090013
006f000d00090013
006f000d00090013
006f000d00090013
0070000d00090013
0070000d00090013
0072000c00080012
0074000c00080012
0076000c00080012
0078000c00080012
007a000c00080011
007d000b00080011
007f000b00080011
0083000b00070010
0085000b00070010
0089000a0007000f
008c000a0007000f
008f000a0007000f
009300090007000e
009600090006000e
009b00090006000d
00f7000200000001
00f6000200000001
00f5000200000001
00f4000200000001
00f3000200000001
00f2000200000001
00f1000300000001
00f0000300010001
00ef000300010001
00ee000300010002
00ec000300010002
00eb000400010002
00e9000400010002
00e8000400010002
00e6000400010002
00e4000500010002
00e2000500010002
00e1000500010003
00df000600010003
00dd000600010003
00db000600010003
00d9000700010003
00d7000700010003
00d5000700010003
00d3000800010004
00d2000800010004
00d1000800010004
00cf000800010004
00cd000800010004
00cc000900010004
00ca000900010004
00c9000900010004
00c7000900010005
00c6000a00010005
00c5000a00020005
00c4000a00020005
00c3000a00020005
00c2000a00020005
00c1000a00020005
00bf000a00020005
00be000a00020005
00be000a00020005
00be000a00020005
00bd000a00020006
00bd000a00020006
00bd000a00020006
00be000a00020006
00be000a00020006
00be000a00020006
00bf000a00020006
00c0000b00010006
00c0000a00010006
00c0000a00020006
00c0000a00020005
00c2000a00020005
00c2000a00020005
00c4000900020005
00c4000900020006
00c5000900020006
00c5000800020006
00c5000800020005
00c5000900020005
00c6000900020005
00c6000800020006
00c7000800020006
00c7000800020006
00c7000700030006
00c6000800030006
00c6000800030006
00c5000700030006
00c5000700030007
00c4000700030007
00c2000800030007
00c2000700040008
00c0000700040007
00bf000700040007
00bd000700030008
00bb000700030008
00b9000700040009
00b6000700040009
00b400080004000a
00b100080004000a
00af00070004000a
00ac00080005000b
00a900080005000b
00a600080005000c
00a300090005000c
009f00090005000d
009c00090006000c
009a000a0006000d
0096000a0006000d
009300090006000e
009000090007000e
008c000a0007000f
008a000a0007000f
0087000a0007000f
0085000b00070010
0081000b00070010
007f000b00080010
007e000b00080011
007c000b00080011
007a000c00080011
0079000c00080012
0077000c00080012
0076000c00080012
0076000c00080012
0075000c00080012
0075000c00080012
0074000c00080012
0075000c00080012
0075000c00080012
0076000c00080012
0076000c00080012
0078000c00080012
0079000c00080012
007b000c00080011
007d000b00080011
007f000b00080011
0082000b00080010
0084000b00070010
0087000b00070010
0089000a0007000f
008d000a0007000f
0090000a0007000f
009400090006000e
009700090006000e
009b00090006000d
009e00090006000d
