0100000000000000
0100000000000000
0100000000000000
0100000000000000
0100000000000000
0100000000000000
0100000000000000
0100000000000000
0100000000000000
0100000000000000
0100000000000000
0100000000000000
0100000000000000
0100000000000000
0100000000000000
0100000000000000
0100000000000000
0100000000000000
0100000000000000
0100000000000000
0100000000000000
0100000000000000
0100000000000000
0100000000000000
0100000000000000
0100000000000000
0100000000000000
0100000000000000
0100000000000000
0100000000000000
0100000000000000
0100000000000000
0100000000000000
0100000000000000
0100000000000000
0100000000000000
0100000000000000
0100000000000000
0100000000000000
0100000000000000
0100000000000000
0100000000000000
0100000000000000
0100000000000000
0100000000000000
0100000000000000
0100000000000000
0100000000000000
0100000000000000
0100000000000000
0100000000000000
0100000000000000
0100000000000000
0100000000000000
0100000000000000
0100000000000000
0100000000000000
0100000000000000
0100000000000000
0100000000000000
0100000000000000
0100000000000000
0100000000000000
0100000000000000
0100000000000000
0100000000000000
0100000000000000
0100000000000000
0100000000000000
0100000000000000
0100000000000000
0100000000000000
0100000000000000
0100000000000000
0100000000000000
0100000000000000
0100000000000000
0100000000000000
0100000000000000
0100000000000000
0100000000000000
0100000000000000
0100000000000000
0100000000000000
0100000000000000
0100000000000000
0100000000000000
0100000000000000
0100000000000000
0100000000000000
0100000000000000
0100000000000000
0100000000000000
0100000000000000
0100000000000000
0100000000000000
0100000000000000
0100000000000000
0100000000000000
0100000000000000
0100000000000000
0100000000000000
0100000000000000
0100000000000000
0100000000000000
0100000000000000
0100000000000000
0100000000000000
0100000000000000
0100000000000000
0100000000000000
0100000000000000
0100000000000000
0100000000000000
0100000000000000
0100000000000000
0100000000000000
0100000000000000
0100000000000000
0100000000000000
0100000000000000
0100000000000000
0100000000000000
0100000000000000
0100000000000000
0100000000000000
0100000000000000
0100000000000000
0100000000000000
0100000000000000
0100000000000000
0100000000000000
0100000000000000
0100000000000000
0100000000000000
0100000000000000
0100000000000000
0100000000000000
0100000000000000
0100000000000000
0100000000000000
0100000000000000
0100000000000000
0100000000000000
0100000000000000
0100000000000000
0100000000000000
0100000000000000
0100000000000000
0100000000000000
0100000000000000
0100000000000000
0100000000000000
0100000000000000
0100000000000000
0100000000000000
0100000000000000
0100000000000000
0100000000000000
0100000000000000
0100000000000000
0100000000000000
0100000000000000
0100000000000000
0100000000000000
0100000000000000
0100000000000000
0100000000000000
0100000000000000
0100000000000000
0100000000000000
0100000000000000
0100000000000000
0100000000000000
0100000000000000
0100000000000000
0100000000000000
0100000000000000
0100000000000000
0100000000000000
0100000000000000
0100000000000000
0100000000000000
0100000000000000
0100000000000000
0100000000000000
0100000000000000
0100000000000000
0100000000000000
0100000000000000
0100000000000000
0100000000000000
0100000000000000
0100000000000000
0100000000000000
0100000000000000
0100000000000000
0100000000000000
0100000000000000
0100000000000000
0100000000000000
0100000000000000
0100000000000000
0100000000000000
0100000000000000
0100000000000000
0100000000000000
0100000000000000
0100000000000000
0100000000000000
0100000000000000
0100000000000000
0100000000000000
0100000000000000
0100000000000000
0100000000000000
0100000000000000
0100000000000000
0100000000000000
0100000000000000
0100000000000000
0100000000000000
0100000000000000
0100000000000000
0100000000000000
0100000000000000
0100000000000000
0100000000000000
0100000000000000
0100000000000000
0100000000000000
0100000000000000
0100000000000000
0100000000000000
0100000000000000
0100000000000000
0100000000000000
0100000000000000
0100000000000000
0100000000000000
0100000000000000
0100000000000000
0100000000000000
0100000000000000
0100000000000000
0100000000000000
0100000000000000
0100000000000000
0100000000000000
0100000000000000
0100000000000000
0100000000000000
0100000000000000
0100000000000000
0100000000000000
0100000000000000
0100000000000000
0100000000000000
0100000000000000
0100000000000000
0100000000000000
0100000000000000
0100000000000000
0100000000000000
0100000000000000
0100000000000000
0100000000000000
0100000000000000
0100000000000000
0100000000000000
0100000000000000
0100000000000000
0100000000000000
0100000000000000
0100000000000000
0100000000000000
0100000000000000
0100000000000000
0100000000000000
0100000000000000
0100000000000000
0100000000000000
0100000000000000
0100000000000000
0100000000000000
0100000000000000
0100000000000000
0100000000000000
0100000000000000
0100000000000000
0100000000000000
0100000000000000
0100000000000000
0100000000000000
0100000000000000
0100000000000000
0100000000000000
0100000000000000
0100000000000000
0100000000000000
0100000000000000
0100000000000000
0100000000000000
0100000000000000
0100000000000000
0100000000000000
0100000000000000
0100000000000000
0100000000000000
0100000000000000
0100000000000000
0100000000000000
0100000000000000
0100000000000000
0100000000000000
0100000000000000
0100000000000000
0100000000000000
0100000000000000
0100000000000000
0100000000000000
0100000000000000
0100000000000000
0100000000000000
0100000000000000
0100000000000000
0100000000000000
0100000000000000
0100000000000000
0100000000000000
0100000000000000
0100000000000000
0100000000000000
0100000000000000
0100000000000000
0100000000000000
0100000000000000
0100000000000000
0100000000000000
0100000000000000
0100000000000000
0100000000000000
0100000000000000
0100000000000000
0100000000000000
0100000000000000
0100000000000000
0100000000000000
0100000000000000
0100000000000000
0100000000000000
0100000000000000
0100000000000000
0100000000000000
0100000000000000
0100000000000000
0100000000000000
0100000000000000
0100000000000000
0100000000000000
0100000000000000
0100000000000000
0100000000000000
0100000000000000
0100000000000000
0100000000000000
0100000000000000
0100000000000000
0100000000000000
0100000000000000
0100000000000000
0100000000000000
0100000000000000
0100000000000000
0100000000000000
0100000000000000
0100000000000000
0100000000000000
0100000000000000
0100000000000000
0100000000000000
0100000000000000
0100000000000000
0100000000000000
0100000000000000
0100000000000000
0100000000000000
0100000000000000
0100000000000000
0100000000000000
0100000000000000
0100000000000000
0100000000000000
0100000000000000
0100000000000000
0100000000000000
0100000000000000
0100000000000000
0100000000000000
0100000000000000
0100000000000000
0100000000000000
0100000000000000
0100000000000000
0100000000000000
0100000000000000
0100000000000000
0100000000000000
0100000000000000
0100000000000000
0100000000000000
0100000000000000
0100000000000000
0100000000000000
0100000000000000
0100000000000000
0100000000000000
0100000000000000
0100000000000000
0100000000000000
0100000000000000
0100000000000000
0100000000000000
0100000000000000
0100000000000000
0100000000000000
0100000000000000
0100000000000000
0100000000000000
0100000000000000
0100000000000000
0100000000000000
0100000000000000
0100000000000000
0100000000000000
0100000000000000
0100000000000000
0100000000000000
0100000000000000
0100000000000000
0100000000000000
0100000000000000
0100000000000000
0100000000000000
0100000000000000
0100000000000000
0100000000000000
0100000000000000
0100000000000000
0100000000000000
0100000000000000
0100000000000000
0100000000000000
0100000000000000
0100000000000000
0100000000000000
0100000000000000
0100000000000000
0100000000000000
0100000000000000
0100000000000000
0100000000000000
0100000000000000
0100000000000000
0100000000000000
0100000000000000
0100000000000000
0100000000000000
0100000000000000
0100000000000000
0100000000000000
0100000000000000
0100000000000000
0100000000000000
0100000000000000
0100000000000000
0100000000000000
0100000000000000
0100000000000000
0100000000000000
0100000000000000
0100000000000000
0100000000000000
0100000000000000
0100000000000000
0100000000000000
0100000000000000
0100000000000000
0100000000000000
0100000000000000
0100000000000000
0100000000000000
0100000000000000
0100000000000000
0100000000000000
0100000000000000
0100000000000000
0100000000000000
0100000000000000
0100000000000000
0100000000000000
0100000000000000
0100000000000000
0100000000000000
0100000000000000
0100000000000000
0100000000000000
0100000000000000
0100000000000000
0100000000000000
0100000000000000
0100000000000000
0100000000000000
0100000000000000
0100000000000000
0100000000000000
0100000000000000
0100000000000000
0100000000000000
0100000000000000
0100000000000000
0100000000000000
0100000000000000
0100000000000000
0100000000000000
0100000000000000
0100000000000000
0100000000000000
0100000000000000
0100000000000000
0100000000000000
0100000000000000
0100000000000000
0100000000000000
0100000000000000
0100000000000000
0100000000000000
0100000000000000
0100000000000000
0100000000000000
0100000000000000
0100000000000000
0100000000000000
0100000000000000
0100000000000000
0100000000000000
0100000000000000
0100000000000000
0100000000000000
0100000000000000
0100000000000000
0100000000000000
0100000000000000
0100000000000000
0100000000000000
00fc000000000001
00fc000000000001
00fc000000000001
00fc000000000001
0100000000000000
0100000000000000
0100000000000000
0100000000000000
0100000000000000
0100000000000000
0100000000000000
0100000000000000
0100000000000000
0100000000000000
0100000000000000
0100000000000000
0100000000000000
0100000000000000
0100000000000000
0100000000000000
0100000000000000
0100000000000000
0100000000000000
0100000000000000
0100000000000000
0100000000000000
0100000000000000
0100000000000000
0100000000000000
0100000000000000
0100000000000000
0100000000000000
0100000000000000
0100000000000000
0100000000000000
0100000000000000
0100000000000000
0100000000000000
0100000000000000
0100000000000000
0100000000000000
0100000000000000
0100000000000000
0100000000000000
0100000000000000
0100000000000000
0100000000000000
0100000000000000
0100000000000000
0100000000000000
0100000000000000
0100000000000000
0100000000000000
0100000000000000
0100000000000000
0100000000000000
0100000000000000
0100000000000000
0100000000000000
0100000000000000
0100000000000000
0100000000000000
0100000000000000
0100000000000000
0100000000000000
0100000000000000
0100000000000000
0100000000000000
0100000000000000
0100000000000000
0100000000000000
0100000000000000
0100000000000000
0100000000000000
0100000000000000
0100000000000000
0100000000000000
0100000000000000
0100000000000000
0100000000000000
0100000000000000
0100000000000000
0100000000000000
0100000000000000
0100000000000000
0100000000000000
0100000000000000
0100000000000000
0100000000000000
0100000000000000
0100000000000000
0100000000000000
0100000000000000
0100000000000000
0100000000000000
0100000000000000
0100000000000000
0100000000000000
0100000000000000
0100000000000000
0100000000000000
0100000000000000
0100000000000000
0100000000000000
0100000000000000
0100000000000000
0100000000000000
0100000000000000
0100000000000000
0100000000000000
0100000000000000
0100000000000000
0100000000000000
0100000000000000
0100000000000000
0100000000000000
0100000000000000
0100000000000000
0100000000000000
0100000000000000
0100000000000000
0100000000000000
0100000000000000
0100000000000000
00fc000000000001
00fc000000000001
00fa000000000002
00fa000000000002
00fa000000000002
00f8000000000002
00fa000000000002
00fa000000000002
00fa000000000002
00fc000000000001
00fc000000000001
0100000000000000
0100000000000000
0100000000000000
0100000000000000
0100000000000000
0100000000000000
0100000000000000
0100000000000000
0100000000000000
0100000000000000
0100000000000000
0100000000000000
0100000000000000
0100000000000000
0100000000000000
0100000000000000
0100000000000000
0100000000000000
0100000000000000
0100000000000000
0100000000000000
0100000000000000
0100000000000000
0100000000000000
0100000000000000
0100000000000000
0100000000000000
0100000000000000
0100000000000000
0100000000000000
0100000000000000
0100000000000000
0100000000000000
0100000000000000
0100000000000000
0100000000000000
0100000000000000
0100000000000000
0100000000000000
0100000000000000
0100000000000000
0100000000000000
0100000000000000
0100000000000000
0100000000000000
0100000000000000
0100000000000000
0100000000000000
0100000000000000
0100000000000000
0100000000000000
0100000000000000
0100000000000000
0100000000000000
0100000000000000
0100000000000000
0100000000000000
0100000000000000
0100000000000000
0100000000000000
0100000000000000
0100000000000000
0100000000000000
0100000000000000
0100000000000000
0100000000000000
0100000000000000
0100000000000000
0100000000000000
0100000000000000
0100000000000000
0100000000000000
0100000000000000
0100000000000000
0100000000000000
0100000000000000
0100000000000000
0100000000000000
0100000000000000
0100000000000000
0100000000000000
0100000000000000
0100000000000000
0100000000000000
0100000000000000
0100000000000000
0100000000000000
0100000000000000
0100000000000000
0100000000000000
0100000000000000
0100000000000000
0100000000000000
0100000000000000
0100000000000000
0100000000000000
0100000000000000
0100000000000000
0100000000000000
0100000000000000
0100000000000000
0100000000000000
0100000000000000
0100000000000000
0100000000000000
0100000000000000
0100000000000000
0100000000000000
0100000000000000
0100000000000000
0100000000000000
0100000000000000
0100000000000000
0100000000000000
0100000000000000
0100000000000000
00fc000000000001
00fa000000000002
00f8000000000002
00f6000000000002
00f6000000000002
00f6000000000002
00f4000000000003
00f4000000000003
00f6000000000002
00f6000000000002
00f6000000000002
00f8000000000002
00fa000000000002
00fc000000000001
0100000000000000
0100000000000000
0100000000000000
0100000000000000
0100000000000000
0100000000000000
0100000000000000
0100000000000000
0100000000000000
0100000000000000
0100000000000000
0100000000000000
0100000000000000
0100000000000000
0100000000000000
0100000000000000
0100000000000000
0100000000000000
0100000000000000
0100000000000000
0100000000000000
0100000000000000
0100000000000000
0100000000000000
0100000000000000
0100000000000000
0100000000000000
0100000000000000
0100000000000000
0100000000000000
0100000000000000
0100000000000000
0100000000000000
0100000000000000
0100000000000000
0100000000000000
0100000000000000
0100000000000000
0100000000000000
0100000000000000
0100000000000000
0100000000000000
0100000000000000
0100000000000000
0100000000000000
0100000000000000
0100000000000000
0100000000000000
0100000000000000
0100000000000000
0100000000000000
0100000000000000
0100000000000000
0100000000000000
0100000000000000
0100000000000000
0100000000000000
0100000000000000
0100000000000000
0100000000000000
0100000000000000
0100000000000000
0100000000000000
0100000000000000
0100000000000000
0100000000000000
0100000000000000
0100000000000000
0100000000000000
0100000000000000
0100000000000000
0100000000000000
0100000000000000
0100000000000000
0100000000000000
0100000000000000
0100000000000000
0100000000000000
0100000000000000
0100000000000000
0100000000000000
0100000000000000
0100000000000000
0100000000000000
0100000000000000
0100000000000000
0100000000000000
0100000000000000
0100000000000000
0100000000000000
0100000000000000
0100000000000000
0100000000000000
0100000000000000
0100000000000000
0100000000000000
0100000000000000
0100000000000000
0100000000000000
0100000000000000
0100000000000000
0100000000000000
0100000000000000
0100000000000000
0100000000000000
0100000000000000
0100000000000000
0100000000000000
0100000000000000
0100000000000000
0100000000000000
0100000000000000
0100000000000000
00fc000000000001
00fa000000000002
00f6000000000002
00f4000000000003
00f0000100010004
00ec000200020004
00ea000200020005
00e8000200020006
00e7000200020007
00e9000200020006
00eb000200020005
00f0000000000004
00f4000000000002
00f4000000000002
00fa000000000002
00fc000000000001
0100000000000000
0100000000000000
0100000000000000
0100000000000000
0100000000000000
0100000000000000
0100000000000000
0100000000000000
0100000000000000
0100000000000000
0100000000000000
0100000000000000
0100000000000000
0100000000000000
0100000000000000
0100000000000000
0100000000000000
0100000000000000
0100000000000000
0100000000000000
0100000000000000
0100000000000000
0100000000000000
0100000000000000
0100000000000000
0100000000000000
0100000000000000
0100000000000000
0100000000000000
0100000000000000
0100000000000000
0100000000000000
0100000000000000
0100000000000000
0100000000000000
0100000000000000
0100000000000000
0100000000000000
0100000000000000
0100000000000000
0100000000000000
0100000000000000
0100000000000000
0100000000000000
0100000000000000
0100000000000000
0100000000000000
0100000000000000
0100000000000000
0100000000000000
0100000000000000
0100000000000000
0100000000000000
0100000000000000
0100000000000000
0100000000000000
0100000000000000
0100000000000000
0100000000000000
0100000000000000
0100000000000000
0100000000000000
0100000000000000
0100000000000000
0100000000000000
0100000000000000
0100000000000000
0100000000000000
0100000000000000
0100000000000000
0100000000000000
0100000000000000
0100000000000000
0100000000000000
0100000000000000
0100000000000000
0100000000000000
0100000000000000
0100000000000000
0100000000000000
0100000000000000
0100000000000000
0100000000000000
0100000000000000
0100000000000000
0100000000000000
0100000000000000
0100000000000000
0100000000000000
0100000000000000
0100000000000000
0100000000000000
0100000000000000
0100000000000000
0100000000000000
0100000000000000
0100000000000000
0100000000000000
0100000000000000
0100000000000000
0100000000000000
0100000000000000
0100000000000000
0100000000000000
0100000000000000
0100000000000000
0100000000000000
0100000000000000
0100000000000000
0100000000000000
0100000000000000
00fc000000000001
00f8000000000002
00f6000000000002
00f2000000000004
00ea000200020005
00e4000200020006
00dd00020002000a
00d700020002000a
00d400020002000b
00d400020002000b
00d600020002000a
00db00020002000a
00e1000200020007
00e8000200020006
00ef000000000005
00f4000000000002
00f6000000000002
00fc000000000001
0100000000000000
0100000000000000
0100000000000000
0100000000000000
0100000000000000
0100000000000000
0100000000000000
0100000000000000
0100000000000000
0100000000000000
0100000000000000
0100000000000000
0100000000000000
0100000000000000
0100000000000000
0100000000000000
0100000000000000
0100000000000000
0100000000000000
0100000000000000
0100000000000000
0100000000000000
0100000000000000
0100000000000000
0100000000000000
0100000000000000
0100000000000000
0100000000000000
0100000000000000
0100000000000000
0100000000000000
0100000000000000
0100000000000000
0100000000000000
0100000000000000
0100000000000000
0100000000000000
0100000000000000
0100000000000000
0100000000000000
0100000000000000
0100000000000000
0100000000000000
0100000000000000
0100000000000000
0100000000000000
0100000000000000
0100000000000000
0100000000000000
0100000000000000
0100000000000000
0100000000000000
0100000000000000
0100000000000000
0100000000000000
0100000000000000
0100000000000000
0100000000000000
0100000000000000
0100000000000000
0100000000000000
0100000000000000
0100000000000000
0100000000000000
0100000000000000
0100000000000000
0100000000000000
0100000000000000
0100000000000000
0100000000000000
0100000000000000
0100000000000000
0100000000000000
0100000000000000
0100000000000000
0100000000000000
0100000000000000
0100000000000000
0100000000000000
0100000000000000
0100000000000000
0100000000000000
0100000000000000
0100000000000000
0100000000000000
0100000000000000
0100000000000000
0100000000000000
0100000000000000
0100000000000000
0100000000000000
0100000000000000
0100000000000000
0100000000000000
0100000000000000
0100000000000000
0100000000000000
0100000000000000
0100000000000000
0100000000000000
0100000000000000
0100000000000000
0100000000000000
0100000000000000
0100000000000000
0100000000000000
0100000000000000
0100000000000000
0100000000000000
00fc000000000001
00f8000000000002
00f6000000000002
00f0000100010004
00e6000200020006
00dc00020002000a
00cf00020002000c
00c800020002000e
00bf00030003000f
00bb000300030012
00bb000300030012
00be000300030010
00c500020002000f
00cc00020002000d
00d600020002000b
00df000200020008
00e9000200020005
00f3000000000003
00f6000000000002
00fc000000000001
0100000000000000
0100000000000000
0100000000000000
0100000000000000
0100000000000000
0100000000000000
0100000000000000
0100000000000000
0100000000000000
0100000000000000
0100000000000000
0100000000000000
0100000000000000
0100000000000000
0100000000000000
0100000000000000
0100000000000000
0100000000000000
0100000000000000
0100000000000000
0100000000000000
0100000000000000
0100000000000000
0100000000000000
0100000000000000
0100000000000000
0100000000000000
0100000000000000
0100000000000000
0100000000000000
0100000000000000
0100000000000000
0100000000000000
0100000000000000
0100000000000000
0100000000000000
0100000000000000
0100000000000000
0100000000000000
0100000000000000
0100000000000000
0100000000000000
0100000000000000
0100000000000000
0100000000000000
0100000000000000
0100000000000000
0100000000000000
0100000000000000
0100000000000000
0100000000000000
0100000000000000
0100000000000000
0100000000000000
0100000000000000
0100000000000000
0100000000000000
0100000000000000
0100000000000000
0100000000000000
0100000000000000
0100000000000000
0100000000000000
0100000000000000
0100000000000000
0100000000000000
0100000000000000
0100000000000000
0100000000000000
0100000000000000
0100000000000000
0100000000000000
0100000000000000
0100000000000000
0100000000000000
0100000000000000
0100000000000000
0100000000000000
0100000000000000
0100000000000000
0100000000000000
0100000000000000
0100000000000000
0100000000000000
0100000000000000
0100000000000000
0100000000000000
0100000000000000
0100000000000000
0100000000000000
0100000000000000
0100000000000000
0100000000000000
0100000000000000
0100000000000000
0100000000000000
0100000000000000
0100000000000000
0100000000000000
0100000000000000
0100000000000000
0100000000000000
0100000000000000
0100000000000000
0100000000000000
0100000000000000
0100000000000000
00fc000000000001
00fa000000000002
00f6000000000002
00f0000100010004
00e2000200020007
00d600020002000a
00c800020002000e
00b7000400040011
00ac000400040015
00a2000500050018
009a000500050018
009700050005001b
009c000500050019
00a3000500050017
00ad000500050014
00bb000300030012
00ca00030003000e
00d8000200020009
00e5000200020006
00f2000000000003
00f6000000000002
00fc000000000001
0100000000000000
0100000000000000
0100000000000000
0100000000000000
0100000000000000
0100000000000000
0100000000000000
0100000000000000
0100000000000000
0100000000000000
0100000000000000
0100000000000000
0100000000000000
0100000000000000
0100000000000000
0100000000000000
0100000000000000
0100000000000000
0100000000000000
0100000000000000
0100000000000000
0100000000000000
0100000000000000
0100000000000000
0100000000000000
0100000000000000
0100000000000000
0100000000000000
0100000000000000
0100000000000000
0100000000000000
0100000000000000
0100000000000000
0100000000000000
0100000000000000
0100000000000000
0100000000000000
0100000000000000
0100000000000000
0100000000000000
0100000000000000
0100000000000000
0100000000000000
0100000000000000
0100000000000000
0100000000000000
0100000000000000
0100000000000000
0100000000000000
0100000000000000
0100000000000000
0100000000000000
0100000000000000
0100000000000000
0100000000000000
0100000000000000
0100000000000000
0100000000000000
0100000000000000
0100000000000000
0100000000000000
0100000000000000
0100000000000000
0100000000000000
0100000000000000
0100000000000000
0100000000000000
0100000000000000
0100000000000000
0100000000000000
0100000000000000
0100000000000000
0100000000000000
0100000000000000
0100000000000000
0100000000000000
0100000000000000
0100000000000000
0100000000000000
0100000000000000
0100000000000000
0100000000000000
0100000000000000
0100000000000000
0100000000000000
0100000000000000
0100000000000000
0100000000000000
0100000000000000
0100000000000000
0100000000000000
0100000000000000
0100000000000000
0100000000000000
0100000000000000
0100000000000000
0100000000000000
0100000000000000
0100000000000000
0100000000000000
0100000000000000
0100000000000000
0100000000000000
0100000000000000
0100000000000000
0100000000000000
00fc000000000001
00f6000000000002
00f2000000000004
00e4000200020007
00d600020002000a
00c600020002000e
00b2000400040013
009d000400040018
008a00070007001d
007d000700070020
0072000800080023
0070000800080023
0072000800080024
007c000700070021
008c00070007001d
009d000500050019
00b2000400040012
00c400030003000f
00d500020002000a
00e3000200020007
00f0000000000003
00f7000000000003
00fc000000000001
0100000000000000
0100000000000000
0100000000000000
0100000000000000
0100000000000000
0100000000000000
0100000000000000
0100000000000000
0100000000000000
0100000000000000
0100000000000000
0100000000000000
0100000000000000
0100000000000000
0100000000000000
0100000000000000
0100000000000000
0100000000000000
0100000000000000
0100000000000000
0100000000000000
0100000000000000
0100000000000000
0100000000000000
0100000000000000
0100000000000000
0100000000000000
0100000000000000
0100000000000000
0100000000000000
0100000000000000
0100000000000000
0100000000000000
0100000000000000
0100000000000000
0100000000000000
0100000000000000
0100000000000000
0100000000000000
0100000000000000
0100000000000000
0100000000000000
0100000000000000
0100000000000000
0100000000000000
0100000000000000
0100000000000000
0100000000000000
0100000000000000
0100000000000000
0100000000000000
0100000000000000
0100000000000000
0100000000000000
0100000000000000
0100000000000000
0100000000000000
0100000000000000
0100000000000000
0100000000000000
0100000000000000
0100000000000000
0100000000000000
0100000000000000
0100000000000000
0100000000000000
0100000000000000
0100000000000000
0100000000000000
0100000000000000
0100000000000000
0100000000000000
0100000000000000
0100000000000000
0100000000000000
0100000000000000
0100000000000000
0100000000000000
0100000000000000
0100000000000000
0100000000000000
0100000000000000
0100000000000000
0100000000000000
0100000000000000
0100000000000000
0100000000000000
0100000000000000
0100000000000000
0100000000000000
0100000000000000
0100000000000000
0100000000000000
0100000000000000
0100000000000000
0100000000000000
0100000000000000
0100000000000000
0100000000000000
0100000000000000
0100000000000000
0100000000000000
0100000000000000
0100000000000000
00fc000000000001
00fa000000000002
00f6000000000002
00e8000200020005
00db00020002000a
00c800020002000d
00b1000400040013
009500070007001b
007d00070007001f
0066000900090026
005600090009002a
004b000a000a002c
0047000a000a002e
004a00090009002d
005400090009002b
0063000800080028
007a000700070020
009000060006001c
00aa000400040014
00c200030003000f
00d500030003000a
00e6000000000007
00f2000000000003
00fa000000000001
0100000000000000
0100000000000000
0100000000000000
0100000000000000
0100000000000000
0100000000000000
0100000000000000
0100000000000000
0100000000000000
0100000000000000
0100000000000000
0100000000000000
0100000000000000
0100000000000000
0100000000000000
0100000000000000
0100000000000000
0100000000000000
0100000000000000
0100000000000000
0100000000000000
0100000000000000
0100000000000000
0100000000000000
0100000000000000
0100000000000000
0100000000000000
0100000000000000
0100000000000000
0100000000000000
0100000000000000
0100000000000000
0100000000000000
0100000000000000
0100000000000000
0100000000000000
0100000000000000
0100000000000000
0100000000000000
0100000000000000
0100000000000000
0100000000000000
0100000000000000
0100000000000000
0100000000000000
0100000000000000
0100000000000000
0100000000000000
0100000000000000
0100000000000000
0100000000000000
0100000000000000
0100000000000000
0100000000000000
0100000000000000
0100000000000000
0100000000000000
0100000000000000
0100000000000000
0100000000000000
0100000000000000
0100000000000000
0100000000000000
0100000000000000
0100000000000000
0100000000000000
0100000000000000
0100000000000000
0100000000000000
0100000000000000
0100000000000000
0100000000000000
0100000000000000
0100000000000000
0100000000000000
0100000000000000
0100000000000000
0100000000000000
0100000000000000
0100000000000000
0100000000000000
0100000000000000
0100000000000000
0100000000000000
0100000000000000
0100000000000000
0100000000000000
0100000000000000
0100000000000000
0100000000000000
0100000000000000
0100000000000000
0100000000000000
0100000000000000
0100000000000000
0100000000000000
0100000000000000
0100000000000000
0100000000000000
0100000000000000
0100000000000000
0100000000000000
0100000000000000
0100000000000000
00fc000000000001
00f8000000000002
00f0000000000005
00e1000200020007
00ce00020002000c
00b7000300030012
009c000500050019
007b000700070021
005c000900090028
0044000a000a002f
0033000b000b0033
0028000c000c0035
0024000c000c0037
0026000b000b0036
002e000b000b0034
003e00090009002f
005300090009002b
006d000700070024
008a00070007001d
00a7000500050016
00c600030003000e
00d8000300030008
00eb000000000005
00f3000000000004
00fa000000000001
0100000000000000
0100000000000000
0100000000000000
0100000000000000
0100000000000000
0100000000000000
0100000000000000
0100000000000000
0100000000000000
0100000000000000
0100000000000000
0100000000000000
0100000000000000
0100000000000000
0100000000000000
0100000000000000
0100000000000000
0100000000000000
0100000000000000
0100000000000000
0100000000000000
0100000000000000
0100000000000000
0100000000000000
0100000000000000
0100000000000000
0100000000000000
0100000000000000
0100000000000000
0100000000000000
0100000000000000
0100000000000000
0100000000000000
0100000000000000
0100000000000000
0100000000000000
0100000000000000
0100000000000000
0100000000000000
0100000000000000
0100000000000000
0100000000000000
0100000000000000
0100000000000000
0100000000000000
0100000000000000
0100000000000000
0100000000000000
0100000000000000
0100000000000000
0100000000000000
0100000000000000
0100000000000000
0100000000000000
0100000000000000
0100000000000000
0100000000000000
0100000000000000
0100000000000000
0100000000000000
0100000000000000
0100000000000000
0100000000000000
0100000000000000
0100000000000000
0100000000000000
0100000000000000
0100000000000000
0100000000000000
0100000000000000
0100000000000000
0100000000000000
0100000000000000
0100000000000000
0100000000000000
0100000000000000
0100000000000000
0100000000000000
0100000000000000
0100000000000000
0100000000000000
0100000000000000
0100000000000000
0100000000000000
0100000000000000
0100000000000000
0100000000000000
0100000000000000
0100000000000000
0100000000000000
0100000000000000
0100000000000000
0100000000000000
0100000000000000
0100000000000000
0100000000000000
0100000000000000
0100000000000000
0100000000000000
0100000000000000
0100000000000000
0100000000000000
0100000000000000
00fa000000000002
00f6000000000002
00eb000000000005
00db000200020009
00c600020002000e
00a8000500050016
008300070007001d
005f000900090028
0040000b000b002f
0029000b000b0035
001a000c000c0038
0010000c000c003a
000f000c000c003b
000f000d000d003b
0015000c000c003b
0020000b000b0037
0032000a000a0032
004b00080008002b
0069000800080025
008c00060006001d
00ab000400040016
00c700040004000d
00df000000000008
00eb000000000005
00f7000000000002
0100000000000000
0100000000000000
0100000000000000
0100000000000000
0100000000000000
0100000000000000
0100000000000000
0100000000000000
0100000000000000
0100000000000000
0100000000000000
0100000000000000
0100000000000000
0100000000000000
0100000000000000
0100000000000000
0100000000000000
0100000000000000
0100000000000000
0100000000000000
0100000000000000
0100000000000000
0100000000000000
0100000000000000
0100000000000000
0100000000000000
0100000000000000
0100000000000000
0100000000000000
0100000000000000
0100000000000000
0100000000000000
0100000000000000
0100000000000000
0100000000000000
0100000000000000
0100000000000000
0100000000000000
0100000000000000
0100000000000000
0100000000000000
0100000000000000
0100000000000000
0100000000000000
0100000000000000
0100000000000000
0100000000000000
0100000000000000
0100000000000000
0100000000000000
0100000000000000
0100000000000000
0100000000000000
0100000000000000
0100000000000000
0100000000000000
0100000000000000
0100000000000000
0100000000000000
0100000000000000
0100000000000000
0100000000000000
0100000000000000
0100000000000000
0100000000000000
0100000000000000
0100000000000000
0100000000000000
0100000000000000
0100000000000000
0100000000000000
0100000000000000
0100000000000000
0100000000000000
0100000000000000
0100000000000000
0100000000000000
0100000000000000
0100000000000000
0100000000000000
0100000000000000
0100000000000000
0100000000000000
0100000000000000
0100000000000000
0100000000000000
0100000000000000
0100000000000000
0100000000000000
0100000000000000
0100000000000000
0100000000000000
0100000000000000
0100000000000000
0100000000000000
0100000000000000
0100000000000000
0100000000000000
0100000000000000
0100000000000000
0100000000000000
0100000000000000
0100000000000000
00fa000000000002
00f4000000000003
00e6000200020005
00d500020002000b
00bb000300030011
009900060006001a
0071000700070024
004b000a000a002d
002b000b000b0034
0016000d000d0039
000b000c000c003d
0005000e000e003e
0003000e000e003e
0003000d000d003e
0007000d000d003c
000e000c000c003b
001a000c000c0038
002f000d000d0034
004b00090009002e
006e000800080023
009400050005001a
00b6000400040012
00cf00040004000b
00e5000000000006
00f0000000000004
00fc000000000001
0100000000000000
0100000000000000
0100000000000000
0100000000000000
0100000000000000
0100000000000000
0100000000000000
0100000000000000
0100000000000000
0100000000000000
0100000000000000
0100000000000000
0100000000000000
0100000000000000
0100000000000000
0100000000000000
0100000000000000
0100000000000000
0100000000000000
0100000000000000
0100000000000000
0100000000000000
0100000000000000
0100000000000000
0100000000000000
0100000000000000
0100000000000000
0100000000000000
0100000000000000
0100000000000000
0100000000000000
0100000000000000
0100000000000000
0100000000000000
0100000000000000
0100000000000000
0100000000000000
0100000000000000
0100000000000000
0100000000000000
0100000000000000
0100000000000000
0100000000000000
0100000000000000
0100000000000000
0100000000000000
0100000000000000
0100000000000000
0100000000000000
0100000000000000
0100000000000000
0100000000000000
0100000000000000
0100000000000000
0100000000000000
0100000000000000
0100000000000000
0100000000000000
0100000000000000
0100000000000000
0100000000000000
0100000000000000
0100000000000000
0100000000000000
0100000000000000
0100000000000000
0100000000000000
0100000000000000
0100000000000000
0100000000000000
0100000000000000
0100000000000000
0100000000000000
0100000000000000
0100000000000000
0100000000000000
0100000000000000
0100000000000000
0100000000000000
0100000000000000
0100000000000000
0100000000000000
0100000000000000
0100000000000000
0100000000000000
0100000000000000
0100000000000000
0100000000000000
0100000000000000
0100000000000000
0100000000000000
0100000000000000
0100000000000000
0100000000000000
0100000000000000
0100000000000000
0100000000000000
0100000000000000
0100000000000000
0100000000000000
0100000000000000
0100000000000000
00fa000000000002
00f3000000000003
00e2000200020008
00cf00030003000c
00b1000400040015
008b00060006001c
0061000800080027
003a000a000a002f
001e000b000b0039
000b000d000d003d
0003000d000d003e
0000000d000d003f
0000000d000d0040
0000000d000d0040
0001000d000d003e
0004000d000d003e
000b000c000c003c
0019000d000d0039
0031000b000b0033
0053000900090029
007a000700070020
009e000500050017
00bf00040004000e
00dc000100010008
00ea000000000006
00f9000000000002
00fe000000000001
0100000000000000
0100000000000000
0100000000000000
0100000000000000
0100000000000000
0100000000000000
0100000000000000
0100000000000000
0100000000000000
0100000000000000
0100000000000000
0100000000000000
0100000000000000
0100000000000000
0100000000000000
0100000000000000
0100000000000000
0100000000000000
0100000000000000
0100000000000000
0100000000000000
0100000000000000
0100000000000000
0100000000000000
0100000000000000
0100000000000000
0100000000000000
0100000000000000
0100000000000000
0100000000000000
0100000000000000
0100000000000000
0100000000000000
0100000000000000
0100000000000000
0100000000000000
0100000000000000
0100000000000000
0100000000000000
0100000000000000
0100000000000000
0100000000000000
0100000000000000
0100000000000000
0100000000000000
0100000000000000
0100000000000000
0100000000000000
0100000000000000
0100000000000000
0100000000000000
0100000000000000
0100000000000000
0100000000000000
0100000000000000
0100000000000000
0100000000000000
0100000000000000
0100000000000000
0100000000000000
0100000000000000
0100000000000000
0100000000000000
0100000000000000
0100000000000000
0100000000000000
0100000000000000
0100000000000000
0100000000000000
0100000000000000
0100000000000000
0100000000000000
0100000000000000
0100000000000000
0100000000000000
0100000000000000
0100000000000000
0100000000000000
0100000000000000
0100000000000000
0100000000000000
0100000000000000
0100000000000000
0100000000000000
0100000000000000
0100000000000000
0100000000000000
0100000000000000
0100000000000000
0100000000000000
0100000000000000
0100000000000000
0100000000000000
0100000000000000
0100000000000000
0100000000000000
0100000000000000
0100000000000000
0100000000000000
0100000000000000
0100000000000000
00f8000000000003
00f3000000000003
00e2000200020008
00cd00030003000d
00ab000400040016
008200060006001f
0057000800080029
0031000b000b0032
0015000d000d0039
0006000d000d003e
0000000c000c003f
0000000d000d003f
0000000e000e003e
0000000e000e0040
0000000d000d0040
0000000e000e003e
0003000c000c003e
000c000c000c003d
001e000c000c0037
003a000a000a0030
005f000900090027
008800060006001e
00ac000500050016
00c800030003000c
00e3000000000007
00f4000000000003
00fc000000000001
0100000000000000
0100000000000000
0100000000000000
0100000000000000
0100000000000000
0100000000000000
0100000000000000
0100000000000000
0100000000000000
0100000000000000
0100000000000000
0100000000000000
0100000000000000
0100000000000000
0100000000000000
0100000000000000
0100000000000000
0100000000000000
0100000000000000
0100000000000000
0100000000000000
0100000000000000
0100000000000000
0100000000000000
0100000000000000
0100000000000000
0100000000000000
0100000000000000
0100000000000000
0100000000000000
0100000000000000
0100000000000000
0100000000000000
0100000000000000
0100000000000000
0100000000000000
0100000000000000
0100000000000000
0100000000000000
0100000000000000
0100000000000000
0100000000000000
0100000000000000
0100000000000000
0100000000000000
0100000000000000
0100000000000000
0100000000000000
0100000000000000
0100000000000000
0100000000000000
0100000000000000
0100000000000000
0100000000000000
0100000000000000
0100000000000000
0100000000000000
0100000000000000
0100000000000000
0100000000000000
0100000000000000
0100000000000000
0100000000000000
0100000000000000
0100000000000000
0100000000000000
0100000000000000
0100000000000000
0100000000000000
0100000000000000
0100000000000000
0100000000000000
0100000000000000
0100000000000000
0100000000000000
0100000000000000
0100000000000000
0100000000000000
0100000000000000
0100000000000000
0100000000000000
0100000000000000
0100000000000000
0100000000000000
0100000000000000
0100000000000000
0100000000000000
0100000000000000
0100000000000000
0100000000000000
0100000000000000
0100000000000000
0100000000000000
0100000000000000
0100000000000000
0100000000000000
0100000000000000
0100000000000000
0100000000000000
0100000000000000
0100000000000000
00f8000000000003
00f2000000000003
00e0000200020009
00c900030003000d
00a6000500050015
007c000700070020
0052000a000a002a
002b000c000c0035
0010000d000d003b
0004000c000c003d
0000000d000d003e
0000000d000d003f
0000000c000c003e
0000000d000d0041
0000000d000d003f
0000000d000d0040
0000000d000d0040
0006000d000d003c
0012000c000c003a
0027000c000c0035
0047000a000a002f
006e000800080024
009700060006001a
00bd00030003000f
00d500020002000b
00ef000000000004
00f8000000000002
00fc000000000001
0100000000000000
0100000000000000
0100000000000000
0100000000000000
0100000000000000
0100000000000000
0100000000000000
0100000000000000
0100000000000000
0100000000000000
0100000000000000
0100000000000000
0100000000000000
0100000000000000
0100000000000000
0100000000000000
0100000000000000
0100000000000000
0100000000000000
0100000000000000
0100000000000000
0100000000000000
0100000000000000
0100000000000000
0100000000000000
0100000000000000
0100000000000000
0100000000000000
0100000000000000
0100000000000000
0100000000000000
0100000000000000
0100000000000000
0100000000000000
0100000000000000
0100000000000000
0100000000000000
0100000000000000
0100000000000000
0100000000000000
0100000000000000
0100000000000000
0100000000000000
0100000000000000
0100000000000000
0100000000000000
0100000000000000
0100000000000000
0100000000000000
0100000000000000
0100000000000000
0100000000000000
0100000000000000
0100000000000000
0100000000000000
0100000000000000
0100000000000000
0100000000000000
0100000000000000
0100000000000000
0100000000000000
0100000000000000
0100000000000000
0100000000000000
0100000000000000
0100000000000000
0100000000000000
0100000000000000
0100000000000000
0100000000000000
0100000000000000
0100000000000000
0100000000000000
0100000000000000
0100000000000000
0100000000000000
0100000000000000
0100000000000000
0100000000000000
0100000000000000
0100000000000000
0100000000000000
0100000000000000
0100000000000000
0100000000000000
0100000000000000
0100000000000000
0100000000000000
0100000000000000
0100000000000000
0100000000000000
0100000000000000
0100000000000000
0100000000000000
0100000000000000
0100000000000000
0100000000000000
0100000000000000
0100000000000000
0100000000000000
00f8000000000003
00f0000000000003
00e1000300030007
00ca00030003000e
00a5000400040016
007e000700070021
004f000a000a002c
0029000b000b0036
0011000c000c003a
0004000c000c003c
0000000d000d0040
0000000d000d0040
0000000d000d003f
0000000e000e003f
0000000d000d003f
0000000d000d0040
0000000e000e003f
0002000f000f003e
0008000c000c003c
0018000d000d0038
0033000a000a0033
0058000800080029
0080000800080020
00aa000300030013
00c800020002000e
00e5000100010007
00f3000000000003
00f9000000000002
0100000000000000
0100000000000000
0100000000000000
0100000000000000
0100000000000000
0100000000000000
0100000000000000
0100000000000000
0100000000000000
0100000000000000
0100000000000000
0100000000000000
0100000000000000
0100000000000000
0100000000000000
0100000000000000
0100000000000000
0100000000000000
0100000000000000
0100000000000000
0100000000000000
0100000000000000
0100000000000000
0100000000000000
0100000000000000
0100000000000000
0100000000000000
0100000000000000
0100000000000000
0100000000000000
0100000000000000
0100000000000000
0100000000000000
0100000000000000
0100000000000000
0100000000000000
0100000000000000
0100000000000000
0100000000000000
0100000000000000
0100000000000000
0100000000000000
0100000000000000
0100000000000000
0100000000000000
0100000000000000
0100000000000000
0100000000000000
0100000000000000
0100000000000000
0100000000000000
0100000000000000
0100000000000000
0100000000000000
0100000000000000
0100000000000000
0100000000000000
0100000000000000
0100000000000000
0100000000000000
0100000000000000
0100000000000000
0100000000000000
0100000000000000
0100000000000000
0100000000000000
0100000000000000
0100000000000000
0100000000000000
0100000000000000
0100000000000000
0100000000000000
0100000000000000
0100000000000000
0100000000000000
0100000000000000
0100000000000000
0100000000000000
0100000000000000
0100000000000000
0100000000000000
0100000000000000
0100000000000000
0100000000000000
0100000000000000
0100000000000000
0100000000000000
0100000000000000
0100000000000000
0100000000000000
0100000000000000
0100000000000000
0100000000000000
0100000000000000
0100000000000000
0100000000000000
0100000000000000
0100000000000000
0100000000000000
0100000000000000
00fa000000000001
00f1000000000003
00e3000000000008
00cd00030003000c
00aa000400040014
007e000700070020
005300090009002b
002b000b000b0034
0011000c000c003c
0004000d000d003d
0000000e000e003f
0000000d000d003f
0000000d000d003f
0000000d000d0040
0000000d000d003f
0000000d000d0040
0000000e000e0040
0000000e000e003e
0004000d000d003e
000d000e000e003d
0022000b000b0035
0041000b000b002d
006a000a000a0023
009300040004001a
00b9000300030013
00d9000200020009
00ed000000000004
00f6000000000003
00fc000000000001
0100000000000000
0100000000000000
0100000000000000
0100000000000000
0100000000000000
0100000000000000
0100000000000000
0100000000000000
0100000000000000
0100000000000000
0100000000000000
0100000000000000
0100000000000000
0100000000000000
0100000000000000
0100000000000000
0100000000000000
0100000000000000
0100000000000000
0100000000000000
0100000000000000
0100000000000000
0100000000000000
0100000000000000
0100000000000000
0100000000000000
0100000000000000
0100000000000000
0100000000000000
0100000000000000
0100000000000000
0100000000000000
0100000000000000
0100000000000000
0100000000000000
0100000000000000
0100000000000000
0100000000000000
0100000000000000
0100000000000000
0100000000000000
0100000000000000
0100000000000000
0100000000000000
0100000000000000
0100000000000000
0100000000000000
0100000000000000
0100000000000000
0100000000000000
0100000000000000
0100000000000000
0100000000000000
0100000000000000
0100000000000000
0100000000000000
0100000000000000
0100000000000000
0100000000000000
0100000000000000
0100000000000000
0100000000000000
0100000000000000
0100000000000000
0100000000000000
0100000000000000
0100000000000000
0100000000000000
0100000000000000
0100000000000000
0100000000000000
0100000000000000
0100000000000000
0100000000000000
0100000000000000
0100000000000000
0100000000000000
0100000000000000
0100000000000000
0100000000000000
0100000000000000
0100000000000000
0100000000000000
0100000000000000
0100000000000000
0100000000000000
0100000000000000
0100000000000000
0100000000000000
0100000000000000
0100000000000000
0100000000000000
0100000000000000
0100000000000000
0100000000000000
0100000000000000
0100000000000000
0100000000000000
0100000000000000
00fa000000000001
00f3000000000003
00e5000000000008
00cf00030003000c
00ad000300030015
008400060006001f
0057000800080029
0030000b000b0033
0014000c000c003c
0006000d000d003e
0000000d000d0040
0000000d000d003f
0000000d000d003f
0000000d000d0040
0000000e000e003f
0000000d000d003f
0000000e000e003f
0000000d000d003f
0001000c000c003e
0007000d000d003e
0015000c000c003a
0030000b000b0033
0056000a000a0028
007f000700070020
00a6000300030016
00cc00030003000c
00e4000200020007
00f1000000000003
00fb000000000002
00fe000000000001
0100000000000000
0100000000000000
0100000000000000
0100000000000000
0100000000000000
0100000000000000
0100000000000000
0100000000000000
0100000000000000
0100000000000000
0100000000000000
0100000000000000
0100000000000000
0100000000000000
0100000000000000
0100000000000000
0100000000000000
0100000000000000
0100000000000000
0100000000000000
0100000000000000
0100000000000000
0100000000000000
0100000000000000
0100000000000000
0100000000000000
0100000000000000
0100000000000000
0100000000000000
0100000000000000
0100000000000000
0100000000000000
0100000000000000
0100000000000000
0100000000000000
0100000000000000
0100000000000000
0100000000000000
0100000000000000
0100000000000000
0100000000000000
0100000000000000
0100000000000000
0100000000000000
0100000000000000
0100000000000000
0100000000000000
0100000000000000
0100000000000000
0100000000000000
0100000000000000
0100000000000000
0100000000000000
0100000000000000
0100000000000000
0100000000000000
0100000000000000
0100000000000000
0100000000000000
0100000000000000
0100000000000000
0100000000000000
0100000000000000
0100000000000000
0100000000000000
0100000000000000
0100000000000000
0100000000000000
0100000000000000
0100000000000000
0100000000000000
0100000000000000
0100000000000000
0100000000000000
0100000000000000
0100000000000000
0100000000000000
0100000000000000
0100000000000000
0100000000000000
0100000000000000
0100000000000000
0100000000000000
0100000000000000
0100000000000000
0100000000000000
0100000000000000
0100000000000000
0100000000000000
0100000000000000
0100000000000000
0100000000000000
0100000000000000
0100000000000000
0100000000000000
0100000000000000
0100000000000000
0100000000000000
00fa000000000001
00f5000000000003
00e8000000000006
00d400030003000a
00b5000400040012
008e00060006001c
0060000800080027
0037000b000b0031
0019000d000d0039
0008000c000c003d
0000000d000d003f
0000000d000d003f
0000000c000c003e
0000000d000d003f
0000000d000d0040
0000000d000d003f
0000000c000c0040
0000000e000e0040
0000000d000d003d
0003000c000c003e
000e000d000d003b
0022000c000c0038
0041000800080030
0069000700070025
009300040004001b
00bb000300030012
00d9000200020009
00eb000000000005
00f6000000000002
00fe000000000001
0100000000000000
0100000000000000
0100000000000000
0100000000000000
0100000000000000
0100000000000000
0100000000000000
0100000000000000
0100000000000000
0100000000000000
0100000000000000
0100000000000000
0100000000000000
0100000000000000
0100000000000000
0100000000000000
0100000000000000
0100000000000000
0100000000000000
0100000000000000
0100000000000000
0100000000000000
0100000000000000
0100000000000000
0100000000000000
0100000000000000
0100000000000000
0100000000000000
0100000000000000
0100000000000000
0100000000000000
0100000000000000
0100000000000000
0100000000000000
0100000000000000
0100000000000000
0100000000000000
0100000000000000
0100000000000000
0100000000000000
0100000000000000
0100000000000000
0100000000000000
0100000000000000
0100000000000000
0100000000000000
0100000000000000
0100000000000000
0100000000000000
0100000000000000
0100000000000000
0100000000000000
0100000000000000
0100000000000000
0100000000000000
0100000000000000
0100000000000000
0100000000000000
0100000000000000
0100000000000000
0100000000000000
0100000000000000
0100000000000000
0100000000000000
0100000000000000
0100000000000000
0100000000000000
0100000000000000
0100000000000000
0100000000000000
0100000000000000
0100000000000000
0100000000000000
0100000000000000
0100000000000000
0100000000000000
0100000000000000
0100000000000000
0100000000000000
0100000000000000
0100000000000000
0100000000000000
0100000000000000
0100000000000000
0100000000000000
0100000000000000
0100000000000000
0100000000000000
0100000000000000
0100000000000000
0100000000000000
0100000000000000
0100000000000000
0100000000000000
0100000000000000
0100000000000000
0100000000000000
0100000000000000
00fe000000000001
00f8000000000001
00ea000000000005
00d900010001000a
00bc000400040010
009700060006001a
006c000900090025
004200090009002f
0020000b000b0036
000b000d000d003b
0002000c000c0040
0000000d000d0040
0000000d000d003f
0000000e000e003f
0000000e000e003f
0000000e000e0040
0000000c000c0040
0000000f000f003e
0000000f000f003e
0000000e000e003f
0007000c000c003e
0015000b000b003a
002f000b000b0033
005300090009002a
007e00070007001e
00aa000500050015
00ca00030003000c
00e3000100010008
00f2000000000003
00fa000000000001
00fe000000000001
0100000000000000
0100000000000000
0100000000000000
0100000000000000
0100000000000000
0100000000000000
0100000000000000
0100000000000000
0100000000000000
0100000000000000
0100000000000000
0100000000000000
0100000000000000
0100000000000000
0100000000000000
0100000000000000
0100000000000000
0100000000000000
0100000000000000
0100000000000000
0100000000000000
0100000000000000
0100000000000000
0100000000000000
0100000000000000
0100000000000000
0100000000000000
0100000000000000
0100000000000000
0100000000000000
0100000000000000
0100000000000000
0100000000000000
0100000000000000
0100000000000000
0100000000000000
0100000000000000
0100000000000000
0100000000000000
0100000000000000
0100000000000000
0100000000000000
0100000000000000
0100000000000000
0100000000000000
0100000000000000
0100000000000000
0100000000000000
0100000000000000
0100000000000000
0100000000000000
0100000000000000
0100000000000000
0100000000000000
0100000000000000
0100000000000000
0100000000000000
0100000000000000
0100000000000000
0100000000000000
0100000000000000
0100000000000000
0100000000000000
0100000000000000
0100000000000000
0100000000000000
0100000000000000
0100000000000000
0100000000000000
0100000000000000
0100000000000000
0100000000000000
0100000000000000
0100000000000000
0100000000000000
0100000000000000
0100000000000000
0100000000000000
0100000000000000
0100000000000000
0100000000000000
0100000000000000
0100000000000000
0100000000000000
0100000000000000
0100000000000000
0100000000000000
0100000000000000
0100000000000000
0100000000000000
0100000000000000
0100000000000000
0100000000000000
0100000000000000
0100000000000000
0100000000000000
0100000000000000
00fe000000000001
00f6000000000002
00ef000000000004
00de000100010008
00c600020002000e
00a3000600060018
0077000800080022
004c00090009002d
002a000b000b0033
0011000c000c0039
0005000d000d003d
0000000d000d003f
0000000c000c003e
0000000d000d003f
0000000d000d003e
0000000d000d0040
0000000d000d0040
0000000c000c003e
0000000c000c0040
0000000d000d0041
0003000d000d003d
000d000b000b003b
0021000d000d0036
003f000900090030
0068000700070024
0096000500050019
00ba000300030013
00d800020002000b
00eb000100010004
00f7000000000002
00fc000000000001
0100000000000000
0100000000000000
0100000000000000
0100000000000000
0100000000000000
0100000000000000
0100000000000000
0100000000000000
0100000000000000
0100000000000000
0100000000000000
0100000000000000
0100000000000000
0100000000000000
0100000000000000
0100000000000000
0100000000000000
0100000000000000
0100000000000000
0100000000000000
0100000000000000
0100000000000000
0100000000000000
0100000000000000
0100000000000000
0100000000000000
0100000000000000
0100000000000000
0100000000000000
0100000000000000
0100000000000000
0100000000000000
0100000000000000
0100000000000000
0100000000000000
0100000000000000
0100000000000000
0100000000000000
0100000000000000
0100000000000000
0100000000000000
0100000000000000
0100000000000000
0100000000000000
0100000000000000
0100000000000000
0100000000000000
0100000000000000
0100000000000000
0100000000000000
0100000000000000
0100000000000000
0100000000000000
0100000000000000
0100000000000000
0100000000000000
0100000000000000
0100000000000000
0100000000000000
0100000000000000
0100000000000000
0100000000000000
0100000000000000
0100000000000000
0100000000000000
0100000000000000
0100000000000000
0100000000000000
0100000000000000
0100000000000000
0100000000000000
0100000000000000
0100000000000000
0100000000000000
0100000000000000
0100000000000000
0100000000000000
0100000000000000
0100000000000000
0100000000000000
0100000000000000
0100000000000000
0100000000000000
0100000000000000
0100000000000000
0100000000000000
0100000000000000
0100000000000000
0100000000000000
0100000000000000
0100000000000000
0100000000000000
0100000000000000
0100000000000000
0100000000000000
0100000000000000
0100000000000000
0100000000000000
00fb000000000002
00f2000000000003
00e2000100010006
00cb00020002000c
00ad000300030015
008500080008001d
005b000900090027
0035000c000c0031
001a000b000b0038
0009000c000c003c
0001000c000c003f
0000000c000c003e
0000000e000e0040
0000000d000d003f
0000000d000d0040
0000000e000e003f
0000000c000c0041
0000000d000d003f
0000000c000c003f
0001000e000e003d
0007000d000d003d
0015000e000e0039
002f000a000a0032
005400080008002b
007f00050005001e
00ac000400040015
00cc00020002000d
00e2000200020008
00f4000000000002
00fa000000000002
0100000000000000
0100000000000000
0100000000000000
0100000000000000
0100000000000000
0100000000000000
0100000000000000
0100000000000000
0100000000000000
0100000000000000
0100000000000000
0100000000000000
0100000000000000
0100000000000000
0100000000000000
0100000000000000
0100000000000000
0100000000000000
0100000000000000
0100000000000000
0100000000000000
0100000000000000
0100000000000000
0100000000000000
0100000000000000
0100000000000000
0100000000000000
0100000000000000
0100000000000000
0100000000000000
0100000000000000
0100000000000000
0100000000000000
0100000000000000
0100000000000000
0100000000000000
0100000000000000
0100000000000000
0100000000000000
0100000000000000
0100000000000000
0100000000000000
0100000000000000
0100000000000000
0100000000000000
0100000000000000
0100000000000000
0100000000000000
0100000000000000
0100000000000000
0100000000000000
0100000000000000
0100000000000000
0100000000000000
0100000000000000
0100000000000000
0100000000000000
0100000000000000
0100000000000000
0100000000000000
0100000000000000
0100000000000000
0100000000000000
0100000000000000
0100000000000000
0100000000000000
0100000000000000
0100000000000000
0100000000000000
0100000000000000
0100000000000000
0100000000000000
0100000000000000
0100000000000000
0100000000000000
0100000000000000
0100000000000000
0100000000000000
0100000000000000
0100000000000000
0100000000000000
0100000000000000
0100000000000000
0100000000000000
0100000000000000
0100000000000000
0100000000000000
0100000000000000
0100000000000000
0100000000000000
0100000000000000
0100000000000000
0100000000000000
0100000000000000
0100000000000000
0100000000000000
0100000000000000
0100000000000000
00fc000000000001
00f6000000000003
00e6000000000006
00d400020002000c
00b8000300030012
009200040004001b
0069000700070024
0042000900090030
0022000b000b0037
000e000b000b003b
0002000d000d003f
0000000d000d003d
0000000c000c003e
0000000d000d003f
0000000d000d003f
0000000c000c003e
0000000d000d003d
0000000d000d003e
0000000c000c003e
0000000d000d003e
0003000d000d003f
000c000c000c003c
0020000c000c0036
0040000a000a002f
006b000700070023
009300060006001b
00c0000200020011
00da000200020009
00ee000000000005
00f6000000000002
00fe000000000001
0100000000000000
0100000000000000
0100000000000000
0100000000000000
0100000000000000
0100000000000000
0100000000000000
0100000000000000
0100000000000000
0100000000000000
0100000000000000
0100000000000000
0100000000000000
0100000000000000
0100000000000000
0100000000000000
0100000000000000
0100000000000000
0100000000000000
0100000000000000
0100000000000000
0100000000000000
0100000000000000
0100000000000000
0100000000000000
0100000000000000
0100000000000000
0100000000000000
0100000000000000
0100000000000000
0100000000000000
0100000000000000
0100000000000000
0100000000000000
0100000000000000
0100000000000000
0100000000000000
0100000000000000
0100000000000000
0100000000000000
0100000000000000
0100000000000000
0100000000000000
0100000000000000
0100000000000000
0100000000000000
0100000000000000
0100000000000000
0100000000000000
0100000000000000
0100000000000000
0100000000000000
0100000000000000
0100000000000000
0100000000000000
0100000000000000
0100000000000000
0100000000000000
0100000000000000
0100000000000000
0100000000000000
0100000000000000
0100000000000000
0100000000000000
0100000000000000
0100000000000000
0100000000000000
0100000000000000
0100000000000000
0100000000000000
0100000000000000
0100000000000000
0100000000000000
0100000000000000
0100000000000000
0100000000000000
0100000000000000
0100000000000000
0100000000000000
0100000000000000
0100000000000000
0100000000000000
0100000000000000
0100000000000000
0100000000000000
0100000000000000
0100000000000000
0100000000000000
0100000000000000
0100000000000000
0100000000000000
0100000000000000
0100000000000000
0100000000000000
0100000000000000
0100000000000000
0100000000000000
00fe000000000001
00f8000000000003
00ed000000000003
00d900020002000a
00c000030003000f
009d000300030018
0077000600060021
004e00080008002b
002c000900090034
0014000b000b003c
0005000c000c003e
0000000d000d003d
0000000d000d0040
0000000d000d003e
0000000e000e003f
0000000d000d003e
0000000d000d003e
0000000d000d003e
0000000e000e003d
0000000c000c003e
0001000b000b003d
0007000c000c003d
0016000c000c0038
0031000c000c0032
0057000700070027
0081000600060020
00ad000400040015
00cc00030003000d
00e4000100010007
00f3000000000003
00fb000000000001
0100000000000000
0100000000000000
0100000000000000
0100000000000000
0100000000000000
0100000000000000
0100000000000000
0100000000000000
0100000000000000
0100000000000000
0100000000000000
0100000000000000
0100000000000000
0100000000000000
0100000000000000
0100000000000000
0100000000000000
0100000000000000
0100000000000000
0100000000000000
0100000000000000
0100000000000000
0100000000000000
0100000000000000
0100000000000000
0100000000000000
0100000000000000
0100000000000000
0100000000000000
0100000000000000
0100000000000000
0100000000000000
0100000000000000
0100000000000000
0100000000000000
0100000000000000
0100000000000000
0100000000000000
0100000000000000
0100000000000000
0100000000000000
0100000000000000
0100000000000000
0100000000000000
0100000000000000
0100000000000000
0100000000000000
0100000000000000
0100000000000000
0100000000000000
0100000000000000
0100000000000000
0100000000000000
0100000000000000
0100000000000000
0100000000000000
0100000000000000
0100000000000000
0100000000000000
0100000000000000
0100000000000000
0100000000000000
0100000000000000
0100000000000000
0100000000000000
0100000000000000
0100000000000000
0100000000000000
0100000000000000
0100000000000000
0100000000000000
0100000000000000
0100000000000000
0100000000000000
0100000000000000
0100000000000000
0100000000000000
0100000000000000
0100000000000000
0100000000000000
0100000000000000
0100000000000000
0100000000000000
0100000000000000
0100000000000000
0100000000000000
0100000000000000
0100000000000000
0100000000000000
0100000000000000
0100000000000000
0100000000000000
0100000000000000
0100000000000000
0100000000000000
0100000000000000
0100000000000000
0100000000000000
00f8000000000002
00f1000000000003
00e0000200020007
00c900030003000e
00aa000400040016
008400060006001e
005c000700070029
0036000a000a0033
001a000c000c0038
0009000b000b003c
0001000d000d003d
0000000d000d003e
0000000d000d0040
0000000d000d003f
0000000d000d003f
0000000c000c003f
0000000d000d003f
0000000d000d003f
0000000e000e003e
0000000d000d003e
0004000c000c003f
000e000c000c003d
0023000c000c0036
004500080008002f
006f000700070024
009f000400040018
00c1000300030010
00dc00020002000a
00ed000000000004
00f9000000000002
00fe000000000001
0100000000000000
0100000000000000
0100000000000000
0100000000000000
0100000000000000
0100000000000000
0100000000000000
0100000000000000
0100000000000000
0100000000000000
0100000000000000
0100000000000000
0100000000000000
0100000000000000
0100000000000000
0100000000000000
0100000000000000
0100000000000000
0100000000000000
0100000000000000
0100000000000000
0100000000000000
0100000000000000
0100000000000000
0100000000000000
0100000000000000
0100000000000000
0100000000000000
0100000000000000
0100000000000000
0100000000000000
0100000000000000
0100000000000000
0100000000000000
0100000000000000
0100000000000000
0100000000000000
0100000000000000
0100000000000000
0100000000000000
0100000000000000
0100000000000000
0100000000000000
0100000000000000
0100000000000000
0100000000000000
0100000000000000
0100000000000000
0100000000000000
0100000000000000
0100000000000000
0100000000000000
0100000000000000
0100000000000000
0100000000000000
0100000000000000
0100000000000000
0100000000000000
0100000000000000
0100000000000000
0100000000000000
0100000000000000
0100000000000000
0100000000000000
0100000000000000
0100000000000000
0100000000000000
0100000000000000
0100000000000000
0100000000000000
0100000000000000
0100000000000000
0100000000000000
0100000000000000
0100000000000000
0100000000000000
0100000000000000
0100000000000000
0100000000000000
0100000000000000
0100000000000000
0100000000000000
0100000000000000
0100000000000000
0100000000000000
0100000000000000
0100000000000000
0100000000000000
0100000000000000
0100000000000000
0100000000000000
0100000000000000
0100000000000000
0100000000000000
0100000000000000
0100000000000000
0100000000000000
00f9000000000001
00f2000000000004
00e7000100010006
00d600020002000b
00b2000400040012
008e00050005001c
0067000800080025
004000090009002f
0020000c000c0036
000e000b000b0039
0003000d000d003e
0000000d000d003f
0000000c000c003f
0000000c000c003f
0000000c000c003e
0000000c000c003d
0000000c000c003f
0000000c000c003f
0000000c000c003d
0000000f000f003f
0002000f000f003e
0008000c000c003e
0018000c000c0038
0035000900090033
005c000800080028
008a00050005001d
00b4000400040013
00d300020002000b
00e8000100010006
00f5000000000002
00fe000000000001
0100000000000000
0100000000000000
0100000000000000
0100000000000000
0100000000000000
0100000000000000
0100000000000000
0100000000000000
0100000000000000
0100000000000000
0100000000000000
0100000000000000
0100000000000000
0100000000000000
0100000000000000
0100000000000000
0100000000000000
0100000000000000
0100000000000000
0100000000000000
0100000000000000
0100000000000000
0100000000000000
0100000000000000
0100000000000000
0100000000000000
0100000000000000
0100000000000000
0100000000000000
0100000000000000
0100000000000000
0100000000000000
0100000000000000
0100000000000000
0100000000000000
0100000000000000
0100000000000000
0100000000000000
0100000000000000
0100000000000000
0100000000000000
0100000000000000
0100000000000000
0100000000000000
0100000000000000
0100000000000000
0100000000000000
0100000000000000
0100000000000000
0100000000000000
0100000000000000
0100000000000000
0100000000000000
0100000000000000
0100000000000000
0100000000000000
0100000000000000
0100000000000000
0100000000000000
0100000000000000
0100000000000000
0100000000000000
0100000000000000
0100000000000000
0100000000000000
0100000000000000
0100000000000000
0100000000000000
0100000000000000
0100000000000000
0100000000000000
0100000000000000
0100000000000000
0100000000000000
0100000000000000
0100000000000000
0100000000000000
0100000000000000
0100000000000000
0100000000000000
0100000000000000
0100000000000000
0100000000000000
0100000000000000
0100000000000000
0100000000000000
0100000000000000
0100000000000000
0100000000000000
0100000000000000
0100000000000000
0100000000000000
0100000000000000
0100000000000000
0100000000000000
0100000000000000
0100000000000000
00fb000000000001
00f4000000000003
00ea000100010005
00d9000300030009
00bf000300030010
0095000400040018
0073000700070020
004c000a000a002a
002a000a000a0032
0013000c000c0039
0005000c000c003b
0000000d000d003e
0000000c000c003f
0000000c000c003f
0000000c000c003e
0000000d000d003e
0000000c000c003e
0000000d000d003c
0000000d000d003e
0000000c000c003f
0000000c000c003e
0005000d000d003c
0011000b000b003a
0029000b000b0035
004c00090009002b
0079000700070020
00a4000600060017
00c600030003000d
00e1000200020007
00f1000000000003
00fb000000000001
0100000000000000
0100000000000000
0100000000000000
0100000000000000
0100000000000000
0100000000000000
0100000000000000
0100000000000000
0100000000000000
0100000000000000
0100000000000000
0100000000000000
0100000000000000
0100000000000000
0100000000000000
0100000000000000
0100000000000000
0100000000000000
0100000000000000
0100000000000000
0100000000000000
0100000000000000
0100000000000000
0100000000000000
0100000000000000
0100000000000000
0100000000000000
0100000000000000
0100000000000000
0100000000000000
0100000000000000
0100000000000000
0100000000000000
0100000000000000
0100000000000000
0100000000000000
0100000000000000
0100000000000000
0100000000000000
0100000000000000
0100000000000000
0100000000000000
0100000000000000
0100000000000000
0100000000000000
0100000000000000
0100000000000000
0100000000000000
0100000000000000
0100000000000000
0100000000000000
0100000000000000
0100000000000000
0100000000000000
0100000000000000
0100000000000000
0100000000000000
0100000000000000
0100000000000000
0100000000000000
0100000000000000
0100000000000000
0100000000000000
0100000000000000
0100000000000000
0100000000000000
0100000000000000
0100000000000000
0100000000000000
0100000000000000
0100000000000000
0100000000000000
0100000000000000
0100000000000000
0100000000000000
0100000000000000
0100000000000000
0100000000000000
0100000000000000
0100000000000000
0100000000000000
0100000000000000
0100000000000000
0100000000000000
0100000000000000
0100000000000000
0100000000000000
0100000000000000
0100000000000000
0100000000000000
0100000000000000
0100000000000000
0100000000000000
0100000000000000
0100000000000000
0100000000000000
0100000000000000
00fe000000000001
00f5000000000003
00ec000000000004
00db00020002000a
00c600030003000f
00a7000400040015
007e00070007001e
0055000800080028
0033000a000a0031
0019000b000b0039
0009000c000c003b
0001000c000c003d
0000000e000e003f
0000000e000e0040
0000000d000d003f
0000000d000d003e
0000000c000c003f
0000000d000d0040
0000000e000e003d
0000000d000d003f
0000000e000e003e
0003000d000d003f
000c000d000d003b
001f000b000b0037
003d000a000a002e
0067000800080026
009600060006001b
00bb000300030011
00d700030003000a
00eb000000000004
00f8000000000002
00fe000000000001
0100000000000000
0100000000000000
0100000000000000
0100000000000000
0100000000000000
0100000000000000
0100000000000000
0100000000000000
0100000000000000
0100000000000000
0100000000000000
0100000000000000
0100000000000000
0100000000000000
0100000000000000
0100000000000000
0100000000000000
0100000000000000
0100000000000000
0100000000000000
0100000000000000
0100000000000000
0100000000000000
0100000000000000
0100000000000000
0100000000000000
0100000000000000
0100000000000000
0100000000000000
0100000000000000
0100000000000000
0100000000000000
0100000000000000
0100000000000000
0100000000000000
0100000000000000
0100000000000000
0100000000000000
0100000000000000
0100000000000000
0100000000000000
0100000000000000
0100000000000000
0100000000000000
0100000000000000
0100000000000000
0100000000000000
0100000000000000
0100000000000000
0100000000000000
0100000000000000
0100000000000000
0100000000000000
0100000000000000
0100000000000000
0100000000000000
0100000000000000
0100000000000000
0100000000000000
0100000000000000
0100000000000000
0100000000000000
0100000000000000
0100000000000000
0100000000000000
0100000000000000
0100000000000000
0100000000000000
0100000000000000
0100000000000000
0100000000000000
0100000000000000
0100000000000000
0100000000000000
0100000000000000
0100000000000000
0100000000000000
0100000000000000
0100000000000000
0100000000000000
0100000000000000
0100000000000000
0100000000000000
0100000000000000
0100000000000000
0100000000000000
0100000000000000
0100000000000000
0100000000000000
0100000000000000
0100000000000000
0100000000000000
0100000000000000
0100000000000000
0100000000000000
0100000000000000
00fe000000000001
00f7000000000002
00f1000000000004
00e1000200020007
00ca00020002000d
00ae000500050015
008b00060006001e
0062000800080028
003b000a000a002f
0020000b000b0036
000d000c000c003b
0003000d000d003d
0000000d000d003e
0000000d000d003f
0000000d000d003f
0000000c000c003e
0000000c000c003f
0000000d000d003d
0000000c000c003f
0000000d000d003e
0000000e000e003e
0002000c000c003e
0008000c000c003e
0016000c000c0039
0030000900090034
0056000700070029
008400060006001f
00af000400040014
00cd00020002000d
00e5000200020006
00f4000000000002
00fd000000000001
0100000000000000
0100000000000000
0100000000000000
0100000000000000
0100000000000000
0100000000000000
0100000000000000
0100000000000000
0100000000000000
0100000000000000
0100000000000000
0100000000000000
0100000000000000
0100000000000000
0100000000000000
0100000000000000
0100000000000000
0100000000000000
0100000000000000
0100000000000000
0100000000000000
0100000000000000
0100000000000000
0100000000000000
0100000000000000
0100000000000000
0100000000000000
0100000000000000
0100000000000000
0100000000000000
0100000000000000
0100000000000000
0100000000000000
0100000000000000
0100000000000000
0100000000000000
0100000000000000
0100000000000000
0100000000000000
0100000000000000
0100000000000000
0100000000000000
0100000000000000
0100000000000000
0100000000000000
0100000000000000
0100000000000000
0100000000000000
0100000000000000
0100000000000000
0100000000000000
0100000000000000
0100000000000000
0100000000000000
0100000000000000
0100000000000000
0100000000000000
0100000000000000
0100000000000000
0100000000000000
0100000000000000
0100000000000000
0100000000000000
0100000000000000
0100000000000000
0100000000000000
0100000000000000
0100000000000000
0100000000000000
0100000000000000
0100000000000000
0100000000000000
0100000000000000
0100000000000000
0100000000000000
0100000000000000
0100000000000000
0100000000000000
0100000000000000
0100000000000000
0100000000000000
0100000000000000
0100000000000000
0100000000000000
0100000000000000
0100000000000000
0100000000000000
0100000000000000
0100000000000000
0100000000000000
0100000000000000
0100000000000000
0100000000000000
0100000000000000
0100000000000000
0100000000000000
00fe000000000001
00fa000000000002
00f2000000000003
00e4000200020007
00d100020002000a
00b5000300030012
009300060006001a
006d000700070023
004600090009002d
0027000b000b0035
0012000d000d003a
0005000c000c003d
0000000d000d003e
0000000d000d003e
0000000c000c003f
0000000d000d003d
0000000d000d003f
0000000c000c003f
0001000c000c003e
0000000c000c003d
0000000d000d003d
0000000e000e003e
0004000c000c003e
000e000c000c003a
0024000a000a0035
004700090009002e
0074000700070022
009c000600060018
00c500020002000e
00de000200020008
00f1000000000004
00fa000000000001
00fe000000000001
0100000000000000
0100000000000000
0100000000000000
0100000000000000
0100000000000000
0100000000000000
0100000000000000
0100000000000000
0100000000000000
0100000000000000
0100000000000000
0100000000000000
0100000000000000
0100000000000000
0100000000000000
0100000000000000
0100000000000000
0100000000000000
0100000000000000
0100000000000000
0100000000000000
0100000000000000
0100000000000000
0100000000000000
0100000000000000
0100000000000000
0100000000000000
0100000000000000
0100000000000000
0100000000000000
0100000000000000
0100000000000000
0100000000000000
0100000000000000
0100000000000000
0100000000000000
0100000000000000
0100000000000000
0100000000000000
0100000000000000
0100000000000000
0100000000000000
0100000000000000
0100000000000000
0100000000000000
0100000000000000
0100000000000000
0100000000000000
0100000000000000
0100000000000000
0100000000000000
0100000000000000
0100000000000000
0100000000000000
0100000000000000
0100000000000000
0100000000000000
0100000000000000
0100000000000000
0100000000000000
0100000000000000
0100000000000000
0100000000000000
0100000000000000
0100000000000000
0100000000000000
0100000000000000
0100000000000000
0100000000000000
0100000000000000
0100000000000000
0100000000000000
0100000000000000
0100000000000000
0100000000000000
0100000000000000
0100000000000000
0100000000000000
0100000000000000
0100000000000000
0100000000000000
0100000000000000
0100000000000000
0100000000000000
0100000000000000
0100000000000000
0100000000000000
0100000000000000
0100000000000000
0100000000000000
0100000000000000
0100000000000000
0100000000000000
0100000000000000
0100000000000000
0100000000000000
00fa000000000002
00f4000000000003
00e8000100010006
00d600020002000b
00bc000300030011
009b000400040017
0077000700070022
005000090009002c
002f000b000b0033
0016000b000b0038
0008000d000d003b
0000000c000c003e
0000000c000c003e
0000000d000d003e
0000000c000c003e
0000000d000d003d
0002000c000c003d
0002000d000d003d
0000000e000e003e
0000000d000d0040
0000000d000d003f
0003000c000c003d
000a000c000c003b
001b000b000b0038
0039000a000a0030
0061000800080027
008f00060006001d
00b8000400040011
00d600020002000a
00ed000100010004
00f8000000000002
00fe000000000001
0100000000000000
0100000000000000
0100000000000000
0100000000000000
0100000000000000
0100000000000000
0100000000000000
0100000000000000
0100000000000000
0100000000000000
0100000000000000
0100000000000000
0100000000000000
0100000000000000
0100000000000000
0100000000000000
0100000000000000
0100000000000000
0100000000000000
0100000000000000
0100000000000000
0100000000000000
0100000000000000
0100000000000000
0100000000000000
0100000000000000
0100000000000000
0100000000000000
0100000000000000
0100000000000000
0100000000000000
0100000000000000
0100000000000000
0100000000000000
0100000000000000
0100000000000000
0100000000000000
0100000000000000
0100000000000000
0100000000000000
0100000000000000
0100000000000000
0100000000000000
0100000000000000
0100000000000000
0100000000000000
0100000000000000
0100000000000000
0100000000000000
0100000000000000
0100000000000000
0100000000000000
0100000000000000
0100000000000000
0100000000000000
0100000000000000
0100000000000000
0100000000000000
0100000000000000
0100000000000000
0100000000000000
0100000000000000
0100000000000000
0100000000000000
0100000000000000
0100000000000000
0100000000000000
0100000000000000
0100000000000000
0100000000000000
0100000000000000
0100000000000000
0100000000000000
0100000000000000
0100000000000000
0100000000000000
0100000000000000
0100000000000000
0100000000000000
0100000000000000
0100000000000000
0100000000000000
0100000000000000
0100000000000000
0100000000000000
0100000000000000
0100000000000000
0100000000000000
0100000000000000
0100000000000000
0100000000000000
0100000000000000
0100000000000000
0100000000000000
0100000000000000
0100000000000000
00fc000000000001
00f5000000000003
00ed000000000004
00da00020002000a
00c200030003000f
00a5000400040017
0080000700070020
005a000800080029
0037000a000a0031
001c000c000c0038
000c000d000d003a
0003000c000c003d
0000000c000c003d
0000000e000e003f
0000000d000d003e
0001000d000d003e
0002000b000b003d
0002000e000e003d
0001000d000d003d
0001000d000d003e
0001000c000c003e
0002000d000d003d
0007000d000d003d
0014000c000c003a
002c000a000a0034
005200090009002c
0081000700070020
00aa000400040015
00cc00030003000c
00e4000100010007
00f6000000000002
00fb000000000001
0100000000000000
0100000000000000
0100000000000000
0100000000000000
0100000000000000
0100000000000000
0100000000000000
0100000000000000
0100000000000000
0100000000000000
0100000000000000
0100000000000000
0100000000000000
0100000000000000
0100000000000000
0100000000000000
0100000000000000
0100000000000000
0100000000000000
0100000000000000
0100000000000000
0100000000000000
0100000000000000
0100000000000000
0100000000000000
0100000000000000
0100000000000000
0100000000000000
0100000000000000
0100000000000000
0100000000000000
0100000000000000
0100000000000000
0100000000000000
0100000000000000
0100000000000000
0100000000000000
0100000000000000
0100000000000000
0100000000000000
0100000000000000
0100000000000000
0100000000000000
0100000000000000
0100000000000000
0100000000000000
0100000000000000
0100000000000000
0100000000000000
0100000000000000
0100000000000000
0100000000000000
0100000000000000
0100000000000000
0100000000000000
0100000000000000
0100000000000000
0100000000000000
0100000000000000
0100000000000000
0100000000000000
0100000000000000
0100000000000000
0100000000000000
0100000000000000
0100000000000000
0100000000000000
0100000000000000
0100000000000000
0100000000000000
0100000000000000
0100000000000000
0100000000000000
0100000000000000
0100000000000000
0100000000000000
0100000000000000
0100000000000000
0100000000000000
0100000000000000
0100000000000000
0100000000000000
0100000000000000
0100000000000000
0100000000000000
0100000000000000
0100000000000000
0100000000000000
0100000000000000
0100000000000000
0100000000000000
0100000000000000
0100000000000000
0100000000000000
0100000000000000
0100000000000000
00fe000000000001
00f7000000000002
00ed000000000005
00e0000200020008
00c900030003000c
00ac000500050015
008800060006001e
0062000800080028
0041000a000a002f
0023000c000c0036
0010000c000c003b
0005000d000d003d
0000000d000d003f
0000000d000d003e
0000000d000d003e
0000000c000c003d
0002000c000c003d
0003000d000d003e
0002000d000d003d
0001000c000c003e
0000000d000d003f
0001000c000c003e
0004000d000d003d
000d000c000c003c
0022000a000a0038
0043000a000a002e
0070000700070023
009d000400040018
00c3000300030010
00dd000200020008
00f1000000000004
00f8000000000002
0100000000000000
0100000000000000
0100000000000000
0100000000000000
0100000000000000
0100000000000000
0100000000000000
0100000000000000
0100000000000000
0100000000000000
0100000000000000
0100000000000000
0100000000000000
0100000000000000
0100000000000000
0100000000000000
0100000000000000
0100000000000000
0100000000000000
0100000000000000
0100000000000000
0100000000000000
0100000000000000
0100000000000000
0100000000000000
0100000000000000
0100000000000000
0100000000000000
0100000000000000
0100000000000000
0100000000000000
0100000000000000
0100000000000000
0100000000000000
0100000000000000
0100000000000000
0100000000000000
0100000000000000
0100000000000000
0100000000000000
0100000000000000
0100000000000000
0100000000000000
0100000000000000
0100000000000000
0100000000000000
0100000000000000
0100000000000000
0100000000000000
0100000000000000
0100000000000000
0100000000000000
0100000000000000
0100000000000000
0100000000000000
0100000000000000
0100000000000000
0100000000000000
0100000000000000
0100000000000000
0100000000000000
0100000000000000
0100000000000000
0100000000000000
0100000000000000
0100000000000000
0100000000000000
0100000000000000
0100000000000000
0100000000000000
0100000000000000
0100000000000000
0100000000000000
0100000000000000
0100000000000000
0100000000000000
0100000000000000
0100000000000000
0100000000000000
0100000000000000
0100000000000000
0100000000000000
0100000000000000
0100000000000000
0100000000000000
0100000000000000
0100000000000000
0100000000000000
0100000000000000
0100000000000000
0100000000000000
0100000000000000
0100000000000000
0100000000000000
0100000000000000
0100000000000000
00fe000000000001
00f8000000000002
00f0000000000004
00e2000200020007
00d200020002000b
00b2000400040013
009100060006001c
0069000800080025
0047000a000a002d
0029000b000b0034
0012000c000c0039
0006000d000d003e
0000000d000d003e
0000000d000d003f
0000000d000d003f
0000000d000d003e
0002000d000d003e
0003000d000d003d
0002000d000d003e
0001000c000c003e
0000000d000d003e
0000000e000e003f
0003000d000d003e
000a000d000d003c
001a000b000b0039
0038000900090032
0061000700070027
008f00060006001c
00b8000300030012
00d600020002000a
00ed000000000005
00f6000000000003
0100000000000000
0100000000000000
0100000000000000
0100000000000000
0100000000000000
0100000000000000
0100000000000000
0100000000000000
0100000000000000
0100000000000000
0100000000000000
0100000000000000
0100000000000000
0100000000000000
0100000000000000
0100000000000000
0100000000000000
0100000000000000
0100000000000000
0100000000000000
0100000000000000
0100000000000000
0100000000000000
0100000000000000
0100000000000000
0100000000000000
0100000000000000
0100000000000000
0100000000000000
0100000000000000
0100000000000000
0100000000000000
0100000000000000
0100000000000000
0100000000000000
0100000000000000
0100000000000000
0100000000000000
0100000000000000
0100000000000000
0100000000000000
0100000000000000
0100000000000000
0100000000000000
0100000000000000
0100000000000000
0100000000000000
0100000000000000
0100000000000000
0100000000000000
0100000000000000
0100000000000000
0100000000000000
0100000000000000
0100000000000000
0100000000000000
0100000000000000
0100000000000000
0100000000000000
0100000000000000
0100000000000000
0100000000000000
0100000000000000
0100000000000000
0100000000000000
0100000000000000
0100000000000000
0100000000000000
0100000000000000
0100000000000000
0100000000000000
0100000000000000
0100000000000000
0100000000000000
0100000000000000
0100000000000000
0100000000000000
0100000000000000
0100000000000000
0100000000000000
0100000000000000
0100000000000000
0100000000000000
0100000000000000
0100000000000000
0100000000000000
0100000000000000
0100000000000000
0100000000000000
0100000000000000
0100000000000000
0100000000000000
0100000000000000
0100000000000000
0100000000000000
0100000000000000
0100000000000000
00fa000000000002
00f2000000000003
00e6000100010006
00d200020002000b
00ba000300030012
009a000400040019
0072000800080023
004e000a000a002c
002f000a000a0034
0016000c000c003a
0007000d000d003d
0000000c000c003e
0000000c000c003f
0000000d000d003f
0000000d000d003e
0002000c000c003d
0003000d000d003c
0004000d000d003d
0002000d000d003d
0001000d000d003c
0001000f000f003e
0002000e000e003e
0007000e000e003c
0013000a000a003b
002c000a000a0034
005300080008002b
0082000600060020
00ac000400040014
00cb00030003000d
00e5000100010007
00f2000000000003
00fe000000000001
0100000000000000
0100000000000000
0100000000000000
0100000000000000
0100000000000000
0100000000000000
0100000000000000
0100000000000000
0100000000000000
0100000000000000
0100000000000000
0100000000000000
0100000000000000
0100000000000000
0100000000000000
0100000000000000
0100000000000000
0100000000000000
0100000000000000
0100000000000000
0100000000000000
0100000000000000
0100000000000000
0100000000000000
0100000000000000
0100000000000000
0100000000000000
0100000000000000
0100000000000000
0100000000000000
0100000000000000
0100000000000000
0100000000000000
0100000000000000
0100000000000000
0100000000000000
0100000000000000
0100000000000000
0100000000000000
0100000000000000
0100000000000000
0100000000000000
0100000000000000
0100000000000000
0100000000000000
0100000000000000
0100000000000000
0100000000000000
0100000000000000
0100000000000000
0100000000000000
0100000000000000
0100000000000000
0100000000000000
0100000000000000
0100000000000000
0100000000000000
0100000000000000
0100000000000000
0100000000000000
0100000000000000
0100000000000000
0100000000000000
0100000000000000
0100000000000000
0100000000000000
0100000000000000
0100000000000000
0100000000000000
0100000000000000
0100000000000000
0100000000000000
0100000000000000
0100000000000000
0100000000000000
0100000000000000
0100000000000000
0100000000000000
0100000000000000
0100000000000000
0100000000000000
0100000000000000
0100000000000000
0100000000000000
0100000000000000
0100000000000000
0100000000000000
0100000000000000
0100000000000000
0100000000000000
0100000000000000
0100000000000000
0100000000000000
0100000000000000
0100000000000000
0100000000000000
00fb000000000001
00f4000000000003
00ea000100010004
00d900030003000a
00c100030003000f
00a2000400040018
007b000700070021
0057000800080029
0033000a000a0033
001b000c000c0038
0009000b000b003d
0002000d000d003e
0000000c000c0040
0000000d000d003f
0000000e000e003f
0000000d000d003d
0003000d000d003d
0005000c000c003d
0003000e000e003c
0002000c000c003e
0001000b000b003d
0002000d000d003e
0005000c000c003e
000f000d000d003b
0024000b000b0035
004600090009002e
0072000800080022
009e000500050018
00c2000300030010
00df000200020008
00ef000000000004
00fd000000000001
0100000000000000
0100000000000000
0100000000000000
0100000000000000
0100000000000000
0100000000000000
0100000000000000
0100000000000000
0100000000000000
0100000000000000
0100000000000000
0100000000000000
0100000000000000
0100000000000000
0100000000000000
0100000000000000
0100000000000000
0100000000000000
0100000000000000
0100000000000000
0100000000000000
0100000000000000
0100000000000000
0100000000000000
0100000000000000
0100000000000000
0100000000000000
0100000000000000
0100000000000000
0100000000000000
0100000000000000
0100000000000000
0100000000000000
0100000000000000
0100000000000000
0100000000000000
0100000000000000
0100000000000000
0100000000000000
0100000000000000
0100000000000000
0100000000000000
0100000000000000
0100000000000000
0100000000000000
0100000000000000
0100000000000000
0100000000000000
0100000000000000
0100000000000000
0100000000000000
0100000000000000
0100000000000000
0100000000000000
0100000000000000
0100000000000000
0100000000000000
0100000000000000
0100000000000000
0100000000000000
0100000000000000
0100000000000000
0100000000000000
0100000000000000
0100000000000000
0100000000000000
0100000000000000
0100000000000000
0100000000000000
0100000000000000
0100000000000000
0100000000000000
0100000000000000
0100000000000000
0100000000000000
0100000000000000
0100000000000000
0100000000000000
0100000000000000
0100000000000000
0100000000000000
0100000000000000
0100000000000000
0100000000000000
0100000000000000
0100000000000000
0100000000000000
0100000000000000
0100000000000000
0100000000000000
0100000000000000
0100000000000000
0100000000000000
0100000000000000
0100000000000000
0100000000000000
00fe000000000001
00f6000000000002
00ec000000000005
00db000200020009
00c600030003000d
00a8000600060015
008400060006001f
005e00080008002a
003b000a000a0031
0020000c000c0037
000d000b000b003b
0002000d000d003e
0000000e000e003e
0000000e000e003e
0000000d000d003f
0000000d000d003e
0003000c000c003e
0005000d000d003d
0005000d000d003c
0003000d000d003d
0002000c000c003e
0001000c000c003f
0004000c000c003e
000b000d000d003b
001c000a000a0038
003a000800080031
0062000800080027
009000060006001c
00b7000400040012
00d800020002000a
00ec000000000005
00f9000000000002
00fe000000000001
0100000000000000
0100000000000000
0100000000000000
0100000000000000
0100000000000000
0100000000000000
0100000000000000
0100000000000000
0100000000000000
0100000000000000
0100000000000000
0100000000000000
0100000000000000
0100000000000000
0100000000000000
0100000000000000
0100000000000000
0100000000000000
0100000000000000
0100000000000000
0100000000000000
0100000000000000
0100000000000000
0100000000000000
0100000000000000
0100000000000000
0100000000000000
0100000000000000
0100000000000000
0100000000000000
0100000000000000
0100000000000000
0100000000000000
0100000000000000
0100000000000000
0100000000000000
0100000000000000
0100000000000000
0100000000000000
0100000000000000
0100000000000000
0100000000000000
0100000000000000
0100000000000000
0100000000000000
0100000000000000
0100000000000000
0100000000000000
0100000000000000
0100000000000000
0100000000000000
0100000000000000
0100000000000000
0100000000000000
0100000000000000
0100000000000000
0100000000000000
0100000000000000
0100000000000000
0100000000000000
0100000000000000
0100000000000000
0100000000000000
0100000000000000
0100000000000000
0100000000000000
0100000000000000
0100000000000000
0100000000000000
0100000000000000
0100000000000000
0100000000000000
0100000000000000
0100000000000000
0100000000000000
0100000000000000
0100000000000000
0100000000000000
0100000000000000
0100000000000000
0100000000000000
0100000000000000
0100000000000000
0100000000000000
0100000000000000
0100000000000000
0100000000000000
0100000000000000
0100000000000000
0100000000000000
0100000000000000
0100000000000000
0100000000000000
0100000000000000
0100000000000000
00fe000000000001
00f7000000000002
00f0000000000004
00e1000200020007
00ce00020002000c
00ae000600060013
008c00060006001c
0063000800080027
004200090009002d
0026000b000b0036
0012000d000d003b
0005000d000d003d
0000000d000d003e
0000000c000c003f
0000000d000d0040
0000000c000c003e
0003000c000c003e
0005000b000b003f
0005000c000c003e
0004000c000c003f
0002000e000e0040
0002000e000e003d
0003000d000d0040
0008000e000e003b
0015000a000a003c
002d000a000a0034
005400080008002a
008200070007001f
00ac000400040014
00cc00030003000d
00e4000100010007
00f7000000000002
00fc000000000001
0100000000000000
0100000000000000
0100000000000000
0100000000000000
0100000000000000
0100000000000000
0100000000000000
0100000000000000
0100000000000000
0100000000000000
0100000000000000
0100000000000000
0100000000000000
0100000000000000
0100000000000000
0100000000000000
0100000000000000
0100000000000000
0100000000000000
0100000000000000
0100000000000000
0100000000000000
0100000000000000
0100000000000000
0100000000000000
0100000000000000
0100000000000000
0100000000000000
0100000000000000
0100000000000000
0100000000000000
0100000000000000
0100000000000000
0100000000000000
0100000000000000
0100000000000000
0100000000000000
0100000000000000
0100000000000000
0100000000000000
0100000000000000
0100000000000000
0100000000000000
0100000000000000
0100000000000000
0100000000000000
0100000000000000
0100000000000000
0100000000000000
0100000000000000
0100000000000000
0100000000000000
0100000000000000
0100000000000000
0100000000000000
0100000000000000
0100000000000000
0100000000000000
0100000000000000
0100000000000000
0100000000000000
0100000000000000
0100000000000000
0100000000000000
0100000000000000
0100000000000000
0100000000000000
0100000000000000
0100000000000000
0100000000000000
0100000000000000
0100000000000000
0100000000000000
0100000000000000
0100000000000000
0100000000000000
0100000000000000
0100000000000000
0100000000000000
0100000000000000
0100000000000000
0100000000000000
0100000000000000
0100000000000000
0100000000000000
0100000000000000
0100000000000000
0100000000000000
0100000000000000
0100000000000000
0100000000000000
0100000000000000
0100000000000000
0100000000000000
0100000000000000
00fe000000000001
00fa000000000002
00f2000000000003
00e4000200020006
00d300030003000b
00b6000400040012
009500050005001a
006f000700070024
004a000a000a002d
002c000b000b0035
0016000c000c003b
0008000c000c003d
0000000d000d003e
0000000c000c0040
0000000c000c003f
0000000c000c003d
0004000c000c003c
0006000c000c003b
0007000d000d003d
0005000c000c003e
0003000d000d003c
0002000e000e0040
0003000d000d003e
0006000c000c003e
000f000d000d003c
0023000a000a0037
0045000a000a002e
0070000800080023
009e000500050018
00c500030003000d
00e0000200020008
00f3000000000003
00fa000000000002
0100000000000000
0100000000000000
0100000000000000
0100000000000000
0100000000000000
0100000000000000
0100000000000000
0100000000000000
0100000000000000
0100000000000000
0100000000000000
0100000000000000
0100000000000000
0100000000000000
0100000000000000
0100000000000000
0100000000000000
0100000000000000
0100000000000000
0100000000000000
0100000000000000
0100000000000000
0100000000000000
0100000000000000
0100000000000000
0100000000000000
0100000000000000
0100000000000000
0100000000000000
0100000000000000
0100000000000000
0100000000000000
0100000000000000
0100000000000000
0100000000000000
0100000000000000
0100000000000000
0100000000000000
0100000000000000
0100000000000000
0100000000000000
0100000000000000
0100000000000000
0100000000000000
0100000000000000
0100000000000000
0100000000000000
0100000000000000
0100000000000000
0100000000000000
0100000000000000
0100000000000000
0100000000000000
0100000000000000
0100000000000000
0100000000000000
0100000000000000
0100000000000000
0100000000000000
0100000000000000
0100000000000000
0100000000000000
0100000000000000
0100000000000000
0100000000000000
0100000000000000
0100000000000000
0100000000000000
0100000000000000
0100000000000000
0100000000000000
0100000000000000
0100000000000000
0100000000000000
0100000000000000
0100000000000000
0100000000000000
0100000000000000
0100000000000000
0100000000000000
0100000000000000
0100000000000000
0100000000000000
0100000000000000
0100000000000000
0100000000000000
0100000000000000
0100000000000000
0100000000000000
0100000000000000
0100000000000000
0100000000000000
0100000000000000
0100000000000000
0100000000000000
0100000000000000
00fb000000000001
00f4000000000003
00e9000100010005
00d500030003000b
00be000300030010
009e000400040018
007a000700070022
005500080008002b
0034000a000a0034
001d000c000c0038
000c000c000c003c
0004000c000c003d
0000000d000d0040
0000000d000d003f
0000000e000e003f
0004000d000d003d
0006000c000c003f
0007000c000c003c
0006000d000d003d
0004000e000e003e
0002000d000d0040
0002000d000d003e
0003000c000c003d
000a000c000c003c
001a000b000b0038
0038000a000a0032
0063000700070027
009100060006001c
00ba000300030011
00db000200020009
00ef000000000004
00f7000000000003
0100000000000000
0100000000000000
0100000000000000
0100000000000000
0100000000000000
0100000000000000
0100000000000000
0100000000000000
0100000000000000
0100000000000000
0100000000000000
0100000000000000
0100000000000000
0100000000000000
0100000000000000
0100000000000000
0100000000000000
0100000000000000
0100000000000000
0100000000000000
0100000000000000
0100000000000000
0100000000000000
0100000000000000
0100000000000000
0100000000000000
0100000000000000
0100000000000000
0100000000000000
0100000000000000
0100000000000000
0100000000000000
0100000000000000
0100000000000000
0100000000000000
0100000000000000
0100000000000000
0100000000000000
0100000000000000
0100000000000000
0100000000000000
0100000000000000
0100000000000000
0100000000000000
0100000000000000
0100000000000000
0100000000000000
0100000000000000
0100000000000000
0100000000000000
0100000000000000
0100000000000000
0100000000000000
0100000000000000
0100000000000000
0100000000000000
0100000000000000
0100000000000000
0100000000000000
0100000000000000
0100000000000000
0100000000000000
0100000000000000
0100000000000000
0100000000000000
0100000000000000
0100000000000000
0100000000000000
0100000000000000
0100000000000000
0100000000000000
0100000000000000
0100000000000000
0100000000000000
0100000000000000
0100000000000000
0100000000000000
0100000000000000
0100000000000000
0100000000000000
0100000000000000
0100000000000000
0100000000000000
0100000000000000
0100000000000000
0100000000000000
0100000000000000
0100000000000000
0100000000000000
0100000000000000
0100000000000000
0100000000000000
0100000000000000
0100000000000000
0100000000000000
0100000000000000
00fc000000000001
00f5000000000003
00ee000000000004
00db000300030008
00c300030003000e
00a7000500050017
008300060006001f
005e000800080029
003c000b000b0030
0022000c000c0036
0011000c000c003c
0005000d000d003d
0000000d000d003f
0000000d000d003e
0000000d000d003f
0003000d000d003e
0004000c000c003e
0007000c000c003e
0006000d000d003d
0004000d000d003d
0002000d000d003d
0001000e000e003e
0002000f000f003f
0007000e000e003c
0013000c000c003a
002e000b000b0033
0055000a000a002b
008400070007001e
00b0000400040013
00d000030003000c
00e9000100010005
00f5000000000003
0100000000000000
0100000000000000
0100000000000000
0100000000000000
0100000000000000
0100000000000000
0100000000000000
0100000000000000
0100000000000000
0100000000000000
0100000000000000
0100000000000000
0100000000000000
0100000000000000
0100000000000000
0100000000000000
0100000000000000
0100000000000000
0100000000000000
0100000000000000
0100000000000000
0100000000000000
0100000000000000
0100000000000000
0100000000000000
0100000000000000
0100000000000000
0100000000000000
0100000000000000
0100000000000000
0100000000000000
0100000000000000
0100000000000000
0100000000000000
0100000000000000
0100000000000000
0100000000000000
0100000000000000
0100000000000000
0100000000000000
0100000000000000
0100000000000000
0100000000000000
0100000000000000
0100000000000000
0100000000000000
0100000000000000
0100000000000000
0100000000000000
0100000000000000
0100000000000000
0100000000000000
0100000000000000
0100000000000000
0100000000000000
0100000000000000
0100000000000000
0100000000000000
0100000000000000
0100000000000000
0100000000000000
0100000000000000
0100000000000000
0100000000000000
0100000000000000
0100000000000000
0100000000000000
0100000000000000
0100000000000000
0100000000000000
0100000000000000
0100000000000000
0100000000000000
0100000000000000
0100000000000000
0100000000000000
0100000000000000
0100000000000000
0100000000000000
0100000000000000
0100000000000000
0100000000000000
0100000000000000
0100000000000000
0100000000000000
0100000000000000
0100000000000000
0100000000000000
0100000000000000
0100000000000000
0100000000000000
0100000000000000
0100000000000000
0100000000000000
0100000000000000
0100000000000000
00fe000000000001
00f7000000000002
00ef000000000004
00e1000200020008
00cd00030003000c
00ae000500050015
008d00060006001d
0068000700070024
004500090009002e
002a000c000c0035
0016000d000d0039
0008000c000c003e
0000000d000d003f
0000000c000c003f
0000000d000d003f
0001000c000c003c
0005000c000c003e
0007000b000b003d
0007000d000d003e
0005000c000c003d
0002000e000e003e
0001000e000e0040
0002000c000c003e
0005000d000d003e
000e000b000b003d
0025000900090036
004900090009002e
0079000700070022
00a5000500050016
00ca00030003000c
00e5000100010007
00f2000000000004
00fe000000000001
0100000000000000
0100000000000000
0100000000000000
0100000000000000
0100000000000000
0100000000000000
0100000000000000
0100000000000000
0100000000000000
0100000000000000
0100000000000000
0100000000000000
0100000000000000
0100000000000000
0100000000000000
0100000000000000
0100000000000000
0100000000000000
0100000000000000
0100000000000000
0100000000000000
0100000000000000
0100000000000000
0100000000000000
0100000000000000
0100000000000000
0100000000000000
0100000000000000
0100000000000000
0100000000000000
0100000000000000
0100000000000000
0100000000000000
0100000000000000
0100000000000000
0100000000000000
0100000000000000
0100000000000000
0100000000000000
0100000000000000
0100000000000000
0100000000000000
0100000000000000
0100000000000000
0100000000000000
0100000000000000
0100000000000000
0100000000000000
0100000000000000
0100000000000000
0100000000000000
0100000000000000
0100000000000000
0100000000000000
0100000000000000
0100000000000000
0100000000000000
0100000000000000
0100000000000000
0100000000000000
0100000000000000
0100000000000000
0100000000000000
0100000000000000
0100000000000000
0100000000000000
0100000000000000
0100000000000000
0100000000000000
0100000000000000
0100000000000000
0100000000000000
0100000000000000
0100000000000000
0100000000000000
0100000000000000
0100000000000000
0100000000000000
0100000000000000
0100000000000000
0100000000000000
0100000000000000
0100000000000000
0100000000000000
0100000000000000
0100000000000000
0100000000000000
0100000000000000
0100000000000000
0100000000000000
0100000000000000
0100000000000000
0100000000000000
0100000000000000
0100000000000000
0100000000000000
00fa000000000002
00f2000000000003
00e5000200020006
00d300020002000a
00b8000400040012
0098000500050019
0073000800080022
004f000a000a002c
0032000a000a0034
001c000b000b0038
000b000c000c003c
0002000d000d003d
0000000c000c003e
0000000d000d003e
0002000c000c003c
0004000d000d003c
0008000b000b003b
0007000d000d003d
0005000c000c003d
0002000c000c003e
0001000d000d003d
0001000c000c003f
0003000c000c003c
000a000d000d003d
001e000b000b0038
004000090009002f
006e000800080024
009a000600060019
00c400020002000f
00df000200020007
00f1000000000003
00fe000000000001
0100000000000000
0100000000000000
0100000000000000
0100000000000000
0100000000000000
0100000000000000
0100000000000000
0100000000000000
0100000000000000
0100000000000000
0100000000000000
0100000000000000
0100000000000000
0100000000000000
0100000000000000
0100000000000000
0100000000000000
0100000000000000
0100000000000000
0100000000000000
0100000000000000
0100000000000000
0100000000000000
0100000000000000
0100000000000000
0100000000000000
0100000000000000
0100000000000000
0100000000000000
0100000000000000
0100000000000000
0100000000000000
0100000000000000
0100000000000000
0100000000000000
0100000000000000
0100000000000000
0100000000000000
0100000000000000
0100000000000000
0100000000000000
0100000000000000
0100000000000000
0100000000000000
0100000000000000
0100000000000000
0100000000000000
0100000000000000
0100000000000000
0100000000000000
0100000000000000
0100000000000000
0100000000000000
0100000000000000
0100000000000000
0100000000000000
0100000000000000
0100000000000000
0100000000000000
0100000000000000
0100000000000000
0100000000000000
0100000000000000
0100000000000000
0100000000000000
0100000000000000
0100000000000000
0100000000000000
0100000000000000
0100000000000000
0100000000000000
0100000000000000
0100000000000000
0100000000000000
0100000000000000
0100000000000000
0100000000000000
0100000000000000
0100000000000000
0100000000000000
0100000000000000
0100000000000000
0100000000000000
0100000000000000
0100000000000000
0100000000000000
0100000000000000
0100000000000000
0100000000000000
0100000000000000
0100000000000000
0100000000000000
0100000000000000
0100000000000000
0100000000000000
0100000000000000
00fb000000000001
00f4000000000003
00ea000100010004
00d700030003000a
00c0000300030011
00a2000400040017
007e000700070020
0058000800080029
0039000a000a0032
0021000b000b0038
0010000d000d003a
0005000c000c003d
0000000e000e003e
0000000d000d003e
0000000d000d003e
0005000c000c003c
0007000c000c003d
0007000d000d003c
0005000d000d003d
0003000b000b003d
0001000b000b003d
0001000d000d003e
0002000e000e003f
0009000c000c003e
0018000d000d0038
0037000b000b0032
0064000800080027
009000060006001b
00bb000300030011
00da00020002000a
00ef000000000003
00fb000000000002
0100000000000000
0100000000000000
0100000000000000
0100000000000000
0100000000000000
0100000000000000
0100000000000000
0100000000000000
0100000000000000
0100000000000000
0100000000000000
0100000000000000
0100000000000000
0100000000000000
0100000000000000
0100000000000000
0100000000000000
0100000000000000
0100000000000000
0100000000000000
0100000000000000
0100000000000000
0100000000000000
0100000000000000
0100000000000000
0100000000000000
0100000000000000
0100000000000000
0100000000000000
0100000000000000
0100000000000000
0100000000000000
0100000000000000
0100000000000000
0100000000000000
0100000000000000
0100000000000000
0100000000000000
0100000000000000
0100000000000000
0100000000000000
0100000000000000
0100000000000000
0100000000000000
0100000000000000
0100000000000000
0100000000000000
0100000000000000
0100000000000000
0100000000000000
0100000000000000
0100000000000000
0100000000000000
0100000000000000
0100000000000000
0100000000000000
0100000000000000
0100000000000000
0100000000000000
0100000000000000
0100000000000000
0100000000000000
0100000000000000
0100000000000000
0100000000000000
0100000000000000
0100000000000000
0100000000000000
0100000000000000
0100000000000000
0100000000000000
0100000000000000
0100000000000000
0100000000000000
0100000000000000
0100000000000000
0100000000000000
0100000000000000
0100000000000000
0100000000000000
0100000000000000
0100000000000000
0100000000000000
0100000000000000
0100000000000000
0100000000000000
0100000000000000
0100000000000000
0100000000000000
0100000000000000
0100000000000000
0100000000000000
0100000000000000
0100000000000000
0100000000000000
0100000000000000
00fe000000000001
00f5000000000003
00ee000000000004
00db000200020009
00c700030003000d
00a9000500050015
008600060006001f
0061000800080027
003f000a000a0030
0026000b000b0037
0014000c000c003b
0008000d000d003d
0000000d000d003e
0000000d000d003e
0000000d000d003f
0002000c000c003d
0005000c000c003d
0006000c000c003e
0005000d000d003d
0002000d000d003c
0001000e000e003f
0000000d000d003e
0002000d000d003e
0006000c000c003c
0014000a000a003a
0030000a000a0033
005800080008002a
008900060006001e
00b6000300030012
00d500030003000b
00ed000000000005
00f9000000000002
0100000000000000
0100000000000000
0100000000000000
0100000000000000
0100000000000000
0100000000000000
0100000000000000
0100000000000000
0100000000000000
0100000000000000
0100000000000000
0100000000000000
0100000000000000
0100000000000000
0100000000000000
0100000000000000
0100000000000000
0100000000000000
0100000000000000
0100000000000000
0100000000000000
0100000000000000
0100000000000000
0100000000000000
0100000000000000
0100000000000000
0100000000000000
0100000000000000
0100000000000000
0100000000000000
0100000000000000
0100000000000000
0100000000000000
0100000000000000
0100000000000000
0100000000000000
0100000000000000
0100000000000000
0100000000000000
0100000000000000
0100000000000000
0100000000000000
0100000000000000
0100000000000000
0100000000000000
0100000000000000
0100000000000000
0100000000000000
0100000000000000
0100000000000000
0100000000000000
0100000000000000
0100000000000000
0100000000000000
0100000000000000
0100000000000000
0100000000000000
0100000000000000
0100000000000000
0100000000000000
0100000000000000
0100000000000000
0100000000000000
0100000000000000
0100000000000000
0100000000000000
0100000000000000
0100000000000000
0100000000000000
0100000000000000
0100000000000000
0100000000000000
0100000000000000
0100000000000000
0100000000000000
0100000000000000
0100000000000000
0100000000000000
0100000000000000
0100000000000000
0100000000000000
0100000000000000
0100000000000000
0100000000000000
0100000000000000
0100000000000000
0100000000000000
0100000000000000
0100000000000000
0100000000000000
0100000000000000
0100000000000000
0100000000000000
0100000000000000
0100000000000000
0100000000000000
00fe000000000001
00f7000000000002
00f0000000000004
00e2000200020007
00ce00020002000b
00af000500050014
008e00060006001c
0069000700070025
004700090009002d
002c000b000b0035
0017000d000d003a
0008000c000c003e
0001000d000d003e
0000000c000c003f
0000000c000c003e
0000000d000d003e
0004000d000d003d
0005000c000c003d
0004000c000c003d
0002000c000c003e
0000000c000c0040
0000000f000f003f
0000000e000e003d
0005000d000d003c
0010000b000b003c
0029000b000b0035
005100080008002b
008200060006001f
00ad000400040014
00d100020002000c
00e8000000000006
00f6000000000003
0100000000000000
0100000000000000
0100000000000000
0100000000000000
0100000000000000
0100000000000000
0100000000000000
0100000000000000
0100000000000000
0100000000000000
0100000000000000
0100000000000000
0100000000000000
0100000000000000
0100000000000000
0100000000000000
0100000000000000
0100000000000000
0100000000000000
0100000000000000
0100000000000000
0100000000000000
0100000000000000
0100000000000000
0100000000000000
0100000000000000
0100000000000000
0100000000000000
0100000000000000
0100000000000000
0100000000000000
0100000000000000
0100000000000000
0100000000000000
0100000000000000
0100000000000000
0100000000000000
0100000000000000
0100000000000000
0100000000000000
0100000000000000
0100000000000000
0100000000000000
0100000000000000
0100000000000000
0100000000000000
0100000000000000
0100000000000000
0100000000000000
0100000000000000
0100000000000000
0100000000000000
0100000000000000
0100000000000000
0100000000000000
0100000000000000
0100000000000000
0100000000000000
0100000000000000
0100000000000000
0100000000000000
0100000000000000
0100000000000000
0100000000000000
0100000000000000
0100000000000000
0100000000000000
0100000000000000
0100000000000000
0100000000000000
0100000000000000
0100000000000000
0100000000000000
0100000000000000
0100000000000000
0100000000000000
0100000000000000
0100000000000000
0100000000000000
0100000000000000
0100000000000000
0100000000000000
0100000000000000
0100000000000000
0100000000000000
0100000000000000
0100000000000000
0100000000000000
0100000000000000
0100000000000000
0100000000000000
0100000000000000
0100000000000000
0100000000000000
0100000000000000
0100000000000000
0100000000000000
00fa000000000002
00f2000000000003
00e5000200020007
00d400020002000a
00b8000400040011
009500040004001a
0072000700070023
004f000a000a002c
0030000a000a0033
001a000b000b003a
0009000d000d003c
0000000d000d003e
0000000c000c003f
0000000c000c003f
0000000d000d003d
0002000c000c003c
0004000b000b003c
0003000d000d003d
0001000e000e003f
0000000e000e003f
0000000d000d003e
0000000c000c003f
0002000e000e003c
000e000c000c003a
0024000a000a0035
004900090009002e
0079000700070021
00a7000500050015
00ce00020002000d
00e4000100010007
00f5000000000003
0100000000000000
0100000000000000
0100000000000000
0100000000000000
0100000000000000
0100000000000000
0100000000000000
0100000000000000
0100000000000000
0100000000000000
0100000000000000
0100000000000000
0100000000000000
0100000000000000
0100000000000000
0100000000000000
0100000000000000
0100000000000000
0100000000000000
0100000000000000
0100000000000000
0100000000000000
0100000000000000
0100000000000000
0100000000000000
0100000000000000
0100000000000000
0100000000000000
0100000000000000
0100000000000000
0100000000000000
0100000000000000
0100000000000000
0100000000000000
0100000000000000
0100000000000000
0100000000000000
0100000000000000
0100000000000000
0100000000000000
0100000000000000
0100000000000000
0100000000000000
0100000000000000
0100000000000000
0100000000000000
0100000000000000
0100000000000000
0100000000000000
0100000000000000
0100000000000000
0100000000000000
0100000000000000
0100000000000000
0100000000000000
0100000000000000
0100000000000000
0100000000000000
0100000000000000
0100000000000000
0100000000000000
0100000000000000
0100000000000000
0100000000000000
0100000000000000
0100000000000000
0100000000000000
0100000000000000
0100000000000000
0100000000000000
0100000000000000
0100000000000000
0100000000000000
0100000000000000
0100000000000000
0100000000000000
0100000000000000
0100000000000000
0100000000000000
0100000000000000
0100000000000000
0100000000000000
0100000000000000
0100000000000000
0100000000000000
0100000000000000
0100000000000000
0100000000000000
0100000000000000
0100000000000000
0100000000000000
0100000000000000
0100000000000000
0100000000000000
0100000000000000
0100000000000000
0100000000000000
00fb000000000001
00f4000000000003
00e9000100010004
00d700030003000a
00bf000300030010
00a0000400040018
007a000700070021
0056000900090029
0036000a000a0033
001e000c000c0037
000d000c000c003c
0001000c000c003d
0000000d000d003e
0000000d000d003e
0000000c000c003e
0001000c000c003c
0003000a000a003c
0002000c000c003c
0001000b000b003d
0000000c000c003e
0000000c000c003f
0000000d000d003f
0002000f000f003e
000a000e000e003b
001f000a000a0037
004000080008002f
0071000800080023
00a2000500050016
00c600030003000e
00e3000100010007
00f4000000000003
0100000000000000
0100000000000000
0100000000000000
0100000000000000
0100000000000000
0100000000000000
0100000000000000
0100000000000000
0100000000000000
0100000000000000
0100000000000000
0100000000000000
0100000000000000
0100000000000000
0100000000000000
0100000000000000
0100000000000000
0100000000000000
0100000000000000
0100000000000000
0100000000000000
0100000000000000
0100000000000000
0100000000000000
0100000000000000
0100000000000000
0100000000000000
0100000000000000
0100000000000000
0100000000000000
0100000000000000
0100000000000000
0100000000000000
0100000000000000
0100000000000000
0100000000000000
0100000000000000
0100000000000000
0100000000000000
0100000000000000
0100000000000000
0100000000000000
0100000000000000
0100000000000000
0100000000000000
0100000000000000
0100000000000000
0100000000000000
0100000000000000
0100000000000000
0100000000000000
0100000000000000
0100000000000000
0100000000000000
0100000000000000
0100000000000000
0100000000000000
0100000000000000
0100000000000000
0100000000000000
0100000000000000
0100000000000000
0100000000000000
0100000000000000
0100000000000000
0100000000000000
0100000000000000
0100000000000000
0100000000000000
0100000000000000
0100000000000000
0100000000000000
0100000000000000
0100000000000000
0100000000000000
0100000000000000
0100000000000000
0100000000000000
0100000000000000
0100000000000000
0100000000000000
0100000000000000
0100000000000000
0100000000000000
0100000000000000
0100000000000000
0100000000000000
0100000000000000
0100000000000000
0100000000000000
0100000000000000
0100000000000000
0100000000000000
0100000000000000
0100000000000000
0100000000000000
0100000000000000
00fd000000000001
00f5000000000003
00eb000100010005
00db000200020009
00c400030003000e
00a6000600060016
0082000700070020
005d000800080029
003b000a000a0030
0022000b000b0037
000d000c000c003b
0002000c000c003e
0000000c000c003e
0000000d000d003f
0000000d000d003e
0000000d000d003c
0001000b000b003d
0001000d000d003d
0000000d000d003e
0000000d000d003d
0000000c000c003e
0000000c000c003e
0001000c000c003c
0007000d000d003d
001a000b000b0037
003b000a000a0030
0069000700070025
0099000500050019
00c2000300030010
00e1000100010007
00f1000000000004
0100000000000000
0100000000000000
0100000000000000
0100000000000000
0100000000000000
0100000000000000
0100000000000000
0100000000000000
0100000000000000
0100000000000000
0100000000000000
0100000000000000
0100000000000000
0100000000000000
0100000000000000
0100000000000000
0100000000000000
0100000000000000
0100000000000000
0100000000000000
0100000000000000
0100000000000000
0100000000000000
0100000000000000
0100000000000000
0100000000000000
0100000000000000
0100000000000000
0100000000000000
0100000000000000
0100000000000000
0100000000000000
0100000000000000
0100000000000000
0100000000000000
0100000000000000
0100000000000000
0100000000000000
0100000000000000
0100000000000000
0100000000000000
0100000000000000
0100000000000000
0100000000000000
0100000000000000
0100000000000000
0100000000000000
0100000000000000
0100000000000000
0100000000000000
0100000000000000
0100000000000000
0100000000000000
0100000000000000
0100000000000000
0100000000000000
0100000000000000
0100000000000000
0100000000000000
0100000000000000
0100000000000000
0100000000000000
0100000000000000
0100000000000000
0100000000000000
0100000000000000
0100000000000000
0100000000000000
0100000000000000
0100000000000000
0100000000000000
0100000000000000
0100000000000000
0100000000000000
0100000000000000
0100000000000000
0100000000000000
0100000000000000
0100000000000000
0100000000000000
0100000000000000
0100000000000000
0100000000000000
0100000000000000
0100000000000000
0100000000000000
0100000000000000
0100000000000000
0100000000000000
0100000000000000
0100000000000000
0100000000000000
0100000000000000
0100000000000000
0100000000000000
0100000000000000
0100000000000000
00fc000000000001
00f7000000000002
00ef000000000005
00de000200020008
00cb00020002000e
00ac000600060014
008900060006001d
0064000800080026
0040000a000a002f
0026000a000a0035
000d000d000d003b
0000000d000d003c
0000000d000d003e
0000000c000c003e
0000000c000c003e
0000000c000c003e
0000000b000b003b
0000000b000b003e
0000000c000c003d
0000000b000b0040
0000000e000e003e
0000000e000e003c
0000000c000c003e
0006000c000c003c
0015000c000c0039
0034000900090032
0064000800080026
009400060006001c
00bc000300030011
00dc000200020009
00f1000000000003
00fe000000000001
0100000000000000
0100000000000000
0100000000000000
0100000000000000
0100000000000000
0100000000000000
0100000000000000
0100000000000000
0100000000000000
0100000000000000
0100000000000000
0100000000000000
0100000000000000
0100000000000000
0100000000000000
0100000000000000
0100000000000000
0100000000000000
0100000000000000
0100000000000000
0100000000000000
0100000000000000
0100000000000000
0100000000000000
0100000000000000
0100000000000000
0100000000000000
0100000000000000
0100000000000000
0100000000000000
0100000000000000
0100000000000000
0100000000000000
0100000000000000
0100000000000000
0100000000000000
0100000000000000
0100000000000000
0100000000000000
0100000000000000
0100000000000000
0100000000000000
0100000000000000
0100000000000000
0100000000000000
0100000000000000
0100000000000000
0100000000000000
0100000000000000
0100000000000000
0100000000000000
0100000000000000
0100000000000000
0100000000000000
0100000000000000
0100000000000000
0100000000000000
0100000000000000
0100000000000000
0100000000000000
0100000000000000
0100000000000000
0100000000000000
0100000000000000
0100000000000000
0100000000000000
0100000000000000
0100000000000000
0100000000000000
0100000000000000
0100000000000000
0100000000000000
0100000000000000
0100000000000000
0100000000000000
0100000000000000
0100000000000000
0100000000000000
0100000000000000
0100000000000000
0100000000000000
0100000000000000
0100000000000000
0100000000000000
0100000000000000
0100000000000000
0100000000000000
0100000000000000
0100000000000000
0100000000000000
0100000000000000
0100000000000000
0100000000000000
0100000000000000
0100000000000000
0100000000000000
00fc000000000001
00fa000000000002
00f1000000000003
00e2000200020008
00cf00030003000c
00b4000400040013
009200050005001b
006c000700070025
004700090009002e
0029000c000c0035
000e000c000c003a
0000000d000d003e
0000000d000d003e
0000000f000f0040
0000000e000e0040
0000000d000d003d
0000000d000d003c
0000000d000d003e
0000000d000d003e
0000000f000f003d
0000000c000c0040
0000000e000e003e
0000000c000c003f
0004000c000c003d
0013000b000b003a
0031000a000a0032
005e000800080028
008f00050005001b
00bc000300030010
00d900020002000a
00ed000000000004
00fe000000000001
0100000000000000
0100000000000000
0100000000000000
0100000000000000
0100000000000000
0100000000000000
0100000000000000
0100000000000000
0100000000000000
0100000000000000
0100000000000000
0100000000000000
0100000000000000
0100000000000000
0100000000000000
0100000000000000
0100000000000000
0100000000000000
0100000000000000
0100000000000000
0100000000000000
0100000000000000
0100000000000000
0100000000000000
0100000000000000
0100000000000000
0100000000000000
0100000000000000
0100000000000000
0100000000000000
0100000000000000
0100000000000000
0100000000000000
0100000000000000
0100000000000000
0100000000000000
0100000000000000
0100000000000000
0100000000000000
0100000000000000
0100000000000000
0100000000000000
0100000000000000
0100000000000000
0100000000000000
0100000000000000
0100000000000000
0100000000000000
0100000000000000
0100000000000000
0100000000000000
0100000000000000
0100000000000000
0100000000000000
0100000000000000
0100000000000000
0100000000000000
0100000000000000
0100000000000000
0100000000000000
0100000000000000
0100000000000000
0100000000000000
0100000000000000
0100000000000000
0100000000000000
0100000000000000
0100000000000000
0100000000000000
0100000000000000
0100000000000000
0100000000000000
0100000000000000
0100000000000000
0100000000000000
0100000000000000
0100000000000000
0100000000000000
0100000000000000
0100000000000000
0100000000000000
0100000000000000
0100000000000000
0100000000000000
0100000000000000
0100000000000000
0100000000000000
0100000000000000
0100000000000000
0100000000000000
0100000000000000
0100000000000000
0100000000000000
0100000000000000
0100000000000000
0100000000000000
0100000000000000
00fa000000000002
00f3000000000003
00e6000100010006
00d200030003000b
00b9000400040011
009600040004001a
0072000600060023
004c00090009002c
002b000a000a0033
0010000d000d003a
0002000e000e003d
0000000d000d003d
0000000d000d003d
0000000d000d003f
0000000c000c003f
0000000c000c003d
0000000b000b003e
0000000b000b003f
0000000e000e003d
0000000c000c003e
0000000d000d003e
0000000b000b003e
0003000c000c003d
000f000b000b0039
002a000900090034
0056000700070027
008d00060006001d
00b6000400040012
00d700020002000a
00ef000000000004
00fd000000000001
0100000000000000
0100000000000000
0100000000000000
0100000000000000
0100000000000000
0100000000000000
0100000000000000
0100000000000000
0100000000000000
0100000000000000
0100000000000000
0100000000000000
0100000000000000
0100000000000000
0100000000000000
0100000000000000
0100000000000000
0100000000000000
0100000000000000
0100000000000000
0100000000000000
0100000000000000
0100000000000000
0100000000000000
0100000000000000
0100000000000000
0100000000000000
0100000000000000
0100000000000000
0100000000000000
0100000000000000
0100000000000000
0100000000000000
0100000000000000
0100000000000000
0100000000000000
0100000000000000
0100000000000000
0100000000000000
0100000000000000
0100000000000000
0100000000000000
0100000000000000
0100000000000000
0100000000000000
0100000000000000
0100000000000000
0100000000000000
0100000000000000
0100000000000000
0100000000000000
0100000000000000
0100000000000000
0100000000000000
0100000000000000
0100000000000000
0100000000000000
0100000000000000
0100000000000000
0100000000000000
0100000000000000
0100000000000000
0100000000000000
0100000000000000
0100000000000000
0100000000000000
0100000000000000
0100000000000000
0100000000000000
0100000000000000
0100000000000000
0100000000000000
0100000000000000
0100000000000000
0100000000000000
0100000000000000
0100000000000000
0100000000000000
0100000000000000
0100000000000000
0100000000000000
0100000000000000
0100000000000000
0100000000000000
0100000000000000
0100000000000000
0100000000000000
0100000000000000
0100000000000000
0100000000000000
0100000000000000
0100000000000000
0100000000000000
0100000000000000
0100000000000000
0100000000000000
0100000000000000
00f9000000000002
00f4000000000003
00ed000100010004
00d800030003000a
00c0000300030010
009d000500050019
0077000700070021
0050000800080029
002d000b000b0032
0014000d000d0037
0004000c000c003a
0000000d000d003e
0000000e000e003f
0000000f000f003e
0000000e000e003f
0000000e000e003d
0000000e000e003c
0000000c000c003f
0000000c000c003d
0000000e000e003f
0000000d000d003f
0000000e000e003f
0002000c000c003f
000c000b000b003a
0026000a000a0036
005200080008002b
008600060006001d
00b3000400040012
00d8000200020009
00ec000000000005
00fd000000000001
0100000000000000
0100000000000000
0100000000000000
0100000000000000
0100000000000000
0100000000000000
0100000000000000
0100000000000000
0100000000000000
0100000000000000
0100000000000000
0100000000000000
0100000000000000
0100000000000000
0100000000000000
0100000000000000
0100000000000000
0100000000000000
0100000000000000
0100000000000000
0100000000000000
0100000000000000
0100000000000000
0100000000000000
0100000000000000
0100000000000000
0100000000000000
0100000000000000
0100000000000000
0100000000000000
0100000000000000
0100000000000000
0100000000000000
0100000000000000
0100000000000000
0100000000000000
0100000000000000
0100000000000000
0100000000000000
0100000000000000
0100000000000000
0100000000000000
0100000000000000
0100000000000000
0100000000000000
0100000000000000
0100000000000000
0100000000000000
0100000000000000
0100000000000000
0100000000000000
0100000000000000
0100000000000000
0100000000000000
0100000000000000
0100000000000000
0100000000000000
0100000000000000
0100000000000000
0100000000000000
0100000000000000
0100000000000000
0100000000000000
0100000000000000
0100000000000000
0100000000000000
0100000000000000
0100000000000000
0100000000000000
0100000000000000
0100000000000000
0100000000000000
0100000000000000
0100000000000000
0100000000000000
0100000000000000
0100000000000000
0100000000000000
0100000000000000
0100000000000000
0100000000000000
0100000000000000
0100000000000000
0100000000000000
0100000000000000
0100000000000000
0100000000000000
0100000000000000
0100000000000000
0100000000000000
0100000000000000
0100000000000000
0100000000000000
0100000000000000
0100000000000000
0100000000000000
0100000000000000
00fc000000000001
00f6000000000002
00ec000000000005
00dd000200020009
00c400030003000e
00a2000600060016
007d00060006001f
0054000900090027
0030000b000b0030
0015000b000b0038
0004000d000d003c
0000000e000e003d
0000000d000d003f
0000000d000d003f
0000000d000d003e
0000000c000c003f
0000000d000d003e
0000000c000c003d
0000000d000d003e
0000000e000e003f
0000000d000d0040
0000000f000f003f
0001000d000d003f
000b000c000c003c
0023000800080036
004a00080008002b
007f00060006001e
00b1000400040012
00d500020002000a
00ec000000000004
00fd000000000001
0100000000000000
0100000000000000
0100000000000000
0100000000000000
0100000000000000
0100000000000000
0100000000000000
0100000000000000
0100000000000000
0100000000000000
0100000000000000
0100000000000000
0100000000000000
0100000000000000
0100000000000000
0100000000000000
0100000000000000
0100000000000000
0100000000000000
0100000000000000
0100000000000000
0100000000000000
0100000000000000
0100000000000000
0100000000000000
0100000000000000
0100000000000000
0100000000000000
0100000000000000
0100000000000000
0100000000000000
0100000000000000
0100000000000000
0100000000000000
0100000000000000
0100000000000000
0100000000000000
0100000000000000
0100000000000000
0100000000000000
0100000000000000
0100000000000000
0100000000000000
0100000000000000
0100000000000000
0100000000000000
0100000000000000
0100000000000000
0100000000000000
0100000000000000
0100000000000000
0100000000000000
0100000000000000
0100000000000000
0100000000000000
0100000000000000
0100000000000000
0100000000000000
0100000000000000
0100000000000000
0100000000000000
0100000000000000
0100000000000000
0100000000000000
0100000000000000
0100000000000000
0100000000000000
0100000000000000
0100000000000000
0100000000000000
0100000000000000
0100000000000000
0100000000000000
0100000000000000
0100000000000000
0100000000000000
0100000000000000
0100000000000000
0100000000000000
0100000000000000
0100000000000000
0100000000000000
0100000000000000
0100000000000000
0100000000000000
0100000000000000
0100000000000000
0100000000000000
0100000000000000
0100000000000000
0100000000000000
0100000000000000
0100000000000000
0100000000000000
0100000000000000
0100000000000000
0100000000000000
00fc000000000001
00f9000000000002
00ef000000000004
00de000200020009
00ca00020002000e
00a9000400040015
007f00070007001f
0057000800080028
0032000a000a0032
0015000c000c0038
0007000d000d003c
0000000d000d003d
0000000c000c003f
0000000c000c003f
0000000e000e003f
0000000e000e0040
0000000d000d0040
0000000c000c003e
0000000e000e003d
0000000e000e003e
0000000f000f003d
0000000c000c003e
0001000e000e003d
0009000d000d003c
001f000c000c0035
004700070007002d
007b00060006001f
00b0000400040014
00d300020002000b
00ee000000000004
00fd000000000001
0100000000000000
0100000000000000
0100000000000000
0100000000000000
0100000000000000
0100000000000000
0100000000000000
0100000000000000
0100000000000000
0100000000000000
0100000000000000
0100000000000000
0100000000000000
0100000000000000
0100000000000000
0100000000000000
0100000000000000
0100000000000000
0100000000000000
0100000000000000
0100000000000000
0100000000000000
0100000000000000
0100000000000000
0100000000000000
0100000000000000
0100000000000000
0100000000000000
0100000000000000
0100000000000000
0100000000000000
0100000000000000
0100000000000000
0100000000000000
0100000000000000
0100000000000000
0100000000000000
0100000000000000
0100000000000000
0100000000000000
0100000000000000
0100000000000000
0100000000000000
0100000000000000
0100000000000000
0100000000000000
0100000000000000
0100000000000000
0100000000000000
0100000000000000
0100000000000000
0100000000000000
0100000000000000
0100000000000000
0100000000000000
0100000000000000
0100000000000000
0100000000000000
0100000000000000
0100000000000000
0100000000000000
0100000000000000
0100000000000000
0100000000000000
0100000000000000
0100000000000000
0100000000000000
0100000000000000
0100000000000000
0100000000000000
0100000000000000
0100000000000000
0100000000000000
0100000000000000
0100000000000000
0100000000000000
0100000000000000
0100000000000000
0100000000000000
0100000000000000
0100000000000000
0100000000000000
0100000000000000
0100000000000000
0100000000000000
0100000000000000
0100000000000000
0100000000000000
0100000000000000
0100000000000000
0100000000000000
0100000000000000
0100000000000000
0100000000000000
0100000000000000
0100000000000000
0100000000000000
0100000000000000
00fa000000000002
00f1000000000003
00e2000100010007
00c800020002000d
00aa000300030016
008300060006001c
005b000900090027
0031000a000a0031
0017000c000c0038
0004000d000d003c
0000000c000c003d
0000000d000d003f
0000000e000e003f
0000000d000d003f
0000000d000d003e
0000000d000d003e
0000000d000d003e
0000000c000c003d
0000000b000b003e
0000000d000d003d
0000000e000e003c
0000000b000b003e
0008000e000e003e
001d000e000e0036
0045000a000a002d
0078000500050022
00a7000400040015
00cc00020002000d
00ee000000000004
00fd000000000001
0100000000000000
0100000000000000
0100000000000000
0100000000000000
0100000000000000
0100000000000000
0100000000000000
0100000000000000
0100000000000000
0100000000000000
0100000000000000
0100000000000000
0100000000000000
0100000000000000
0100000000000000
0100000000000000
0100000000000000
0100000000000000
0100000000000000
0100000000000000
0100000000000000
0100000000000000
0100000000000000
0100000000000000
0100000000000000
0100000000000000
0100000000000000
0100000000000000
0100000000000000
0100000000000000
0100000000000000
0100000000000000
0100000000000000
0100000000000000
0100000000000000
0100000000000000
0100000000000000
0100000000000000
0100000000000000
0100000000000000
0100000000000000
0100000000000000
0100000000000000
0100000000000000
0100000000000000
0100000000000000
0100000000000000
0100000000000000
0100000000000000
0100000000000000
0100000000000000
0100000000000000
0100000000000000
0100000000000000
0100000000000000
0100000000000000
0100000000000000
0100000000000000
0100000000000000
0100000000000000
0100000000000000
0100000000000000
0100000000000000
0100000000000000
0100000000000000
0100000000000000
0100000000000000
0100000000000000
0100000000000000
0100000000000000
0100000000000000
0100000000000000
0100000000000000
0100000000000000
0100000000000000
0100000000000000
0100000000000000
0100000000000000
0100000000000000
0100000000000000
0100000000000000
0100000000000000
0100000000000000
0100000000000000
0100000000000000
0100000000000000
0100000000000000
0100000000000000
0100000000000000
0100000000000000
0100000000000000
0100000000000000
0100000000000000
0100000000000000
0100000000000000
0100000000000000
0100000000000000
0100000000000000
00fb000000000001
00f0000000000004
00e6000100010006
00ce00030003000b
00ad000500050013
008500060006001f
0058000800080029
0031000a000a0032
0015000c000c0039
0003000c000c003c
0000000d000d003f
0000000e000e003e
0000000d000d003f
0000000c000c0041
0000000d000d003f
0000000d000d003e
0000000d000d003f
0000000d000d003f
0000000c000c0040
0000000d000d003e
0000000e000e003f
0000000c000c003d
0007000c000c003c
001b000d000d0037
003f000800080030
0070000600060023
00a2000300030014
00cc00020002000c
00ea000000000004
00fd000000000001
0100000000000000
0100000000000000
0100000000000000
0100000000000000
0100000000000000
0100000000000000
0100000000000000
0100000000000000
0100000000000000
0100000000000000
0100000000000000
0100000000000000
0100000000000000
0100000000000000
0100000000000000
0100000000000000
0100000000000000
0100000000000000
0100000000000000
0100000000000000
0100000000000000
0100000000000000
0100000000000000
0100000000000000
0100000000000000
0100000000000000
0100000000000000
0100000000000000
0100000000000000
0100000000000000
0100000000000000
0100000000000000
0100000000000000
0100000000000000
0100000000000000
0100000000000000
0100000000000000
0100000000000000
0100000000000000
0100000000000000
0100000000000000
0100000000000000
0100000000000000
0100000000000000
0100000000000000
0100000000000000
0100000000000000
0100000000000000
0100000000000000
0100000000000000
0100000000000000
0100000000000000
0100000000000000
0100000000000000
0100000000000000
0100000000000000
0100000000000000
0100000000000000
0100000000000000
0100000000000000
0100000000000000
0100000000000000
0100000000000000
0100000000000000
0100000000000000
0100000000000000
0100000000000000
0100000000000000
0100000000000000
0100000000000000
0100000000000000
0100000000000000
0100000000000000
0100000000000000
0100000000000000
0100000000000000
0100000000000000
0100000000000000
0100000000000000
0100000000000000
0100000000000000
0100000000000000
0100000000000000
0100000000000000
0100000000000000
0100000000000000
0100000000000000
0100000000000000
0100000000000000
0100000000000000
0100000000000000
0100000000000000
0100000000000000
0100000000000000
0100000000000000
0100000000000000
0100000000000000
0100000000000000
00fc000000000001
00f2000000000004
00e5000000000007
00d100020002000a
00ab000500050014
008600060006001e
005700090009002a
0030000a000a0033
0011000a000a003a
0002000c000c003c
0000000c000c003d
0000000d000d003f
0000000e000e003f
0000000e000e003f
0000000d000d0040
0000000e000e0040
0000000d000d0040
0000000c000c003f
0000000d000d003e
0000000e000e003d
0000000f000f003e
0000000e000e003d
0006000b000b003e
0017000c000c0038
003c000a000a002f
006c000800080022
009c000600060019
00c800010001000d
00e8000000000006
00fa000000000001
0100000000000000
0100000000000000
0100000000000000
0100000000000000
0100000000000000
0100000000000000
0100000000000000
0100000000000000
0100000000000000
0100000000000000
0100000000000000
0100000000000000
0100000000000000
0100000000000000
0100000000000000
0100000000000000
0100000000000000
0100000000000000
0100000000000000
0100000000000000
0100000000000000
0100000000000000
0100000000000000
0100000000000000
0100000000000000
0100000000000000
0100000000000000
0100000000000000
0100000000000000
0100000000000000
0100000000000000
0100000000000000
0100000000000000
0100000000000000
0100000000000000
0100000000000000
0100000000000000
0100000000000000
0100000000000000
0100000000000000
0100000000000000
0100000000000000
0100000000000000
0100000000000000
0100000000000000
0100000000000000
0100000000000000
0100000000000000
0100000000000000
0100000000000000
0100000000000000
0100000000000000
0100000000000000
0100000000000000
0100000000000000
0100000000000000
0100000000000000
0100000000000000
0100000000000000
0100000000000000
0100000000000000
0100000000000000
0100000000000000
0100000000000000
0100000000000000
0100000000000000
0100000000000000
0100000000000000
0100000000000000
0100000000000000
0100000000000000
0100000000000000
0100000000000000
0100000000000000
0100000000000000
0100000000000000
0100000000000000
0100000000000000
0100000000000000
0100000000000000
0100000000000000
0100000000000000
0100000000000000
0100000000000000
0100000000000000
0100000000000000
0100000000000000
0100000000000000
0100000000000000
0100000000000000
0100000000000000
0100000000000000
0100000000000000
0100000000000000
0100000000000000
0100000000000000
0100000000000000
0100000000000000
00fc000000000001
00f4000000000003
00e8000000000006
00d000020002000c
00b0000400040012
008700050005001e
0056000800080028
002e000a000a0032
0010000a000a003b
0001000d000d003d
0000000d000d003d
0000000e000e0040
0000000d000d0041
0000000c000c0040
0000000d000d0040
0000000c000c003f
0000000c000c003f
0000000d000d003f
0000000d000d003f
0000000d000d003f
0000000d000d0040
0000000d000d003f
0003000b000b003b
0013000c000c0039
0035000b000b0031
0064000900090025
0098000600060019
00c400010001000e
00e2000000000007
00f8000000000002
0100000000000000
0100000000000000
0100000000000000
0100000000000000
0100000000000000
0100000000000000
0100000000000000
0100000000000000
0100000000000000
0100000000000000
0100000000000000
0100000000000000
0100000000000000
0100000000000000
0100000000000000
0100000000000000
0100000000000000
0100000000000000
0100000000000000
0100000000000000
0100000000000000
0100000000000000
0100000000000000
0100000000000000
0100000000000000
0100000000000000
0100000000000000
0100000000000000
0100000000000000
0100000000000000
0100000000000000
0100000000000000
0100000000000000
0100000000000000
0100000000000000
0100000000000000
0100000000000000
0100000000000000
0100000000000000
0100000000000000
0100000000000000
0100000000000000
0100000000000000
0100000000000000
0100000000000000
0100000000000000
0100000000000000
0100000000000000
0100000000000000
0100000000000000
0100000000000000
0100000000000000
0100000000000000
0100000000000000
0100000000000000
0100000000000000
0100000000000000
0100000000000000
0100000000000000
0100000000000000
0100000000000000
0100000000000000
0100000000000000
0100000000000000
0100000000000000
0100000000000000
0100000000000000
0100000000000000
0100000000000000
0100000000000000
0100000000000000
0100000000000000
0100000000000000
0100000000000000
0100000000000000
0100000000000000
0100000000000000
0100000000000000
0100000000000000
0100000000000000
0100000000000000
0100000000000000
0100000000000000
0100000000000000
0100000000000000
0100000000000000
0100000000000000
0100000000000000
0100000000000000
0100000000000000
0100000000000000
0100000000000000
0100000000000000
0100000000000000
0100000000000000
0100000000000000
0100000000000000
0100000000000000
00fe000000000001
00f6000000000003
00e7000000000005
00d100010001000c
00b1000500050013
008900050005001d
0058000900090029
002d000b000b0034
0010000c000c003a
0001000c000c003d
0000000d000d003f
0000000c000c0040
0000000e000e0040
0000000c000c003f
0000000d000d0040
0000000d000d003f
0000000d000d003f
0000000c000c003f
0000000d000d003e
0000000d000d003e
0000000d000d003d
0000000d000d003d
0003000e000e003f
0010000c000c003d
002d000c000c0032
0058000800080026
008a00060006001c
00bb000200020011
00dc000000000008
00f4000000000003
00fa000000000001
0100000000000000
0100000000000000
0100000000000000
0100000000000000
0100000000000000
0100000000000000
0100000000000000
0100000000000000
0100000000000000
0100000000000000
0100000000000000
0100000000000000
0100000000000000
0100000000000000
0100000000000000
0100000000000000
0100000000000000
0100000000000000
0100000000000000
0100000000000000
0100000000000000
0100000000000000
0100000000000000
0100000000000000
0100000000000000
0100000000000000
0100000000000000
0100000000000000
0100000000000000
0100000000000000
0100000000000000
0100000000000000
0100000000000000
0100000000000000
0100000000000000
0100000000000000
0100000000000000
0100000000000000
0100000000000000
0100000000000000
0100000000000000
0100000000000000
0100000000000000
0100000000000000
0100000000000000
0100000000000000
0100000000000000
0100000000000000
0100000000000000
0100000000000000
0100000000000000
0100000000000000
0100000000000000
0100000000000000
0100000000000000
0100000000000000
0100000000000000
0100000000000000
0100000000000000
0100000000000000
0100000000000000
0100000000000000
0100000000000000
0100000000000000
0100000000000000
0100000000000000
0100000000000000
0100000000000000
0100000000000000
0100000000000000
0100000000000000
0100000000000000
0100000000000000
0100000000000000
0100000000000000
0100000000000000
0100000000000000
0100000000000000
0100000000000000
0100000000000000
0100000000000000
0100000000000000
0100000000000000
0100000000000000
0100000000000000
0100000000000000
0100000000000000
0100000000000000
0100000000000000
0100000000000000
0100000000000000
0100000000000000
0100000000000000
0100000000000000
0100000000000000
0100000000000000
0100000000000000
0100000000000000
00f7000000000002
00eb000000000005
00d5000100010009
00b4000400040013
008a00050005001c
005c000900090028
0032000c000c002f
0011000a000a003a
0002000c000c003e
0000000e000e003f
0000000d000d003f
0000000d000d003f
0000000e000e003f
0000000e000e0041
0000000d000d003f
0000000d000d003f
0000000d000d003f
0000000d000d003e
0000000e000e003f
0000000e000e0040
0000000b000b003f
0000000c000c003b
000c000d000d003c
0025000c000c0036
005000090009002a
007f00050005001f
00b0000400040014
00d500020002000b
00ee000000000003
00f8000000000003
00fe000000000001
0100000000000000
0100000000000000
0100000000000000
0100000000000000
0100000000000000
0100000000000000
0100000000000000
0100000000000000
0100000000000000
0100000000000000
0100000000000000
0100000000000000
0100000000000000
0100000000000000
0100000000000000
0100000000000000
0100000000000000
0100000000000000
0100000000000000
0100000000000000
0100000000000000
0100000000000000
0100000000000000
0100000000000000
0100000000000000
0100000000000000
0100000000000000
0100000000000000
0100000000000000
0100000000000000
0100000000000000
0100000000000000
0100000000000000
0100000000000000
0100000000000000
0100000000000000
0100000000000000
0100000000000000
0100000000000000
0100000000000000
0100000000000000
0100000000000000
0100000000000000
0100000000000000
0100000000000000
0100000000000000
0100000000000000
0100000000000000
0100000000000000
0100000000000000
0100000000000000
0100000000000000
0100000000000000
0100000000000000
0100000000000000
0100000000000000
0100000000000000
0100000000000000
0100000000000000
0100000000000000
0100000000000000
0100000000000000
0100000000000000
0100000000000000
0100000000000000
0100000000000000
0100000000000000
0100000000000000
0100000000000000
0100000000000000
0100000000000000
0100000000000000
0100000000000000
0100000000000000
0100000000000000
0100000000000000
0100000000000000
0100000000000000
0100000000000000
0100000000000000
0100000000000000
0100000000000000
0100000000000000
0100000000000000
0100000000000000
0100000000000000
0100000000000000
0100000000000000
0100000000000000
0100000000000000
0100000000000000
0100000000000000
0100000000000000
0100000000000000
0100000000000000
0100000000000000
0100000000000000
00f7000000000002
00ec000000000004
00d900000000000a
00bd000400040011
0092000400040019
0062000800080027
0035000a000a0032
0014000a000a0038
0002000d000d003c
0000000d000d003e
0000000f000f003f
0000000d000d003f
0000000d000d0040
0000000d000d003f
0000000d000d0040
0000000c000c0040
0000000e000e0040
0000000d000d003e
0000000d000d0040
0000000d000d003f
0000000d000d003e
0000000d000d003d
0008000d000d003c
001d000e000e0036
003f000a000a002d
006f000400040023
00a0000400040016
00cc00030003000b
00e6000000000006
00f0000000000004
00fa000000000001
0100000000000000
0100000000000000
0100000000000000
0100000000000000
0100000000000000
0100000000000000
0100000000000000
0100000000000000
0100000000000000
0100000000000000
0100000000000000
0100000000000000
0100000000000000
0100000000000000
0100000000000000
0100000000000000
0100000000000000
0100000000000000
0100000000000000
0100000000000000
0100000000000000
0100000000000000
0100000000000000
0100000000000000
0100000000000000
0100000000000000
0100000000000000
0100000000000000
0100000000000000
0100000000000000
0100000000000000
0100000000000000
0100000000000000
0100000000000000
0100000000000000
0100000000000000
0100000000000000
0100000000000000
0100000000000000
0100000000000000
0100000000000000
0100000000000000
0100000000000000
0100000000000000
0100000000000000
0100000000000000
0100000000000000
0100000000000000
0100000000000000
0100000000000000
0100000000000000
0100000000000000
0100000000000000
0100000000000000
0100000000000000
0100000000000000
0100000000000000
0100000000000000
0100000000000000
0100000000000000
0100000000000000
0100000000000000
0100000000000000
0100000000000000
0100000000000000
0100000000000000
0100000000000000
0100000000000000
0100000000000000
0100000000000000
0100000000000000
0100000000000000
0100000000000000
0100000000000000
0100000000000000
0100000000000000
0100000000000000
0100000000000000
0100000000000000
0100000000000000
0100000000000000
0100000000000000
0100000000000000
0100000000000000
0100000000000000
0100000000000000
0100000000000000
0100000000000000
0100000000000000
0100000000000000
0100000000000000
0100000000000000
0100000000000000
0100000000000000
0100000000000000
0100000000000000
0100000000000000
00f8000000000001
00f1000000000004
00dd000000000008
00bf00040004000f
009a000400040018
006c000700070026
003f000a000a002e
001c000b000b0037
0005000c000c003b
0000000d000d003e
0000000e000e003f
0000000c000c003f
0000000d000d0040
0000000d000d0040
0000000d000d003f
0000000d000d003f
0000000d000d003f
0000000d000d003e
0000000d000d003f
0000000e000e003d
0000000d000d003c
0000000d000d003e
0005000d000d003b
0015000e000e0038
0035000800080031
005e000700070027
008f00050005001c
00bc000400040010
00db000200020008
00ed000000000004
00f6000000000003
00fc000000000001
0100000000000000
0100000000000000
0100000000000000
0100000000000000
0100000000000000
0100000000000000
0100000000000000
0100000000000000
0100000000000000
0100000000000000
0100000000000000
0100000000000000
0100000000000000
0100000000000000
0100000000000000
0100000000000000
0100000000000000
0100000000000000
0100000000000000
0100000000000000
0100000000000000
0100000000000000
0100000000000000
0100000000000000
0100000000000000
0100000000000000
0100000000000000
0100000000000000
0100000000000000
0100000000000000
0100000000000000
0100000000000000
0100000000000000
0100000000000000
0100000000000000
0100000000000000
0100000000000000
0100000000000000
0100000000000000
0100000000000000
0100000000000000
0100000000000000
0100000000000000
0100000000000000
0100000000000000
0100000000000000
0100000000000000
0100000000000000
0100000000000000
0100000000000000
0100000000000000
0100000000000000
0100000000000000
0100000000000000
0100000000000000
0100000000000000
0100000000000000
0100000000000000
0100000000000000
0100000000000000
0100000000000000
0100000000000000
0100000000000000
0100000000000000
0100000000000000
0100000000000000
0100000000000000
0100000000000000
0100000000000000
0100000000000000
0100000000000000
0100000000000000
0100000000000000
0100000000000000
0100000000000000
0100000000000000
0100000000000000
0100000000000000
0100000000000000
0100000000000000
0100000000000000
0100000000000000
0100000000000000
0100000000000000
0100000000000000
0100000000000000
0100000000000000
0100000000000000
0100000000000000
0100000000000000
0100000000000000
0100000000000000
0100000000000000
0100000000000000
0100000000000000
0100000000000000
00f8000000000001
00f2000000000004
00e3000000000005
00c800030003000e
00a4000500050015
0079000600060021
004a00090009002d
0025000a000a0037
000c000c000c003b
0000000c000c003f
0000000d000d003f
0000000d000d003e
0000000d000d003f
0000000c000c003f
0000000d000d0040
0000000d000d003e
0000000d000d003e
0000000c000c003d
0000000c000c003d
0000000e000e003e
0000000c000c003e
0000000d000d003f
0002000d000d003e
000f000d000d003a
0029000900090033
004e00080008002b
007d000700070021
00ae000400040014
00cf00030003000c
00e3000100010007
00f1000000000003
00fb000000000002
0100000000000000
0100000000000000
0100000000000000
0100000000000000
0100000000000000
0100000000000000
0100000000000000
0100000000000000
0100000000000000
0100000000000000
0100000000000000
0100000000000000
0100000000000000
0100000000000000
0100000000000000
0100000000000000
0100000000000000
0100000000000000
0100000000000000
0100000000000000
0100000000000000
0100000000000000
0100000000000000
0100000000000000
0100000000000000
0100000000000000
0100000000000000
0100000000000000
0100000000000000
0100000000000000
0100000000000000
0100000000000000
0100000000000000
0100000000000000
0100000000000000
0100000000000000
0100000000000000
0100000000000000
0100000000000000
0100000000000000
0100000000000000
0100000000000000
0100000000000000
0100000000000000
0100000000000000
0100000000000000
0100000000000000
0100000000000000
0100000000000000
0100000000000000
0100000000000000
0100000000000000
0100000000000000
0100000000000000
0100000000000000
0100000000000000
0100000000000000
0100000000000000
0100000000000000
0100000000000000
0100000000000000
0100000000000000
0100000000000000
0100000000000000
0100000000000000
0100000000000000
0100000000000000
0100000000000000
0100000000000000
0100000000000000
0100000000000000
0100000000000000
0100000000000000
0100000000000000
0100000000000000
0100000000000000
0100000000000000
0100000000000000
0100000000000000
0100000000000000
0100000000000000
0100000000000000
0100000000000000
0100000000000000
0100000000000000
0100000000000000
0100000000000000
0100000000000000
0100000000000000
0100000000000000
0100000000000000
0100000000000000
0100000000000000
0100000000000000
0100000000000000
0100000000000000
00fc000000000001
00f5000000000003
00e8000000000005
00d100030003000a
00b1000500050012
008900050005001b
005d000700070028
0034000a000a0031
0015000b000b0039
0005000c000c003d
0000000d000d003e
0000000c000c003f
0000000d000d003f
0000000c000c003f
0000000e000e003f
0000000d000d003f
0000000e000e003e
0000000d000d0040
0000000d000d003f
0000000f000f003e
0000000d000d003e
0000000e000e003c
0001000f000f003e
000a000a000a003a
001d000c000c0037
003f00070007002e
006a000600060024
009a00050005001a
00c100030003000f
00da000200020009
00ee000000000005
00f7000000000002
00fe000000000001
0100000000000000
0100000000000000
0100000000000000
0100000000000000
0100000000000000
0100000000000000
0100000000000000
0100000000000000
0100000000000000
0100000000000000
0100000000000000
0100000000000000
0100000000000000
0100000000000000
0100000000000000
0100000000000000
0100000000000000
0100000000000000
0100000000000000
0100000000000000
0100000000000000
0100000000000000
0100000000000000
0100000000000000
0100000000000000
0100000000000000
0100000000000000
0100000000000000
0100000000000000
0100000000000000
0100000000000000
0100000000000000
0100000000000000
0100000000000000
0100000000000000
0100000000000000
0100000000000000
0100000000000000
0100000000000000
0100000000000000
0100000000000000
0100000000000000
0100000000000000
0100000000000000
0100000000000000
0100000000000000
0100000000000000
0100000000000000
0100000000000000
0100000000000000
0100000000000000
0100000000000000
0100000000000000
0100000000000000
0100000000000000
0100000000000000
0100000000000000
0100000000000000
0100000000000000
0100000000000000
0100000000000000
0100000000000000
0100000000000000
0100000000000000
0100000000000000
0100000000000000
0100000000000000
0100000000000000
0100000000000000
0100000000000000
0100000000000000
0100000000000000
0100000000000000
0100000000000000
0100000000000000
0100000000000000
0100000000000000
0100000000000000
0100000000000000
0100000000000000
0100000000000000
0100000000000000
0100000000000000
0100000000000000
0100000000000000
0100000000000000
0100000000000000
0100000000000000
0100000000000000
0100000000000000
0100000000000000
0100000000000000
0100000000000000
0100000000000000
0100000000000000
0100000000000000
00f5000000000002
00eb000000000005
00d9000100010009
00be000400040011
0098000500050018
006c000800080023
004300080008002d
0021000a000a0037
000c000b000b003a
0000000c000c003d
0000000d000d003e
0000000d000d003f
0000000c000c003f
0000000d000d003f
0000000d000d003e
0000000d000d003f
0000000c000c0040
0000000c000c0040
0000000f000f003f
0000000f000f003c
0000000f000f003e
0000000c000c003e
0006000c000c003b
0014000b000b003b
002f000900090032
0058000900090027
008600070007001e
00ae000400040015
00ce00020002000b
00e7000100010006
00f5000000000003
00fb000000000001
0100000000000000
0100000000000000
0100000000000000
0100000000000000
0100000000000000
0100000000000000
0100000000000000
0100000000000000
0100000000000000
0100000000000000
0100000000000000
0100000000000000
0100000000000000
0100000000000000
0100000000000000
0100000000000000
0100000000000000
0100000000000000
0100000000000000
0100000000000000
0100000000000000
0100000000000000
0100000000000000
0100000000000000
0100000000000000
0100000000000000
0100000000000000
0100000000000000
0100000000000000
0100000000000000
0100000000000000
0100000000000000
0100000000000000
0100000000000000
0100000000000000
0100000000000000
0100000000000000
0100000000000000
0100000000000000
0100000000000000
0100000000000000
0100000000000000
0100000000000000
0100000000000000
0100000000000000
0100000000000000
0100000000000000
0100000000000000
0100000000000000
0100000000000000
0100000000000000
0100000000000000
0100000000000000
0100000000000000
0100000000000000
0100000000000000
0100000000000000
0100000000000000
0100000000000000
0100000000000000
0100000000000000
0100000000000000
0100000000000000
0100000000000000
0100000000000000
0100000000000000
0100000000000000
0100000000000000
0100000000000000
0100000000000000
0100000000000000
0100000000000000
0100000000000000
0100000000000000
0100000000000000
0100000000000000
0100000000000000
0100000000000000
0100000000000000
0100000000000000
0100000000000000
0100000000000000
0100000000000000
0100000000000000
0100000000000000
0100000000000000
0100000000000000
0100000000000000
0100000000000000
0100000000000000
0100000000000000
0100000000000000
0100000000000000
0100000000000000
0100000000000000
0100000000000000
00f8000000000001
00f0000000000004
00e0000000000007
00c800020002000e
00aa000400040015
007f000600060020
0059000700070029
0032000900090031
0017000a000a0038
0007000d000d003c
0000000d000d003d
0000000d000d003e
0000000e000e0040
0000000c000c003e
0000000c000c003f
0000000d000d003e
0000000d000d003f
0000000b000b003d
0000000c000c003e
0000000c000c003e
0000000d000d003f
0000000d000d003c
0003000c000c003d
000e000c000c003a
0023000b000b0035
0045000a000a002d
0072000600060023
009d000500050018
00c1000300030010
00da00020002000a
00ee000000000004
00f9000000000002
0100000000000000
0100000000000000
0100000000000000
0100000000000000
0100000000000000
0100000000000000
0100000000000000
0100000000000000
0100000000000000
0100000000000000
0100000000000000
0100000000000000
0100000000000000
0100000000000000
0100000000000000
0100000000000000
0100000000000000
0100000000000000
0100000000000000
0100000000000000
0100000000000000
0100000000000000
0100000000000000
0100000000000000
0100000000000000
0100000000000000
0100000000000000
0100000000000000
0100000000000000
0100000000000000
0100000000000000
0100000000000000
0100000000000000
0100000000000000
0100000000000000
0100000000000000
0100000000000000
0100000000000000
0100000000000000
0100000000000000
0100000000000000
0100000000000000
0100000000000000
0100000000000000
0100000000000000
0100000000000000
0100000000000000
0100000000000000
0100000000000000
0100000000000000
0100000000000000
0100000000000000
0100000000000000
0100000000000000
0100000000000000
0100000000000000
0100000000000000
0100000000000000
0100000000000000
0100000000000000
0100000000000000
0100000000000000
0100000000000000
0100000000000000
0100000000000000
0100000000000000
0100000000000000
0100000000000000
0100000000000000
0100000000000000
0100000000000000
0100000000000000
0100000000000000
0100000000000000
0100000000000000
0100000000000000
0100000000000000
0100000000000000
0100000000000000
0100000000000000
0100000000000000
0100000000000000
0100000000000000
0100000000000000
0100000000000000
0100000000000000
0100000000000000
0100000000000000
0100000000000000
0100000000000000
0100000000000000
0100000000000000
0100000000000000
0100000000000000
0100000000000000
0100000000000000
00fc000000000001
00f5000000000002
00e8000000000005
00d2000200020009
00b8000400040012
009400060006001b
0069000600060024
004300090009002d
0024000c000c0036
000f000c000c003b
0003000c000c003b
0000000d000d003f
0000000c000c003e
0000000d000d003f
0000000c000c003f
0000000c000c003e
0000000b000b003c
0000000c000c0040
0000000d000d003e
0000000d000d003e
0000000c000c003f
0000000d000d003f
0001000e000e003d
0009000d000d003a
0019000d000d0036
0036000a000a0032
005e000700070026
008c00050005001c
00b2000400040013
00d100020002000b
00e8000100010006
00f4000000000002
00fe000000000001
0100000000000000
0100000000000000
0100000000000000
0100000000000000
0100000000000000
0100000000000000
0100000000000000
0100000000000000
0100000000000000
0100000000000000
0100000000000000
0100000000000000
0100000000000000
0100000000000000
0100000000000000
0100000000000000
0100000000000000
0100000000000000
0100000000000000
0100000000000000
0100000000000000
0100000000000000
0100000000000000
0100000000000000
0100000000000000
0100000000000000
0100000000000000
0100000000000000
0100000000000000
0100000000000000
0100000000000000
0100000000000000
0100000000000000
0100000000000000
0100000000000000
0100000000000000
0100000000000000
0100000000000000
0100000000000000
0100000000000000
0100000000000000
0100000000000000
0100000000000000
0100000000000000
0100000000000000
0100000000000000
0100000000000000
0100000000000000
0100000000000000
0100000000000000
0100000000000000
0100000000000000
0100000000000000
0100000000000000
0100000000000000
0100000000000000
0100000000000000
0100000000000000
0100000000000000
0100000000000000
0100000000000000
0100000000000000
0100000000000000
0100000000000000
0100000000000000
0100000000000000
0100000000000000
0100000000000000
0100000000000000
0100000000000000
0100000000000000
0100000000000000
0100000000000000
0100000000000000
0100000000000000
0100000000000000
0100000000000000
0100000000000000
0100000000000000
0100000000000000
0100000000000000
0100000000000000
0100000000000000
0100000000000000
0100000000000000
0100000000000000
0100000000000000
0100000000000000
0100000000000000
0100000000000000
0100000000000000
0100000000000000
0100000000000000
0100000000000000
0100000000000000
00fe000000000001
00fb000000000001
00ec000000000005
00dd000100010008
00c300030003000f
00a1000400040017
007e000600060021
0055000900090029
0034000a000a0032
0018000a000a0037
0009000c000c003b
0000000c000c003d
0000000d000d003f
0000000c000c003e
0000000c000c003f
0000000d000d003f
0000000d000d003d
0000000b000b003d
0000000b000b003d
0000000c000c003f
0000000c000c003e
0000000c000c003c
0000000b000b003c
0004000c000c003e
0010000d000d003a
0028000900090035
004c000a000a002d
007a000700070021
00a3000500050015
00c700020002000f
00df000200020008
00f2000000000003
00fb000000000001
0100000000000000
0100000000000000
0100000000000000
0100000000000000
0100000000000000
0100000000000000
0100000000000000
0100000000000000
0100000000000000
0100000000000000
0100000000000000
0100000000000000
0100000000000000
0100000000000000
0100000000000000
0100000000000000
0100000000000000
0100000000000000
0100000000000000
0100000000000000
0100000000000000
0100000000000000
0100000000000000
0100000000000000
0100000000000000
0100000000000000
0100000000000000
0100000000000000
0100000000000000
0100000000000000
0100000000000000
0100000000000000
0100000000000000
0100000000000000
0100000000000000
0100000000000000
0100000000000000
0100000000000000
0100000000000000
0100000000000000
0100000000000000
0100000000000000
0100000000000000
0100000000000000
0100000000000000
0100000000000000
0100000000000000
0100000000000000
0100000000000000
0100000000000000
0100000000000000
0100000000000000
0100000000000000
0100000000000000
0100000000000000
0100000000000000
0100000000000000
0100000000000000
0100000000000000
0100000000000000
0100000000000000
0100000000000000
0100000000000000
0100000000000000
0100000000000000
0100000000000000
0100000000000000
0100000000000000
0100000000000000
0100000000000000
0100000000000000
0100000000000000
0100000000000000
0100000000000000
0100000000000000
0100000000000000
0100000000000000
0100000000000000
0100000000000000
0100000000000000
0100000000000000
0100000000000000
0100000000000000
0100000000000000
0100000000000000
0100000000000000
0100000000000000
0100000000000000
0100000000000000
0100000000000000
0100000000000000
0100000000000000
0100000000000000
0100000000000000
0100000000000000
00fe000000000001
00f9000000000002
00f1000000000003
00e6000100010006
00cd00020002000c
00b1000300030013
008f00060006001a
0069000700070026
004300080008002c
0024000a000a0035
000f000c000c003a
0004000c000c003b
0000000d000d003e
0000000d000d003e
0000000e000e003e
0000000e000e003e
0000000d000d003d
0000000c000c003d
0000000d000d003c
0000000d000d003d
0000000d000d003d
0000000c000c003e
0000000c000c003f
0002000e000e003d
000b000b000b003e
001d000a000a0038
003c000b000b0030
0066000800080027
009400060006001b
00ba000300030011
00d800020002000a
00ee000000000004
00f8000000000002
0100000000000000
0100000000000000
0100000000000000
0100000000000000
0100000000000000
0100000000000000
0100000000000000
0100000000000000
0100000000000000
0100000000000000
0100000000000000
0100000000000000
0100000000000000
0100000000000000
0100000000000000
0100000000000000
0100000000000000
0100000000000000
0100000000000000
0100000000000000
0100000000000000
0100000000000000
0100000000000000
0100000000000000
0100000000000000
0100000000000000
0100000000000000
0100000000000000
0100000000000000
0100000000000000
0100000000000000
0100000000000000
0100000000000000
0100000000000000
0100000000000000
0100000000000000
0100000000000000
0100000000000000
0100000000000000
0100000000000000
0100000000000000
0100000000000000
0100000000000000
0100000000000000
0100000000000000
0100000000000000
0100000000000000
0100000000000000
0100000000000000
0100000000000000
0100000000000000
0100000000000000
0100000000000000
0100000000000000
0100000000000000
0100000000000000
0100000000000000
0100000000000000
0100000000000000
0100000000000000
0100000000000000
0100000000000000
0100000000000000
0100000000000000
0100000000000000
0100000000000000
0100000000000000
0100000000000000
0100000000000000
0100000000000000
0100000000000000
0100000000000000
0100000000000000
0100000000000000
0100000000000000
0100000000000000
0100000000000000
0100000000000000
0100000000000000
0100000000000000
0100000000000000
0100000000000000
0100000000000000
0100000000000000
0100000000000000
0100000000000000
0100000000000000
0100000000000000
0100000000000000
0100000000000000
0100000000000000
0100000000000000
0100000000000000
0100000000000000
0100000000000000
0100000000000000
00fb000000000002
00f6000000000002
00e7000100010005
00d600020002000b
00be000200020011
009c000600060017
007900070007001f
0051000900090028
0030000a000a0030
0018000a000a0036
0008000d000d003b
0000000d000d003d
0000000d000d003e
0000000d000d0040
0000000c000c003f
0000000d000d003e
0000000d000d003d
0000000b000b003e
0000000c000c003d
0000000c000c003e
0000000e000e003e
0000000e000e003d
0002000c000c003f
0007000d000d003b
0015000e000e0039
0030000a000a0032
005700080008002a
008600070007001e
00af000400040013
00ce00030003000d
00e6000100010006
00f7000000000002
00fe000000000001
0100000000000000
0100000000000000
0100000000000000
0100000000000000
0100000000000000
0100000000000000
0100000000000000
0100000000000000
0100000000000000
0100000000000000
0100000000000000
0100000000000000
0100000000000000
0100000000000000
0100000000000000
0100000000000000
0100000000000000
0100000000000000
0100000000000000
0100000000000000
0100000000000000
0100000000000000
0100000000000000
0100000000000000
0100000000000000
0100000000000000
0100000000000000
0100000000000000
0100000000000000
0100000000000000
0100000000000000
0100000000000000
0100000000000000
0100000000000000
0100000000000000
0100000000000000
0100000000000000
0100000000000000
0100000000000000
0100000000000000
0100000000000000
0100000000000000
0100000000000000
0100000000000000
0100000000000000
0100000000000000
0100000000000000
0100000000000000
0100000000000000
0100000000000000
0100000000000000
0100000000000000
0100000000000000
0100000000000000
0100000000000000
0100000000000000
0100000000000000
0100000000000000
0100000000000000
0100000000000000
0100000000000000
0100000000000000
0100000000000000
0100000000000000
0100000000000000
0100000000000000
0100000000000000
0100000000000000
0100000000000000
0100000000000000
0100000000000000
0100000000000000
0100000000000000
0100000000000000
0100000000000000
0100000000000000
0100000000000000
0100000000000000
0100000000000000
0100000000000000
0100000000000000
0100000000000000
0100000000000000
0100000000000000
0100000000000000
0100000000000000
0100000000000000
0100000000000000
0100000000000000
0100000000000000
0100000000000000
0100000000000000
0100000000000000
0100000000000000
0100000000000000
00fc000000000001
00f9000000000002
00ef000000000004
00de000200020008
00c900030003000c
00ab000400040017
008700050005001e
0060000700070027
003c00090009002d
0023000c000c0034
000e000c000c003b
0001000d000d003d
0000000c000c003e
0000000d000d003e
0000000d000d003f
0000000c000c003e
0000000d000d003c
0000000c000c003c
0000000d000d003d
0000000c000c003c
0000000d000d003e
0000000d000d003e
0000000d000d003e
0004000d000d003e
000f000d000d003a
0025000a000a0035
0048000a000a002d
0076000700070023
00a0000400040017
00c700030003000d
00e0000200020008
00f4000000000002
00fd000000000001
0100000000000000
0100000000000000
0100000000000000
0100000000000000
0100000000000000
0100000000000000
0100000000000000
0100000000000000
0100000000000000
0100000000000000
0100000000000000
0100000000000000
0100000000000000
0100000000000000
0100000000000000
0100000000000000
0100000000000000
0100000000000000
0100000000000000
0100000000000000
0100000000000000
0100000000000000
0100000000000000
0100000000000000
0100000000000000
0100000000000000
0100000000000000
0100000000000000
0100000000000000
0100000000000000
0100000000000000
0100000000000000
0100000000000000
0100000000000000
0100000000000000
0100000000000000
0100000000000000
0100000000000000
0100000000000000
0100000000000000
0100000000000000
0100000000000000
0100000000000000
0100000000000000
0100000000000000
0100000000000000
0100000000000000
0100000000000000
0100000000000000
0100000000000000
0100000000000000
0100000000000000
0100000000000000
0100000000000000
0100000000000000
0100000000000000
0100000000000000
0100000000000000
0100000000000000
0100000000000000
0100000000000000
0100000000000000
0100000000000000
0100000000000000
0100000000000000
0100000000000000
0100000000000000
0100000000000000
0100000000000000
0100000000000000
0100000000000000
0100000000000000
0100000000000000
0100000000000000
0100000000000000
0100000000000000
0100000000000000
0100000000000000
0100000000000000
0100000000000000
0100000000000000
0100000000000000
0100000000000000
0100000000000000
0100000000000000
0100000000000000
0100000000000000
0100000000000000
0100000000000000
0100000000000000
0100000000000000
0100000000000000
0100000000000000
0100000000000000
0100000000000000
00fc000000000001
00fa000000000002
00f3000000000003
00e5000200020006
00d000030003000c
00b3000400040012
009500040004001a
0070000700070022
004b00090009002c
002b000a000a0034
0014000b000b0039
0006000d000d003d
0000000c000c003e
0000000d000d003e
0000000d000d003f
0000000d000d003f
0000000c000c003c
0001000b000b003e
0001000c000c003c
0000000c000c003e
0000000d000d003e
0000000d000d003e
0000000e000e003e
0003000d000d003d
000b000c000c003c
001e000b000b0037
003c000a000a002f
0067000700070026
009500060006001c
00bc000400040011
00d8000200020009
00ef000000000005
00fa000000000001
0100000000000000
0100000000000000
0100000000000000
0100000000000000
0100000000000000
0100000000000000
0100000000000000
0100000000000000
0100000000000000
0100000000000000
0100000000000000
0100000000000000
0100000000000000
0100000000000000
0100000000000000
0100000000000000
0100000000000000
0100000000000000
0100000000000000
0100000000000000
0100000000000000
0100000000000000
0100000000000000
0100000000000000
0100000000000000
0100000000000000
0100000000000000
0100000000000000
0100000000000000
0100000000000000
0100000000000000
0100000000000000
0100000000000000
0100000000000000
0100000000000000
0100000000000000
0100000000000000
0100000000000000
0100000000000000
0100000000000000
0100000000000000
0100000000000000
0100000000000000
0100000000000000
0100000000000000
0100000000000000
0100000000000000
0100000000000000
0100000000000000
0100000000000000
0100000000000000
0100000000000000
0100000000000000
0100000000000000
0100000000000000
0100000000000000
0100000000000000
0100000000000000
0100000000000000
0100000000000000
0100000000000000
0100000000000000
0100000000000000
0100000000000000
0100000000000000
0100000000000000
0100000000000000
0100000000000000
0100000000000000
0100000000000000
0100000000000000
0100000000000000
0100000000000000
0100000000000000
0100000000000000
0100000000000000
0100000000000000
0100000000000000
0100000000000000
0100000000000000
0100000000000000
0100000000000000
0100000000000000
0100000000000000
0100000000000000
0100000000000000
0100000000000000
0100000000000000
0100000000000000
0100000000000000
0100000000000000
0100000000000000
0100000000000000
0100000000000000
0100000000000000
0100000000000000
00f9000000000002
00f4000000000003
00eb000100010005
00d700030003000a
00bf000300030010
00a1000500050018
007e000700070020
0059000800080029
0038000a000a0031
001d000c000c0036
000c000c000c003a
0002000c000c003e
0000000d000d003e
0000000e000e003f
0000000d000d003e
0000000d000d003d
0001000c000c003d
0002000e000e003f
0002000e000e003f
0001000d000d003c
0000000d000d003d
0000000c000c003e
0002000d000d003f
0008000d000d003d
0017000b000b0039
0032000a000a0032
005b000800080029
008a00060006001e
00b2000400040013
00d200030003000b
00eb000100010004
00f8000000000002
0100000000000000
0100000000000000
0100000000000000
0100000000000000
0100000000000000
0100000000000000
0100000000000000
0100000000000000
0100000000000000
0100000000000000
0100000000000000
0100000000000000
0100000000000000
0100000000000000
0100000000000000
0100000000000000
0100000000000000
0100000000000000
0100000000000000
0100000000000000
0100000000000000
0100000000000000
0100000000000000
0100000000000000
0100000000000000
0100000000000000
0100000000000000
0100000000000000
0100000000000000
0100000000000000
0100000000000000
0100000000000000
0100000000000000
0100000000000000
0100000000000000
0100000000000000
0100000000000000
0100000000000000
0100000000000000
0100000000000000
0100000000000000
0100000000000000
0100000000000000
0100000000000000
0100000000000000
0100000000000000
0100000000000000
0100000000000000
0100000000000000
0100000000000000
0100000000000000
0100000000000000
0100000000000000
0100000000000000
0100000000000000
0100000000000000
0100000000000000
0100000000000000
0100000000000000
0100000000000000
0100000000000000
0100000000000000
0100000000000000
0100000000000000
0100000000000000
0100000000000000
0100000000000000
0100000000000000
0100000000000000
0100000000000000
0100000000000000
0100000000000000
0100000000000000
0100000000000000
0100000000000000
0100000000000000
0100000000000000
0100000000000000
0100000000000000
0100000000000000
0100000000000000
0100000000000000
0100000000000000
0100000000000000
0100000000000000
0100000000000000
0100000000000000
0100000000000000
0100000000000000
0100000000000000
0100000000000000
0100000000000000
0100000000000000
0100000000000000
0100000000000000
0100000000000000
00fa000000000001
00f4000000000003
00eb000000000005
00dc000200020009
00c800030003000d
00aa000600060014
008600070007001f
0062000800080027
0041000b000b002e
0027000b000b0035
0012000c000c0039
0004000d000d003e
0000000d000d003e
0000000e000e003e
0000000d000d003e
0000000d000d003e
0002000c000c003e
0004000c000c003e
0003000c000c003d
0002000d000d003f
0001000e000e003f
0001000e000e003f
0002000d000d003e
0006000c000c003c
0012000c000c003a
0029000a000a0036
004f00090009002a
007f000800080020
00a8000400040015
00cb00030003000d
00e3000200020007
00f4000000000002
00fe000000000001
0100000000000000
0100000000000000
0100000000000000
0100000000000000
0100000000000000
0100000000000000
0100000000000000
0100000000000000
0100000000000000
0100000000000000
0100000000000000
0100000000000000
0100000000000000
0100000000000000
0100000000000000
0100000000000000
0100000000000000
0100000000000000
0100000000000000
0100000000000000
0100000000000000
0100000000000000
0100000000000000
0100000000000000
0100000000000000
0100000000000000
0100000000000000
0100000000000000
0100000000000000
0100000000000000
0100000000000000
0100000000000000
0100000000000000
0100000000000000
0100000000000000
0100000000000000
0100000000000000
0100000000000000
0100000000000000
0100000000000000
0100000000000000
0100000000000000
0100000000000000
0100000000000000
0100000000000000
0100000000000000
0100000000000000
0100000000000000
0100000000000000
0100000000000000
0100000000000000
0100000000000000
0100000000000000
0100000000000000
0100000000000000
0100000000000000
0100000000000000
0100000000000000
0100000000000000
0100000000000000
0100000000000000
0100000000000000
0100000000000000
0100000000000000
0100000000000000
0100000000000000
0100000000000000
0100000000000000
0100000000000000
0100000000000000
0100000000000000
0100000000000000
0100000000000000
0100000000000000
0100000000000000
0100000000000000
0100000000000000
0100000000000000
0100000000000000
0100000000000000
0100000000000000
0100000000000000
0100000000000000
0100000000000000
0100000000000000
0100000000000000
0100000000000000
0100000000000000
0100000000000000
0100000000000000
0100000000000000
0100000000000000
0100000000000000
0100000000000000
0100000000000000
00fc000000000001
00f6000000000002
00ef000000000004
00e0000200020008
00ce00020002000c
00b2000400040014
009000070007001c
006e000800080024
004d00080008002d
002f000b000b0035
0018000c000c0039
0008000d000d003d
0000000d000d003e
0000000c000c003f
0000000d000d003e
0001000c000c003d
0003000d000d003d
0005000d000d003b
0005000d000d003f
0003000d000d003d
0002000c000c003c
0001000e000e003b
0001000c000c003f
0005000c000c003f
000e000c000c003c
0023000a000a0036
0045000a000a002e
0072000800080023
009e000500050018
00c400040004000e
00df000200020008
00f2000000000003
00fb000000000002
0100000000000000
0100000000000000
0100000000000000
0100000000000000
0100000000000000
0100000000000000
0100000000000000
0100000000000000
0100000000000000
0100000000000000
0100000000000000
0100000000000000
0100000000000000
0100000000000000
0100000000000000
0100000000000000
0100000000000000
0100000000000000
0100000000000000
0100000000000000
0100000000000000
0100000000000000
0100000000000000
0100000000000000
0100000000000000
0100000000000000
0100000000000000
0100000000000000
0100000000000000
0100000000000000
0100000000000000
0100000000000000
0100000000000000
0100000000000000
0100000000000000
0100000000000000
0100000000000000
0100000000000000
0100000000000000
0100000000000000
0100000000000000
0100000000000000
0100000000000000
0100000000000000
0100000000000000
0100000000000000
0100000000000000
0100000000000000
0100000000000000
0100000000000000
0100000000000000
0100000000000000
0100000000000000
0100000000000000
0100000000000000
0100000000000000
0100000000000000
0100000000000000
0100000000000000
0100000000000000
0100000000000000
0100000000000000
0100000000000000
0100000000000000
0100000000000000
0100000000000000
0100000000000000
0100000000000000
0100000000000000
0100000000000000
0100000000000000
0100000000000000
0100000000000000
0100000000000000
0100000000000000
0100000000000000
0100000000000000
0100000000000000
0100000000000000
0100000000000000
0100000000000000
0100000000000000
0100000000000000
0100000000000000
0100000000000000
0100000000000000
0100000000000000
0100000000000000
0100000000000000
0100000000000000
0100000000000000
0100000000000000
0100000000000000
0100000000000000
0100000000000000
00fe000000000001
00fa000000000002
00f0000000000003
00e5000100010007
00d300030003000b
00b9000400040011
009a000400040019
0078000600060022
005500090009002a
0036000a000a0033
001f000c000c0038
000c000d000d003b
0004000c000c003d
0001000c000c003e
0000000c000c003f
0002000d000d003d
0004000d000d003d
0006000c000c003d
0005000d000d003d
0004000c000c003e
0002000c000c003e
0001000c000c003e
0002000c000c003e
0004000e000e003f
000b000d000d003a
001d000d000d0037
003c000900090031
0066000700070026
009300060006001b
00bb000300030011
00d700030003000a
00ef000000000004
00f9000000000002
0100000000000000
0100000000000000
0100000000000000
0100000000000000
0100000000000000
0100000000000000
0100000000000000
0100000000000000
0100000000000000
0100000000000000
0100000000000000
0100000000000000
0100000000000000
0100000000000000
0100000000000000
0100000000000000
0100000000000000
0100000000000000
0100000000000000
0100000000000000
0100000000000000
0100000000000000
0100000000000000
0100000000000000
0100000000000000
0100000000000000
0100000000000000
0100000000000000
0100000000000000
0100000000000000
0100000000000000
0100000000000000
0100000000000000
0100000000000000
0100000000000000
0100000000000000
0100000000000000
0100000000000000
0100000000000000
0100000000000000
0100000000000000
0100000000000000
0100000000000000
0100000000000000
0100000000000000
0100000000000000
0100000000000000
0100000000000000
0100000000000000
0100000000000000
0100000000000000
0100000000000000
0100000000000000
0100000000000000
0100000000000000
0100000000000000
0100000000000000
0100000000000000
0100000000000000
0100000000000000
0100000000000000
0100000000000000
0100000000000000
0100000000000000
0100000000000000
0100000000000000
0100000000000000
0100000000000000
0100000000000000
0100000000000000
0100000000000000
0100000000000000
0100000000000000
0100000000000000
0100000000000000
0100000000000000
0100000000000000
0100000000000000
0100000000000000
0100000000000000
0100000000000000
0100000000000000
0100000000000000
0100000000000000
0100000000000000
0100000000000000
0100000000000000
0100000000000000
0100000000000000
0100000000000000
0100000000000000
0100000000000000
0100000000000000
0100000000000000
0100000000000000
0100000000000000
00fb000000000001
00f4000000000003
00ea000100010004
00d700030003000a
00c000030003000f
00a3000400040018
0081000700070021
005d00080008002a
003c000a000a0031
0024000b000b0036
0012000b000b003b
0007000e000e003d
0000000d000d003e
0000000d000d003e
0001000d000d003e
0004000d000d003c
0006000c000c003c
0006000d000d003c
0005000c000c003c
0003000d000d003e
0002000e000e003e
0002000e000e003d
0003000e000e003d
0009000c000c003e
0017000b000b003a
0033000900090032
005c000900090029
008a00080008001d
00b3000300030012
00d200030003000b
00e8000100010006
00f8000000000002
00fe000000000001
0100000000000000
0100000000000000
0100000000000000
0100000000000000
0100000000000000
0100000000000000
0100000000000000
0100000000000000
0100000000000000
0100000000000000
0100000000000000
0100000000000000
0100000000000000
0100000000000000
0100000000000000
0100000000000000
0100000000000000
0100000000000000
0100000000000000
0100000000000000
0100000000000000
0100000000000000
0100000000000000
0100000000000000
0100000000000000
0100000000000000
0100000000000000
0100000000000000
0100000000000000
0100000000000000
0100000000000000
0100000000000000
0100000000000000
0100000000000000
0100000000000000
0100000000000000
0100000000000000
0100000000000000
0100000000000000
0100000000000000
0100000000000000
0100000000000000
0100000000000000
0100000000000000
0100000000000000
0100000000000000
0100000000000000
0100000000000000
0100000000000000
0100000000000000
0100000000000000
0100000000000000
0100000000000000
0100000000000000
0100000000000000
0100000000000000
0100000000000000
0100000000000000
0100000000000000
0100000000000000
0100000000000000
0100000000000000
0100000000000000
0100000000000000
0100000000000000
0100000000000000
0100000000000000
0100000000000000
0100000000000000
0100000000000000
0100000000000000
0100000000000000
0100000000000000
0100000000000000
0100000000000000
0100000000000000
0100000000000000
0100000000000000
0100000000000000
0100000000000000
0100000000000000
0100000000000000
0100000000000000
0100000000000000
0100000000000000
0100000000000000
0100000000000000
0100000000000000
0100000000000000
0100000000000000
0100000000000000
0100000000000000
0100000000000000
0100000000000000
0100000000000000
00fb000000000002
00f6000000000002
00ee000000000005
00db000200020009
00c700030003000d
00ab000600060016
008900060006001d
0065000800080026
0042000a000a002e
0029000a000a0035
0016000c000c003a
0009000e000e003d
0001000d000d003d
0000000e000e003e
0000000d000d003e
0002000d000d003d
0005000b000b003f
0006000c000c003d
0005000c000c003e
0004000d000d003e
0002000e000e003e
0001000e000e0040
0002000c000c003e
0007000c000c003c
0013000b000b003b
002b000a000a0034
005100090009002b
007f000600060020
00a9000500050016
00ce00020002000d
00e4000200020007
00f4000000000003
00fd000000000001
0100000000000000
0100000000000000
0100000000000000
0100000000000000
0100000000000000
0100000000000000
0100000000000000
0100000000000000
0100000000000000
0100000000000000
0100000000000000
0100000000000000
0100000000000000
0100000000000000
0100000000000000
0100000000000000
0100000000000000
0100000000000000
0100000000000000
0100000000000000
0100000000000000
0100000000000000
0100000000000000
0100000000000000
0100000000000000
0100000000000000
0100000000000000
0100000000000000
0100000000000000
0100000000000000
0100000000000000
0100000000000000
0100000000000000
0100000000000000
0100000000000000
0100000000000000
0100000000000000
0100000000000000
0100000000000000
0100000000000000
0100000000000000
0100000000000000
0100000000000000
0100000000000000
0100000000000000
0100000000000000
0100000000000000
0100000000000000
0100000000000000
0100000000000000
0100000000000000
0100000000000000
0100000000000000
0100000000000000
0100000000000000
0100000000000000
0100000000000000
0100000000000000
0100000000000000
0100000000000000
0100000000000000
0100000000000000
0100000000000000
0100000000000000
0100000000000000
0100000000000000
0100000000000000
0100000000000000
0100000000000000
0100000000000000
0100000000000000
0100000000000000
0100000000000000
0100000000000000
0100000000000000
0100000000000000
0100000000000000
0100000000000000
0100000000000000
0100000000000000
0100000000000000
0100000000000000
0100000000000000
0100000000000000
0100000000000000
0100000000000000
0100000000000000
0100000000000000
0100000000000000
0100000000000000
0100000000000000
0100000000000000
0100000000000000
0100000000000000
0100000000000000
00fc000000000001
00f6000000000002
00ee000000000005
00e0000200020008
00cf00020002000c
00b1000400040014
009100050005001b
006c000700070023
004b00090009002d
002e000b000b0033
0019000c000c0038
0009000d000d003c
0002000d000d003e
0000000d000d003e
0000000d000d003e
0001000d000d003e
0005000c000c003c
0007000c000c003d
0006000e000e003c
0004000d000d003d
0002000d000d003f
0001000f000f003e
0002000d000d003f
0005000c000c003d
000f000e000e003a
0024000a000a0036
004700090009002d
0074000700070022
009f000500050018
00c700030003000e
00e1000200020007
00f2000000000003
00fb000000000002
0100000000000000
0100000000000000
0100000000000000
0100000000000000
0100000000000000
0100000000000000
0100000000000000
0100000000000000
0100000000000000
0100000000000000
0100000000000000
0100000000000000
0100000000000000
0100000000000000
0100000000000000
0100000000000000
0100000000000000
0100000000000000
0100000000000000
0100000000000000
0100000000000000
0100000000000000
0100000000000000
0100000000000000
0100000000000000
0100000000000000
0100000000000000
0100000000000000
0100000000000000
0100000000000000
0100000000000000
0100000000000000
0100000000000000
0100000000000000
0100000000000000
0100000000000000
0100000000000000
0100000000000000
0100000000000000
0100000000000000
0100000000000000
0100000000000000
0100000000000000
0100000000000000
0100000000000000
0100000000000000
0100000000000000
0100000000000000
0100000000000000
0100000000000000
0100000000000000
0100000000000000
0100000000000000
0100000000000000
0100000000000000
0100000000000000
0100000000000000
0100000000000000
0100000000000000
0100000000000000
0100000000000000
0100000000000000
0100000000000000
0100000000000000
0100000000000000
0100000000000000
0100000000000000
0100000000000000
0100000000000000
0100000000000000
0100000000000000
0100000000000000
0100000000000000
0100000000000000
0100000000000000
0100000000000000
0100000000000000
0100000000000000
0100000000000000
0100000000000000
0100000000000000
0100000000000000
0100000000000000
0100000000000000
0100000000000000
0100000000000000
0100000000000000
0100000000000000
0100000000000000
0100000000000000
0100000000000000
0100000000000000
0100000000000000
0100000000000000
0100000000000000
00fc000000000001
00f9000000000002
00f1000000000003
00e3000200020007
00d000020002000c
00b9000400040012
0098000400040019
0077000700070021
005200090009002b
0033000b000b0034
001d000b000b0039
000d000d000d003b
0003000c000c003d
0000000d000d003e
0000000d000d003f
0002000c000c003d
0004000c000c003b
0006000c000c003d
0006000d000d003e
0005000e000e003d
0003000d000d003d
0002000e000e003e
0002000d000d003e
0004000e000e003d
000c000c000c003b
001f000a000a0037
003f000b000b0030
0069000800080025
009800040004001a
00bf000300030010
00da000200020009
00ef000000000004
00fa000000000002
0100000000000000
0100000000000000
0100000000000000
0100000000000000
0100000000000000
0100000000000000
0100000000000000
0100000000000000
0100000000000000
0100000000000000
0100000000000000
0100000000000000
0100000000000000
0100000000000000
0100000000000000
0100000000000000
0100000000000000
0100000000000000
0100000000000000
0100000000000000
0100000000000000
0100000000000000
0100000000000000
0100000000000000
0100000000000000
0100000000000000
0100000000000000
0100000000000000
0100000000000000
0100000000000000
0100000000000000
0100000000000000
0100000000000000
0100000000000000
0100000000000000
0100000000000000
0100000000000000
0100000000000000
0100000000000000
0100000000000000
0100000000000000
0100000000000000
0100000000000000
0100000000000000
0100000000000000
0100000000000000
0100000000000000
0100000000000000
0100000000000000
0100000000000000
0100000000000000
0100000000000000
0100000000000000
0100000000000000
0100000000000000
0100000000000000
0100000000000000
0100000000000000
0100000000000000
0100000000000000
0100000000000000
0100000000000000
0100000000000000
0100000000000000
0100000000000000
0100000000000000
0100000000000000
0100000000000000
0100000000000000
0100000000000000
0100000000000000
0100000000000000
0100000000000000
0100000000000000
0100000000000000
0100000000000000
0100000000000000
0100000000000000
0100000000000000
0100000000000000
0100000000000000
0100000000000000
0100000000000000
0100000000000000
0100000000000000
0100000000000000
0100000000000000
0100000000000000
0100000000000000
0100000000000000
0100000000000000
0100000000000000
0100000000000000
0100000000000000
0100000000000000
00fe000000000001
00fb000000000001
00f3000000000003
00e8000100010005
00d600030003000a
00bf000400040010
00a0000400040018
007b000700070021
005800090009002a
0039000a000a0031
001f000c000c0038
0010000b000b003b
0005000d000d003d
0000000c000c003f
0000000e000e003e
0000000e000e003f
0003000d000d003c
0006000d000d003d
0006000c000c003c
0005000c000c003c
0003000d000d003d
0002000d000d003d
0001000d000d003f
0003000c000c003e
000a000e000e003c
001a000b000b0039
0037000a000a0031
0061000800080028
008f00060006001d
00b8000300030013
00d700020002000a
00ec000000000005
00f8000000000002
00fe000000000001
0100000000000000
0100000000000000
0100000000000000
0100000000000000
0100000000000000
0100000000000000
0100000000000000
0100000000000000
0100000000000000
0100000000000000
0100000000000000
0100000000000000
0100000000000000
0100000000000000
0100000000000000
0100000000000000
0100000000000000
0100000000000000
0100000000000000
0100000000000000
0100000000000000
0100000000000000
0100000000000000
0100000000000000
0100000000000000
0100000000000000
0100000000000000
0100000000000000
0100000000000000
0100000000000000
0100000000000000
0100000000000000
0100000000000000
0100000000000000
0100000000000000
0100000000000000
0100000000000000
0100000000000000
0100000000000000
0100000000000000
0100000000000000
0100000000000000
0100000000000000
0100000000000000
0100000000000000
0100000000000000
0100000000000000
0100000000000000
0100000000000000
0100000000000000
0100000000000000
0100000000000000
0100000000000000
0100000000000000
0100000000000000
0100000000000000
0100000000000000
0100000000000000
0100000000000000
0100000000000000
0100000000000000
0100000000000000
0100000000000000
0100000000000000
0100000000000000
0100000000000000
0100000000000000
0100000000000000
0100000000000000
0100000000000000
0100000000000000
0100000000000000
0100000000000000
0100000000000000
0100000000000000
0100000000000000
0100000000000000
0100000000000000
0100000000000000
0100000000000000
0100000000000000
0100000000000000
0100000000000000
0100000000000000
0100000000000000
0100000000000000
0100000000000000
0100000000000000
0100000000000000
0100000000000000
0100000000000000
0100000000000000
0100000000000000
0100000000000000
0100000000000000
00f9000000000002
00f5000000000003
00ea000100010005
00da00020002000a
00c500030003000d
00a7000600060015
008300070007001f
005f000800080028
003d000a000a0030
0024000b000b0036
0011000b000b003a
0005000d000d003d
0000000d000d003d
0000000d000d003f
0000000d000d003f
0001000d000d003d
0004000c000c003d
0006000c000c003e
0005000c000c003f
0004000c000c003d
0002000d000d003e
0002000d000d003f
0003000c000c003d
0008000c000c003c
0016000d000d0039
0031000a000a0032
005700080008002a
008500060006001f
00af000400040014
00d300020002000b
00e8000100010006
00f5000000000003
00fe000000000001
0100000000000000
0100000000000000
0100000000000000
0100000000000000
0100000000000000
0100000000000000
0100000000000000
0100000000000000
0100000000000000
0100000000000000
0100000000000000
0100000000000000
0100000000000000
0100000000000000
0100000000000000
0100000000000000
0100000000000000
0100000000000000
0100000000000000
0100000000000000
0100000000000000
0100000000000000
0100000000000000
0100000000000000
0100000000000000
0100000000000000
0100000000000000
0100000000000000
0100000000000000
0100000000000000
0100000000000000
0100000000000000
0100000000000000
0100000000000000
0100000000000000
0100000000000000
0100000000000000
0100000000000000
0100000000000000
0100000000000000
0100000000000000
0100000000000000
0100000000000000
0100000000000000
0100000000000000
0100000000000000
0100000000000000
0100000000000000
0100000000000000
0100000000000000
0100000000000000
0100000000000000
0100000000000000
0100000000000000
0100000000000000
0100000000000000
0100000000000000
0100000000000000
0100000000000000
0100000000000000
0100000000000000
0100000000000000
0100000000000000
0100000000000000
0100000000000000
0100000000000000
0100000000000000
0100000000000000
0100000000000000
0100000000000000
0100000000000000
0100000000000000
0100000000000000
0100000000000000
0100000000000000
0100000000000000
0100000000000000
0100000000000000
0100000000000000
0100000000000000
0100000000000000
0100000000000000
0100000000000000
0100000000000000
0100000000000000
0100000000000000
0100000000000000
0100000000000000
0100000000000000
0100000000000000
0100000000000000
0100000000000000
0100000000000000
0100000000000000
0100000000000000
00fb000000000002
00f6000000000002
00ed000000000005
00dd000200020009
00c900020002000d
00af000500050014
008b00060006001d
0067000800080025
004500080008002f
0028000b000b0035
0015000d000d003b
0008000d000d003d
0000000d000d003f
0000000c000c0040
0000000c000c003f
0000000c000c003d
0004000c000c003d
0005000b000b003c
0005000e000e003c
0004000d000d003f
0003000e000e003d
0001000d000d003e
0003000f000f003d
0008000c000c003c
0013000d000d003a
002c000a000a0034
004f000a000a002b
007c000700070020
00aa000400040015
00cc00030003000d
00e3000100010007
00f3000000000003
00fb000000000002
0100000000000000
0100000000000000
0100000000000000
0100000000000000
0100000000000000
0100000000000000
0100000000000000
0100000000000000
0100000000000000
0100000000000000
0100000000000000
0100000000000000
0100000000000000
0100000000000000
0100000000000000
0100000000000000
0100000000000000
0100000000000000
0100000000000000
0100000000000000
0100000000000000
0100000000000000
0100000000000000
0100000000000000
0100000000000000
0100000000000000
0100000000000000
0100000000000000
0100000000000000
0100000000000000
0100000000000000
0100000000000000
0100000000000000
0100000000000000
0100000000000000
0100000000000000
0100000000000000
0100000000000000
0100000000000000
0100000000000000
0100000000000000
0100000000000000
0100000000000000
0100000000000000
0100000000000000
0100000000000000
0100000000000000
0100000000000000
0100000000000000
0100000000000000
0100000000000000
0100000000000000
0100000000000000
0100000000000000
0100000000000000
0100000000000000
0100000000000000
0100000000000000
0100000000000000
0100000000000000
0100000000000000
0100000000000000
0100000000000000
0100000000000000
0100000000000000
0100000000000000
0100000000000000
0100000000000000
0100000000000000
0100000000000000
0100000000000000
0100000000000000
0100000000000000
0100000000000000
0100000000000000
0100000000000000
0100000000000000
0100000000000000
0100000000000000
0100000000000000
0100000000000000
0100000000000000
0100000000000000
0100000000000000
0100000000000000
0100000000000000
0100000000000000
0100000000000000
0100000000000000
0100000000000000
0100000000000000
0100000000000000
0100000000000000
0100000000000000
0100000000000000
00fc000000000001
00f9000000000002
00ef000000000003
00e1000200020008
00ce00030003000c
00b3000400040014
009200050005001b
006e000700070023
004b000a000a002d
002e000c000c0034
0018000c000c0039
0008000d000d003d
0001000d000d003e
0000000d000d003f
0000000c000c003f
0000000c000c003d
0002000c000c003c
0005000c000c003d
0005000d000d003d
0003000d000d003c
0002000c000c003d
0001000e000e003d
0002000d000d003f
0005000d000d003f
000f000c000c003b
0026000a000a0036
004800090009002d
0074000700070022
00a1000500050017
00c600030003000f
00e1000200020007
00f0000000000004
00fb000000000002
0100000000000000
0100000000000000
0100000000000000
0100000000000000
0100000000000000
0100000000000000
0100000000000000
0100000000000000
0100000000000000
0100000000000000
0100000000000000
0100000000000000
0100000000000000
0100000000000000
0100000000000000
0100000000000000
0100000000000000
0100000000000000
0100000000000000
0100000000000000
0100000000000000
0100000000000000
0100000000000000
0100000000000000
0100000000000000
0100000000000000
0100000000000000
0100000000000000
0100000000000000
0100000000000000
0100000000000000
0100000000000000
0100000000000000
0100000000000000
0100000000000000
0100000000000000
0100000000000000
0100000000000000
0100000000000000
0100000000000000
0100000000000000
0100000000000000
0100000000000000
0100000000000000
0100000000000000
0100000000000000
0100000000000000
0100000000000000
0100000000000000
0100000000000000
0100000000000000
0100000000000000
0100000000000000
0100000000000000
0100000000000000
0100000000000000
0100000000000000
0100000000000000
0100000000000000
0100000000000000
0100000000000000
0100000000000000
0100000000000000
0100000000000000
0100000000000000
0100000000000000
0100000000000000
0100000000000000
0100000000000000
0100000000000000
0100000000000000
0100000000000000
0100000000000000
0100000000000000
0100000000000000
0100000000000000
0100000000000000
0100000000000000
0100000000000000
0100000000000000
0100000000000000
0100000000000000
0100000000000000
0100000000000000
0100000000000000
0100000000000000
0100000000000000
0100000000000000
0100000000000000
0100000000000000
0100000000000000
0100000000000000
0100000000000000
0100000000000000
0100000000000000
00fc000000000001
00fa000000000002
00f3000000000003
00e5000200020006
00d000030003000c
00ba000400040011
009a000400040019
0077000700070022
005300090009002b
0032000a000a0033
001c000b000b0039
000c000d000d003c
0002000c000c003d
0000000d000d0040
0000000d000d0040
0000000d000d003e
0001000d000d003e
0004000c000c003c
0004000e000e003e
0004000c000c003f
0002000d000d003f
0000000c000c003d
0000000c000c003f
0003000d000d003d
000c000d000d003b
0020000b000b0036
004100090009002f
006c000800080026
009a000600060019
00c100030003000f
00dc000200020008
00ee000000000004
00fa000000000002
0100000000000000
0100000000000000
0100000000000000
0100000000000000
0100000000000000
0100000000000000
0100000000000000
0100000000000000
0100000000000000
0100000000000000
0100000000000000
0100000000000000
0100000000000000
0100000000000000
0100000000000000
0100000000000000
0100000000000000
0100000000000000
0100000000000000
0100000000000000
0100000000000000
0100000000000000
0100000000000000
0100000000000000
0100000000000000
0100000000000000
0100000000000000
0100000000000000
0100000000000000
0100000000000000
0100000000000000
0100000000000000
0100000000000000
0100000000000000
0100000000000000
0100000000000000
0100000000000000
0100000000000000
0100000000000000
0100000000000000
0100000000000000
0100000000000000
0100000000000000
0100000000000000
0100000000000000
0100000000000000
0100000000000000
0100000000000000
0100000000000000
0100000000000000
0100000000000000
0100000000000000
0100000000000000
0100000000000000
0100000000000000
0100000000000000
0100000000000000
0100000000000000
0100000000000000
0100000000000000
0100000000000000
0100000000000000
0100000000000000
0100000000000000
0100000000000000
0100000000000000
0100000000000000
0100000000000000
0100000000000000
0100000000000000
0100000000000000
0100000000000000
0100000000000000
0100000000000000
0100000000000000
0100000000000000
0100000000000000
0100000000000000
0100000000000000
0100000000000000
0100000000000000
0100000000000000
0100000000000000
0100000000000000
0100000000000000
0100000000000000
0100000000000000
0100000000000000
0100000000000000
0100000000000000
0100000000000000
0100000000000000
0100000000000000
0100000000000000
0100000000000000
0100000000000000
00f9000000000002
00f4000000000003
00eb000100010004
00d600030003000a
00bf00030003000f
00a1000500050017
007f000700070020
005a00080008002a
0039000900090032
0021000c000c0037
000f000c000c003b
0005000d000d003d
0000000d000d003e
0000000d000d003d
0000000d000d003e
0001000d000d003f
0003000c000c003d
0004000e000e003d
0003000e000e003e
0002000d000d003f
0000000d000d003d
0000000b000b003f
0003000e000e003d
000a000d000d003c
001c000b000b0038
003a000a000a0030
0063000800080027
009200060006001a
00bb000300030010
00d700020002000b
00ec000000000004
00f7000000000003
0100000000000000
0100000000000000
0100000000000000
0100000000000000
0100000000000000
0100000000000000
0100000000000000
0100000000000000
0100000000000000
0100000000000000
0100000000000000
0100000000000000
0100000000000000
0100000000000000
0100000000000000
0100000000000000
0100000000000000
0100000000000000
0100000000000000
0100000000000000
0100000000000000
0100000000000000
0100000000000000
0100000000000000
0100000000000000
0100000000000000
0100000000000000
0100000000000000
0100000000000000
0100000000000000
0100000000000000
0100000000000000
0100000000000000
0100000000000000
0100000000000000
0100000000000000
0100000000000000
0100000000000000
0100000000000000
0100000000000000
0100000000000000
0100000000000000
0100000000000000
0100000000000000
0100000000000000
0100000000000000
0100000000000000
0100000000000000
0100000000000000
0100000000000000
0100000000000000
0100000000000000
0100000000000000
0100000000000000
0100000000000000
0100000000000000
0100000000000000
0100000000000000
0100000000000000
0100000000000000
0100000000000000
0100000000000000
0100000000000000
0100000000000000
0100000000000000
0100000000000000
0100000000000000
0100000000000000
0100000000000000
0100000000000000
0100000000000000
0100000000000000
0100000000000000
0100000000000000
0100000000000000
0100000000000000
0100000000000000
0100000000000000
0100000000000000
0100000000000000
0100000000000000
0100000000000000
0100000000000000
0100000000000000
0100000000000000
0100000000000000
0100000000000000
0100000000000000
0100000000000000
0100000000000000
0100000000000000
0100000000000000
0100000000000000
0100000000000000
0100000000000000
0100000000000000
00fb000000000002
00f5000000000003
00eb000000000005
00dc00020002000a
00c800030003000d
00aa000600060016
008700060006001e
0063000800080026
0042000a000a002e
0028000b000b0035
0013000c000c003a
0006000c000c003e
0000000d000d003e
0000000d000d003f
0000000c000c003f
0000000d000d003f
0004000c000c003e
0004000d000d003d
0002000d000d003e
0002000c000c003d
0000000e000e003f
0000000f000f003f
0002000d000d003f
0008000d000d003d
0017000d000d0039
0033000a000a0031
005c000800080029
008b00050005001d
00b4000400040012
00d200030003000c
00ea000100010005
00f5000000000003
00fe000000000001
0100000000000000
0100000000000000
0100000000000000
0100000000000000
0100000000000000
0100000000000000
0100000000000000
0100000000000000
0100000000000000
0100000000000000
0100000000000000
0100000000000000
0100000000000000
0100000000000000
0100000000000000
0100000000000000
0100000000000000
0100000000000000
0100000000000000
0100000000000000
0100000000000000
0100000000000000
0100000000000000
0100000000000000
0100000000000000
0100000000000000
0100000000000000
0100000000000000
0100000000000000
0100000000000000
0100000000000000
0100000000000000
0100000000000000
0100000000000000
0100000000000000
0100000000000000
0100000000000000
0100000000000000
0100000000000000
0100000000000000
0100000000000000
0100000000000000
0100000000000000
0100000000000000
0100000000000000
0100000000000000
0100000000000000
0100000000000000
0100000000000000
0100000000000000
0100000000000000
0100000000000000
0100000000000000
0100000000000000
0100000000000000
0100000000000000
0100000000000000
0100000000000000
0100000000000000
0100000000000000
0100000000000000
0100000000000000
0100000000000000
0100000000000000
0100000000000000
0100000000000000
0100000000000000
0100000000000000
0100000000000000
0100000000000000
0100000000000000
0100000000000000
0100000000000000
0100000000000000
0100000000000000
0100000000000000
0100000000000000
0100000000000000
0100000000000000
0100000000000000
0100000000000000
0100000000000000
0100000000000000
0100000000000000
0100000000000000
0100000000000000
0100000000000000
0100000000000000
0100000000000000
0100000000000000
0100000000000000
0100000000000000
0100000000000000
0100000000000000
0100000000000000
00fc000000000001
00f7000000000002
00ef000000000004
00e0000200020008
00ce00020002000c
00b1000400040014
009000060006001b
006d000800080024
004b00090009002c
002f000b000b0033
0017000b000b0039
000a000c000c003d
0002000d000d003d
0000000d000d003e
0000000c000c003e
0000000c000c003e
0002000d000d003d
0003000d000d003c
0003000d000d003c
0001000c000c003d
0000000c000c003e
0000000d000d003e
0001000c000c003e
0007000c000c003d
0014000c000c0039
002e000a000a0033
005500080008002b
008200060006001f
00ae000500050014
00ce00030003000b
00e7000100010006
00f2000000000003
00fe000000000001
0100000000000000
0100000000000000
0100000000000000
0100000000000000
0100000000000000
0100000000000000
0100000000000000
0100000000000000
0100000000000000
0100000000000000
0100000000000000
0100000000000000
0100000000000000
0100000000000000
0100000000000000
0100000000000000
0100000000000000
0100000000000000
0100000000000000
0100000000000000
0100000000000000
0100000000000000
0100000000000000
0100000000000000
0100000000000000
0100000000000000
0100000000000000
0100000000000000
0100000000000000
0100000000000000
0100000000000000
0100000000000000
0100000000000000
0100000000000000
0100000000000000
0100000000000000
0100000000000000
0100000000000000
0100000000000000
0100000000000000
0100000000000000
0100000000000000
0100000000000000
0100000000000000
0100000000000000
0100000000000000
0100000000000000
0100000000000000
0100000000000000
0100000000000000
0100000000000000
0100000000000000
0100000000000000
0100000000000000
0100000000000000
0100000000000000
0100000000000000
0100000000000000
0100000000000000
0100000000000000
0100000000000000
0100000000000000
0100000000000000
0100000000000000
0100000000000000
0100000000000000
0100000000000000
0100000000000000
0100000000000000
0100000000000000
0100000000000000
0100000000000000
0100000000000000
0100000000000000
0100000000000000
0100000000000000
0100000000000000
0100000000000000
0100000000000000
0100000000000000
0100000000000000
0100000000000000
0100000000000000
0100000000000000
0100000000000000
0100000000000000
0100000000000000
0100000000000000
0100000000000000
0100000000000000
0100000000000000
0100000000000000
0100000000000000
0100000000000000
0100000000000000
00fc000000000001
00fa000000000002
00f1000000000003
00e4000200020007
00d000030003000b
00ba000300030012
009b000400040018
0077000800080021
0054000a000a002a
0036000a000a0032
001d000b000b0039
000d000d000d003b
0004000c000c003d
0000000d000d003e
0000000d000d003f
0000000c000c003e
0002000c000c003e
0004000d000d003d
0003000e000e003e
0002000c000c003f
0001000d000d003c
0000000e000e003e
0001000d000d003d
0006000d000d003d
0012000d000d003b
0029000a000a0034
004e00090009002c
007b000700070021
00a6000500050015
00cb00020002000d
00e3000200020007
00f1000000000003
00fd000000000001
0100000000000000
0100000000000000
0100000000000000
0100000000000000
0100000000000000
0100000000000000
0100000000000000
0100000000000000
0100000000000000
0100000000000000
0100000000000000
0100000000000000
0100000000000000
0100000000000000
0100000000000000
0100000000000000
0100000000000000
0100000000000000
0100000000000000
0100000000000000
0100000000000000
0100000000000000
0100000000000000
0100000000000000
0100000000000000
0100000000000000
0100000000000000
0100000000000000
0100000000000000
0100000000000000
0100000000000000
0100000000000000
0100000000000000
0100000000000000
0100000000000000
0100000000000000
0100000000000000
0100000000000000
0100000000000000
0100000000000000
0100000000000000
0100000000000000
0100000000000000
0100000000000000
0100000000000000
0100000000000000
0100000000000000
0100000000000000
0100000000000000
0100000000000000
0100000000000000
0100000000000000
0100000000000000
0100000000000000
0100000000000000
0100000000000000
0100000000000000
0100000000000000
0100000000000000
0100000000000000
0100000000000000
0100000000000000
0100000000000000
0100000000000000
0100000000000000
0100000000000000
0100000000000000
0100000000000000
0100000000000000
0100000000000000
0100000000000000
0100000000000000
0100000000000000
0100000000000000
0100000000000000
0100000000000000
0100000000000000
0100000000000000
0100000000000000
0100000000000000
0100000000000000
0100000000000000
0100000000000000
0100000000000000
0100000000000000
0100000000000000
0100000000000000
0100000000000000
0100000000000000
0100000000000000
0100000000000000
0100000000000000
0100000000000000
0100000000000000
0100000000000000
0100000000000000
00f9000000000002
00f4000000000003
00ea000100010004
00d700030003000a
00c000030003000f
00a1000500050017
0080000700070020
005d000800080029
003d000900090030
0023000b000b0036
0011000c000c003a
0007000d000d003c
0001000d000d003f
0000000d000d003f
0000000d000d003e
0001000c000c003d
0002000d000d003d
0002000c000c003d
0001000d000d003d
0000000d000d003d
0000000e000e003e
0001000d000d003f
0005000d000d003e
000f000d000d003c
0024000b000b0036
0048000a000a002c
0074000800080023
00a2000400040017
00c700030003000f
00dd000200020009
00f2000000000003
00fb000000000002
0100000000000000
0100000000000000
0100000000000000
0100000000000000
0100000000000000
0100000000000000
0100000000000000
0100000000000000
0100000000000000
0100000000000000
0100000000000000
0100000000000000
0100000000000000
0100000000000000
0100000000000000
0100000000000000
0100000000000000
0100000000000000
0100000000000000
0100000000000000
0100000000000000
0100000000000000
0100000000000000
0100000000000000
0100000000000000
0100000000000000
0100000000000000
0100000000000000
0100000000000000
0100000000000000
0100000000000000
0100000000000000
0100000000000000
0100000000000000
0100000000000000
0100000000000000
0100000000000000
0100000000000000
0100000000000000
0100000000000000
0100000000000000
0100000000000000
0100000000000000
0100000000000000
0100000000000000
0100000000000000
0100000000000000
0100000000000000
0100000000000000
0100000000000000
0100000000000000
0100000000000000
0100000000000000
0100000000000000
0100000000000000
0100000000000000
0100000000000000
0100000000000000
0100000000000000
0100000000000000
0100000000000000
0100000000000000
0100000000000000
0100000000000000
0100000000000000
0100000000000000
0100000000000000
0100000000000000
0100000000000000
0100000000000000
0100000000000000
0100000000000000
0100000000000000
0100000000000000
0100000000000000
0100000000000000
0100000000000000
0100000000000000
0100000000000000
0100000000000000
0100000000000000
0100000000000000
0100000000000000
0100000000000000
0100000000000000
0100000000000000
0100000000000000
0100000000000000
0100000000000000
0100000000000000
0100000000000000
0100000000000000
0100000000000000
0100000000000000
0100000000000000
0100000000000000
00fa000000000001
00f5000000000003
00eb000000000005
00dd000200020009
00c700030003000d
00ab000600060014
008700060006001f
0064000800080027
0044000a000a002d
002a000a000a0035
0014000c000c003a
0006000c000c003d
0001000d000d003e
0000000d000d003f
0000000d000d003f
0000000d000d003d
0001000c000c003e
0002000c000c003f
0001000c000c003d
0000000e000e003f
0000000c000c003f
0000000d000d003f
0003000d000d003e
000c000c000c003c
0020000b000b0037
004200090009002e
006d000700070025
009b00040004001a
00c000030003000f
00db000200020009
00ee000000000005
00f9000000000002
0100000000000000
0100000000000000
0100000000000000
0100000000000000
0100000000000000
0100000000000000
0100000000000000
0100000000000000
0100000000000000
0100000000000000
0100000000000000
0100000000000000
0100000000000000
0100000000000000
0100000000000000
0100000000000000
0100000000000000
0100000000000000
0100000000000000
0100000000000000
0100000000000000
0100000000000000
0100000000000000
0100000000000000
0100000000000000
0100000000000000
0100000000000000
0100000000000000
0100000000000000
0100000000000000
0100000000000000
0100000000000000
0100000000000000
0100000000000000
0100000000000000
0100000000000000
0100000000000000
0100000000000000
0100000000000000
0100000000000000
0100000000000000
0100000000000000
0100000000000000
0100000000000000
0100000000000000
0100000000000000
0100000000000000
0100000000000000
0100000000000000
0100000000000000
0100000000000000
0100000000000000
0100000000000000
0100000000000000
0100000000000000
0100000000000000
0100000000000000
0100000000000000
0100000000000000
0100000000000000
0100000000000000
0100000000000000
0100000000000000
0100000000000000
0100000000000000
0100000000000000
0100000000000000
0100000000000000
0100000000000000
0100000000000000
0100000000000000
0100000000000000
0100000000000000
0100000000000000
0100000000000000
0100000000000000
0100000000000000
0100000000000000
0100000000000000
0100000000000000
0100000000000000
0100000000000000
0100000000000000
0100000000000000
0100000000000000
0100000000000000
0100000000000000
0100000000000000
0100000000000000
0100000000000000
0100000000000000
0100000000000000
0100000000000000
0100000000000000
0100000000000000
0100000000000000
00fc000000000001
00f6000000000002
00ef000000000004
00e0000200020008
00cf00020002000c
00b0000400040014
009100060006001b
006e000800080023
004c00090009002d
002f000b000b0034
0017000c000c0039
0007000d000d003d
0000000d000d003e
0000000d000d003e
0000000d000d003e
0000000c000c003d
0001000d000d003d
0002000c000c003e
0001000e000e003d
0000000d000d003e
0000000c000c003f
0000000d000d003e
0003000d000d003f
000a000d000d003b
001d000c000c0038
003c00080008002f
0067000800080026
009300060006001c
00bb000300030011
00db000200020008
00ee000000000005
00f8000000000002
0100000000000000
0100000000000000
0100000000000000
0100000000000000
0100000000000000
0100000000000000
0100000000000000
0100000000000000
0100000000000000
0100000000000000
0100000000000000
0100000000000000
0100000000000000
0100000000000000
0100000000000000
0100000000000000
0100000000000000
0100000000000000
0100000000000000
0100000000000000
0100000000000000
0100000000000000
0100000000000000
0100000000000000
0100000000000000
0100000000000000
0100000000000000
0100000000000000
0100000000000000
0100000000000000
0100000000000000
0100000000000000
0100000000000000
0100000000000000
0100000000000000
0100000000000000
0100000000000000
0100000000000000
0100000000000000
0100000000000000
0100000000000000
0100000000000000
0100000000000000
0100000000000000
0100000000000000
0100000000000000
0100000000000000
0100000000000000
0100000000000000
0100000000000000
0100000000000000
0100000000000000
0100000000000000
0100000000000000
0100000000000000
0100000000000000
0100000000000000
0100000000000000
0100000000000000
0100000000000000
0100000000000000
0100000000000000
0100000000000000
0100000000000000
0100000000000000
0100000000000000
0100000000000000
0100000000000000
0100000000000000
0100000000000000
0100000000000000
0100000000000000
0100000000000000
0100000000000000
0100000000000000
0100000000000000
0100000000000000
0100000000000000
0100000000000000
0100000000000000
0100000000000000
0100000000000000
0100000000000000
0100000000000000
0100000000000000
0100000000000000
0100000000000000
0100000000000000
0100000000000000
0100000000000000
0100000000000000
0100000000000000
0100000000000000
0100000000000000
0100000000000000
0100000000000000
00fc000000000001
00f9000000000002
00f0000000000003
00e5000100010007
00cf00020002000c
00b8000400040011
0099000400040019
0076000600060023
005400090009002b
0034000b000b0033
001a000c000c0039
000a000d000d003b
0001000c000c003c
0000000d000d003f
0000000d000d0040
0000000d000d003f
0001000c000c003e
0001000c000c003e
0001000d000d003e
0000000d000d003e
0000000e000e003d
0000000d000d003e
0002000c000c003e
0009000c000c003d
001a000b000b003a
0037000b000b0030
005f000700070027
008e00060006001b
00ba000300030013
00d600020002000a
00eb000000000005
00f6000000000003
0100000000000000
0100000000000000
0100000000000000
0100000000000000
0100000000000000
0100000000000000
0100000000000000
0100000000000000
0100000000000000
0100000000000000
0100000000000000
0100000000000000
0100000000000000
0100000000000000
0100000000000000
0100000000000000
0100000000000000
0100000000000000
0100000000000000
0100000000000000
0100000000000000
0100000000000000
0100000000000000
0100000000000000
0100000000000000
0100000000000000
0100000000000000
0100000000000000
0100000000000000
0100000000000000
0100000000000000
0100000000000000
0100000000000000
0100000000000000
0100000000000000
0100000000000000
0100000000000000
0100000000000000
0100000000000000
0100000000000000
0100000000000000
0100000000000000
0100000000000000
0100000000000000
0100000000000000
0100000000000000
0100000000000000
0100000000000000
0100000000000000
0100000000000000
0100000000000000
0100000000000000
0100000000000000
0100000000000000
0100000000000000
0100000000000000
0100000000000000
0100000000000000
0100000000000000
0100000000000000
0100000000000000
0100000000000000
0100000000000000
0100000000000000
0100000000000000
0100000000000000
0100000000000000
0100000000000000
0100000000000000
0100000000000000
0100000000000000
0100000000000000
0100000000000000
0100000000000000
0100000000000000
0100000000000000
0100000000000000
0100000000000000
0100000000000000
0100000000000000
0100000000000000
0100000000000000
0100000000000000
0100000000000000
0100000000000000
0100000000000000
0100000000000000
0100000000000000
0100000000000000
0100000000000000
0100000000000000
0100000000000000
0100000000000000
0100000000000000
0100000000000000
0100000000000000
00fe000000000001
00fb000000000001
00f4000000000003
00e8000100010005
00d600030003000a
00bf000300030010
00a0000400040018
007d000700070021
005a00080008002b
003a000a000a0031
001e000c000c0036
000c000b000b003b
0003000d000d003d
0000000d000d003e
0000000d000d003e
0000000e000e003e
0000000e000e003e
0000000d000d003d
0000000d000d003e
0000000e000e003f
0000000e000e003d
0000000d000d003d
0002000c000c003d
0007000c000c003d
0016000c000c0039
0033000a000a0031
005b000800080029
008a00040004001d
00b6000400040012
00d300030003000b
00e9000100010005
00f5000000000003
0100000000000000
0100000000000000
0100000000000000
0100000000000000
0100000000000000
0100000000000000
0100000000000000
0100000000000000
0100000000000000
0100000000000000
0100000000000000
0100000000000000
0100000000000000
0100000000000000
0100000000000000
0100000000000000
0100000000000000
0100000000000000
0100000000000000
0100000000000000
0100000000000000
0100000000000000
0100000000000000
0100000000000000
0100000000000000
0100000000000000
0100000000000000
0100000000000000
0100000000000000
0100000000000000
0100000000000000
0100000000000000
0100000000000000
0100000000000000
0100000000000000
0100000000000000
0100000000000000
0100000000000000
0100000000000000
0100000000000000
0100000000000000
0100000000000000
0100000000000000
0100000000000000
0100000000000000
0100000000000000
0100000000000000
0100000000000000
0100000000000000
0100000000000000
0100000000000000
0100000000000000
0100000000000000
0100000000000000
0100000000000000
0100000000000000
0100000000000000
0100000000000000
0100000000000000
0100000000000000
0100000000000000
0100000000000000
0100000000000000
0100000000000000
0100000000000000
0100000000000000
0100000000000000
0100000000000000
0100000000000000
0100000000000000
0100000000000000
0100000000000000
0100000000000000
0100000000000000
0100000000000000
0100000000000000
0100000000000000
0100000000000000
0100000000000000
0100000000000000
0100000000000000
0100000000000000
0100000000000000
0100000000000000
0100000000000000
0100000000000000
0100000000000000
0100000000000000
0100000000000000
0100000000000000
0100000000000000
0100000000000000
0100000000000000
0100000000000000
0100000000000000
0100000000000000
0100000000000000
00fb000000000002
00f5000000000003
00eb000100010005
00d900020002000a
00c600030003000d
00a8000600060015
008300060006001f
0061000800080027
003e000a000a002f
0022000b000b0036
000e000c000c003a
0003000e000e003d
0000000d000d003f
0000000e000e003e
0000000d000d003e
0000000d000d003d
0000000b000b003d
0000000c000c003d
0000000c000c003f
0000000d000d003e
0000000d000d0040
0000000e000e003e
0006000d000d003e
0013000a000a003a
002d000a000a0034
005600070007002a
008400060006001f
00af000400040014
00d000030003000b
00e8000100010005
00f5000000000003
0100000000000000
0100000000000000
0100000000000000
0100000000000000
0100000000000000
0100000000000000
0100000000000000
0100000000000000
0100000000000000
0100000000000000
0100000000000000
0100000000000000
0100000000000000
0100000000000000
0100000000000000
0100000000000000
0100000000000000
0100000000000000
0100000000000000
0100000000000000
0100000000000000
0100000000000000
0100000000000000
0100000000000000
0100000000000000
0100000000000000
0100000000000000
0100000000000000
0100000000000000
0100000000000000
0100000000000000
0100000000000000
0100000000000000
0100000000000000
0100000000000000
0100000000000000
0100000000000000
0100000000000000
0100000000000000
0100000000000000
0100000000000000
0100000000000000
0100000000000000
0100000000000000
0100000000000000
0100000000000000
0100000000000000
0100000000000000
0100000000000000
0100000000000000
0100000000000000
0100000000000000
0100000000000000
0100000000000000
0100000000000000
0100000000000000
0100000000000000
0100000000000000
0100000000000000
0100000000000000
0100000000000000
0100000000000000
0100000000000000
0100000000000000
0100000000000000
0100000000000000
0100000000000000
0100000000000000
0100000000000000
0100000000000000
0100000000000000
0100000000000000
0100000000000000
0100000000000000
0100000000000000
0100000000000000
0100000000000000
0100000000000000
0100000000000000
0100000000000000
0100000000000000
0100000000000000
0100000000000000
0100000000000000
0100000000000000
0100000000000000
0100000000000000
0100000000000000
0100000000000000
0100000000000000
0100000000000000
0100000000000000
0100000000000000
0100000000000000
0100000000000000
0100000000000000
0100000000000000
00fc000000000001
00f6000000000002
00ed000000000005
00de000200020008
00cc00020002000d
00ad000500050015
008c00060006001c
0067000700070025
004500080008002e
0026000b000b0035
0010000d000d003a
0004000c000c003c
0000000d000d003e
0000000c000c0040
0000000d000d0040
0000000d000d003e
0000000c000c003e
0000000d000d003f
0000000c000c003e
0000000e000e003f
0000000e000e0041
0001000d000d003e
0005000c000c003e
0011000d000d0039
002b000c000c0034
0052000800080029
0080000600060020
00ae000500050015
00cf00020002000d
00e5000100010007
00f3000000000003
0100000000000000
0100000000000000
0100000000000000
0100000000000000
0100000000000000
0100000000000000
0100000000000000
0100000000000000
0100000000000000
0100000000000000
0100000000000000
0100000000000000
0100000000000000
0100000000000000
0100000000000000
0100000000000000
0100000000000000
0100000000000000
0100000000000000
0100000000000000
0100000000000000
0100000000000000
0100000000000000
0100000000000000
0100000000000000
0100000000000000
0100000000000000
0100000000000000
0100000000000000
0100000000000000
0100000000000000
0100000000000000
0100000000000000
0100000000000000
0100000000000000
0100000000000000
0100000000000000
0100000000000000
0100000000000000
0100000000000000
0100000000000000
0100000000000000
0100000000000000
0100000000000000
0100000000000000
0100000000000000
0100000000000000
0100000000000000
0100000000000000
0100000000000000
0100000000000000
0100000000000000
0100000000000000
0100000000000000
0100000000000000
0100000000000000
0100000000000000
0100000000000000
0100000000000000
0100000000000000
0100000000000000
0100000000000000
0100000000000000
0100000000000000
0100000000000000
0100000000000000
0100000000000000
0100000000000000
0100000000000000
0100000000000000
0100000000000000
0100000000000000
0100000000000000
0100000000000000
0100000000000000
0100000000000000
0100000000000000
0100000000000000
0100000000000000
0100000000000000
0100000000000000
0100000000000000
0100000000000000
0100000000000000
0100000000000000
0100000000000000
0100000000000000
0100000000000000
0100000000000000
0100000000000000
0100000000000000
0100000000000000
0100000000000000
0100000000000000
0100000000000000
0100000000000000
0100000000000000
00fc000000000001
00f9000000000002
00f0000000000003
00e2000200020008
00cf00030003000c
00b5000400040012
009400050005001a
0072000700070023
004c000a000a002c
002b000b000b0034
0014000b000b003a
0007000c000c003c
0000000c000c003e
0000000c000c003e
0000000c000c003e
0000000b000b003f
0000000b000b003f
0000000c000c003e
0000000d000d003f
0000000d000d003f
0000000c000c003d
0000000d000d003f
0004000c000c003e
0010000c000c0039
0029000b000b0034
004d00090009002b
007c000600060021
00a9000300030017
00ce00030003000c
00e3000200020007
00f1000000000003
0100000000000000
0100000000000000
0100000000000000
0100000000000000
0100000000000000
0100000000000000
0100000000000000
0100000000000000
0100000000000000
0100000000000000
0100000000000000
0100000000000000
0100000000000000
0100000000000000
0100000000000000
0100000000000000
0100000000000000
0100000000000000
0100000000000000
0100000000000000
0100000000000000
0100000000000000
0100000000000000
0100000000000000
0100000000000000
0100000000000000
0100000000000000
0100000000000000
0100000000000000
0100000000000000
0100000000000000
0100000000000000
0100000000000000
0100000000000000
0100000000000000
0100000000000000
0100000000000000
0100000000000000
0100000000000000
0100000000000000
0100000000000000
0100000000000000
0100000000000000
0100000000000000
0100000000000000
0100000000000000
0100000000000000
0100000000000000
0100000000000000
0100000000000000
0100000000000000
0100000000000000
0100000000000000
0100000000000000
0100000000000000
0100000000000000
0100000000000000
0100000000000000
0100000000000000
0100000000000000
0100000000000000
0100000000000000
0100000000000000
0100000000000000
0100000000000000
0100000000000000
0100000000000000
0100000000000000
0100000000000000
0100000000000000
0100000000000000
0100000000000000
0100000000000000
0100000000000000
0100000000000000
0100000000000000
0100000000000000
0100000000000000
0100000000000000
0100000000000000
0100000000000000
0100000000000000
0100000000000000
0100000000000000
0100000000000000
0100000000000000
0100000000000000
0100000000000000
0100000000000000
0100000000000000
0100000000000000
0100000000000000
0100000000000000
0100000000000000
0100000000000000
0100000000000000
0100000000000000
00fc000000000001
00fa000000000002
00f3000000000003
00e6000100010006
00d300030003000b
00bc000300030011
009d000400040018
0079000700070023
005100090009002b
002f000a000a0032
0017000c000c0037
000a000d000d003a
0001000c000c003e
0000000d000d003f
0000000e000e003e
0000000e000e003f
0000000d000d003f
0000000d000d003e
0000000d000d0040
0000000e000e003d
0000000d000d003f
0000000d000d003e
0003000c000c003c
000f000c000c003b
0026000c000c0035
004b00090009002b
0079000700070021
00a7000300030017
00cd00030003000c
00e3000200020006
00f3000000000003
0100000000000000
0100000000000000
0100000000000000
0100000000000000
0100000000000000
0100000000000000
0100000000000000
0100000000000000
0100000000000000
0100000000000000
0100000000000000
0100000000000000
0100000000000000
0100000000000000
0100000000000000
0100000000000000
0100000000000000
0100000000000000
0100000000000000
0100000000000000
0100000000000000
0100000000000000
0100000000000000
0100000000000000
0100000000000000
0100000000000000
0100000000000000
0100000000000000
0100000000000000
0100000000000000
0100000000000000
0100000000000000
0100000000000000
0100000000000000
0100000000000000
0100000000000000
0100000000000000
0100000000000000
0100000000000000
0100000000000000
0100000000000000
0100000000000000
0100000000000000
0100000000000000
0100000000000000
0100000000000000
0100000000000000
0100000000000000
0100000000000000
0100000000000000
0100000000000000
0100000000000000
0100000000000000
0100000000000000
0100000000000000
0100000000000000
0100000000000000
0100000000000000
0100000000000000
0100000000000000
0100000000000000
0100000000000000
0100000000000000
0100000000000000
0100000000000000
0100000000000000
0100000000000000
0100000000000000
0100000000000000
0100000000000000
0100000000000000
0100000000000000
0100000000000000
0100000000000000
0100000000000000
0100000000000000
0100000000000000
0100000000000000
0100000000000000
0100000000000000
0100000000000000
0100000000000000
0100000000000000
0100000000000000
0100000000000000
0100000000000000
0100000000000000
0100000000000000
0100000000000000
0100000000000000
0100000000000000
0100000000000000
0100000000000000
0100000000000000
0100000000000000
0100000000000000
0100000000000000
0100000000000000
00f9000000000002
00f4000000000003
00ec000100010004
00d8000300030009
00c100030003000e
00a4000600060016
007b000700070021
0054000800080029
0032000a000a0030
001a000b000b0036
0009000d000d003c
0003000d000d003d
0000000d000d003e
0000000d000d003f
0000000d000d003e
0000000d000d003f
0000000c000c0040
0000000e000e003f
0000000d000d003f
0000000e000e0040
0000000e000e003e
0003000e000e003e
000d000c000c003b
0025000c000c0035
004a00090009002e
0077000600060021
00a3000400040017
00c700030003000e
00e5000100010007
00f1000000000004
0100000000000000
0100000000000000
0100000000000000
0100000000000000
0100000000000000
0100000000000000
0100000000000000
0100000000000000
0100000000000000
0100000000000000
0100000000000000
0100000000000000
0100000000000000
0100000000000000
0100000000000000
0100000000000000
0100000000000000
0100000000000000
0100000000000000
0100000000000000
0100000000000000
0100000000000000
0100000000000000
0100000000000000
0100000000000000
0100000000000000
0100000000000000
0100000000000000
0100000000000000
0100000000000000
0100000000000000
0100000000000000
0100000000000000
0100000000000000
0100000000000000
0100000000000000
0100000000000000
0100000000000000
0100000000000000
0100000000000000
0100000000000000
0100000000000000
0100000000000000
0100000000000000
0100000000000000
0100000000000000
0100000000000000
0100000000000000
0100000000000000
0100000000000000
0100000000000000
0100000000000000
0100000000000000
0100000000000000
0100000000000000
0100000000000000
0100000000000000
0100000000000000
0100000000000000
0100000000000000
0100000000000000
0100000000000000
0100000000000000
0100000000000000
0100000000000000
0100000000000000
0100000000000000
0100000000000000
0100000000000000
0100000000000000
0100000000000000
0100000000000000
0100000000000000
0100000000000000
0100000000000000
0100000000000000
0100000000000000
0100000000000000
0100000000000000
0100000000000000
0100000000000000
0100000000000000
0100000000000000
0100000000000000
0100000000000000
0100000000000000
0100000000000000
0100000000000000
0100000000000000
0100000000000000
0100000000000000
0100000000000000
0100000000000000
0100000000000000
0100000000000000
0100000000000000
0100000000000000
0100000000000000
00fb000000000002
00f5000000000003
00eb000000000005
00db00020002000a
00c800030003000e
00a8000600060014
008000060006001e
005b000700070026
0038000a000a0030
001d000d000d0036
000c000c000c003a
0002000d000d003e
0000000d000d003d
0000000d000d003e
0000000c000c003f
0000000d000d003e
0000000d000d003e
0000000b000b0040
0000000e000e003f
0000000c000c0040
0000000f000f003d
0003000e000e003f
000e000d000d003c
0025000b000b0036
0047000a000a002e
0075000600060022
00a0000400040016
00c800030003000e
00e2000200020007
00f1000000000004
0100000000000000
0100000000000000
0100000000000000
0100000000000000
0100000000000000
0100000000000000
0100000000000000
0100000000000000
0100000000000000
0100000000000000
0100000000000000
0100000000000000
0100000000000000
0100000000000000
0100000000000000
0100000000000000
0100000000000000
0100000000000000
0100000000000000
0100000000000000
0100000000000000
0100000000000000
0100000000000000
0100000000000000
0100000000000000
0100000000000000
0100000000000000
0100000000000000
0100000000000000
0100000000000000
0100000000000000
0100000000000000
0100000000000000
0100000000000000
0100000000000000
0100000000000000
0100000000000000
0100000000000000
0100000000000000
0100000000000000
0100000000000000
0100000000000000
0100000000000000
0100000000000000
0100000000000000
0100000000000000
0100000000000000
0100000000000000
0100000000000000
0100000000000000
0100000000000000
0100000000000000
0100000000000000
0100000000000000
0100000000000000
0100000000000000
0100000000000000
0100000000000000
0100000000000000
0100000000000000
0100000000000000
0100000000000000
0100000000000000
0100000000000000
0100000000000000
0100000000000000
0100000000000000
0100000000000000
0100000000000000
0100000000000000
0100000000000000
0100000000000000
0100000000000000
0100000000000000
0100000000000000
0100000000000000
0100000000000000
0100000000000000
0100000000000000
0100000000000000
0100000000000000
0100000000000000
0100000000000000
0100000000000000
0100000000000000
0100000000000000
0100000000000000
0100000000000000
0100000000000000
0100000000000000
0100000000000000
0100000000000000
0100000000000000
0100000000000000
0100000000000000
0100000000000000
0100000000000000
0100000000000000
00fc000000000001
00f7000000000002
00ef000000000004
00e0000200020008
00ce00020002000c
00ac000400040013
008700060006001d
0061000800080027
003f000a000a002f
001f000b000b0038
000d000c000c003c
0003000d000d003d
0000000c000c003e
0000000e000e003f
0000000d000d003f
0000000c000c003e
0000000c000c003f
0000000d000d003f
0000000e000e003f
0000000f000f003f
0000000c000c003f
0003000d000d003e
000d000c000c003c
0024000c000c0034
0048000b000b002e
0075000700070021
00a0000400040017
00cb00030003000c
00e2000200020007
00f1000000000003
0100000000000000
0100000000000000
0100000000000000
0100000000000000
0100000000000000
0100000000000000
0100000000000000
0100000000000000
0100000000000000
0100000000000000
0100000000000000
0100000000000000
0100000000000000
0100000000000000
0100000000000000
0100000000000000
0100000000000000
0100000000000000
0100000000000000
0100000000000000
0100000000000000
0100000000000000
0100000000000000
0100000000000000
0100000000000000
0100000000000000
0100000000000000
0100000000000000
0100000000000000
0100000000000000
0100000000000000
0100000000000000
0100000000000000
0100000000000000
0100000000000000
0100000000000000
0100000000000000
0100000000000000
0100000000000000
0100000000000000
0100000000000000
0100000000000000
0100000000000000
0100000000000000
0100000000000000
0100000000000000
0100000000000000
0100000000000000
0100000000000000
0100000000000000
0100000000000000
0100000000000000
0100000000000000
0100000000000000
0100000000000000
0100000000000000
0100000000000000
0100000000000000
0100000000000000
0100000000000000
0100000000000000
0100000000000000
0100000000000000
0100000000000000
0100000000000000
0100000000000000
0100000000000000
0100000000000000
0100000000000000
0100000000000000
0100000000000000
0100000000000000
0100000000000000
0100000000000000
0100000000000000
0100000000000000
0100000000000000
0100000000000000
0100000000000000
0100000000000000
0100000000000000
0100000000000000
0100000000000000
0100000000000000
0100000000000000
0100000000000000
0100000000000000
0100000000000000
0100000000000000
0100000000000000
0100000000000000
0100000000000000
0100000000000000
0100000000000000
0100000000000000
0100000000000000
0100000000000000
0100000000000000
00fc000000000001
00fa000000000002
00f1000000000003
00e4000200020007
00ce00030003000b
00b2000300030014
008e00040004001b
0068000700070025
0042000a000a002e
0023000a000a0037
000e000b000b003c
0003000e000e003d
0000000c000c003d
0000000d000d003f
0000000d000d003e
0000000d000d003f
0000000d000d0040
0000000c000c003e
0000000d000d0041
0000000c000c003f
0000000e000e003d
0003000e000e003d
000d000c000c003b
0024000b000b0036
0048000a000a002d
0076000600060020
00a1000400040016
00c800030003000e
00e3000100010007
00f4000000000003
0100000000000000
0100000000000000
0100000000000000
0100000000000000
0100000000000000
0100000000000000
0100000000000000
0100000000000000
0100000000000000
0100000000000000
0100000000000000
0100000000000000
0100000000000000
0100000000000000
0100000000000000
0100000000000000
0100000000000000
0100000000000000
0100000000000000
0100000000000000
0100000000000000
0100000000000000
0100000000000000
0100000000000000
0100000000000000
0100000000000000
0100000000000000
0100000000000000
0100000000000000
0100000000000000
0100000000000000
0100000000000000
0100000000000000
0100000000000000
0100000000000000
0100000000000000
0100000000000000
0100000000000000
0100000000000000
0100000000000000
0100000000000000
0100000000000000
0100000000000000
0100000000000000
0100000000000000
0100000000000000
0100000000000000
0100000000000000
0100000000000000
0100000000000000
0100000000000000
0100000000000000
0100000000000000
0100000000000000
0100000000000000
0100000000000000
0100000000000000
0100000000000000
0100000000000000
0100000000000000
0100000000000000
0100000000000000
0100000000000000
0100000000000000
0100000000000000
0100000000000000
0100000000000000
0100000000000000
0100000000000000
0100000000000000
0100000000000000
0100000000000000
0100000000000000
0100000000000000
0100000000000000
0100000000000000
0100000000000000
0100000000000000
0100000000000000
0100000000000000
0100000000000000
0100000000000000
0100000000000000
0100000000000000
0100000000000000
0100000000000000
0100000000000000
0100000000000000
0100000000000000
0100000000000000
0100000000000000
0100000000000000
0100000000000000
0100000000000000
0100000000000000
0100000000000000
0100000000000000
0100000000000000
00fe000000000001
00fb000000000001
00f4000000000003
00e9000100010004
00d200030003000a
00b5000300030011
009300040004001a
006c000800080024
004600090009002d
0025000a000a0036
0010000c000c0039
0003000d000d003e
0000000c000c003e
0000000d000d003e
0000000d000d003e
0000000d000d003f
0000000c000c003f
0000000c000c0040
0000000d000d003f
0000000d000d0040
0000000c000c003e
0004000d000d003d
000f000d000d003a
0025000b000b0037
004a000a000a002b
0077000800080021
00a2000400040016
00c500030003000e
00e0000100010007
00f2000000000004
0100000000000000
0100000000000000
0100000000000000
0100000000000000
0100000000000000
0100000000000000
0100000000000000
0100000000000000
0100000000000000
0100000000000000
0100000000000000
0100000000000000
0100000000000000
0100000000000000
0100000000000000
0100000000000000
0100000000000000
0100000000000000
0100000000000000
0100000000000000
0100000000000000
0100000000000000
0100000000000000
0100000000000000
0100000000000000
0100000000000000
0100000000000000
0100000000000000
0100000000000000
0100000000000000
0100000000000000
0100000000000000
0100000000000000
0100000000000000
0100000000000000
0100000000000000
0100000000000000
0100000000000000
0100000000000000
0100000000000000
0100000000000000
0100000000000000
0100000000000000
0100000000000000
0100000000000000
0100000000000000
0100000000000000
0100000000000000
0100000000000000
0100000000000000
0100000000000000
0100000000000000
0100000000000000
0100000000000000
0100000000000000
0100000000000000
0100000000000000
0100000000000000
0100000000000000
0100000000000000
0100000000000000
0100000000000000
0100000000000000
0100000000000000
0100000000000000
0100000000000000
0100000000000000
0100000000000000
0100000000000000
0100000000000000
0100000000000000
0100000000000000
0100000000000000
0100000000000000
0100000000000000
0100000000000000
0100000000000000
0100000000000000
0100000000000000
0100000000000000
0100000000000000
0100000000000000
0100000000000000
0100000000000000
0100000000000000
0100000000000000
0100000000000000
0100000000000000
0100000000000000
0100000000000000
0100000000000000
0100000000000000
0100000000000000
0100000000000000
0100000000000000
0100000000000000
0100000000000000
0100000000000000
0100000000000000
00f9000000000002
00f5000000000003
00e9000100010005
00d500020002000a
00bc00030003000e
009a000600060018
0072000700070023
004b00080008002b
0028000c000c0035
0012000b000b003b
0004000d000d003d
0000000d000d003f
0000000d000d003f
0000000d000d0040
0000000d000d003f
0000000c000c003f
0000000d000d003f
0000000d000d0040
0000000d000d003f
0000000e000e003e
0004000d000d003f
0010000c000c003c
0028000b000b0034
004c00090009002c
0079000900090022
00a5000400040016
00c900020002000e
00e3000100010007
00f3000000000003
0100000000000000
0100000000000000
0100000000000000
0100000000000000
0100000000000000
0100000000000000
0100000000000000
0100000000000000
0100000000000000
0100000000000000
0100000000000000
0100000000000000
0100000000000000
0100000000000000
0100000000000000
0100000000000000
0100000000000000
0100000000000000
0100000000000000
0100000000000000
0100000000000000
0100000000000000
0100000000000000
0100000000000000
0100000000000000
0100000000000000
0100000000000000
0100000000000000
0100000000000000
0100000000000000
0100000000000000
0100000000000000
0100000000000000
0100000000000000
0100000000000000
0100000000000000
0100000000000000
0100000000000000
0100000000000000
0100000000000000
0100000000000000
0100000000000000
0100000000000000
0100000000000000
0100000000000000
0100000000000000
0100000000000000
0100000000000000
0100000000000000
0100000000000000
0100000000000000
0100000000000000
0100000000000000
0100000000000000
0100000000000000
0100000000000000
0100000000000000
0100000000000000
0100000000000000
0100000000000000
0100000000000000
0100000000000000
0100000000000000
0100000000000000
0100000000000000
0100000000000000
0100000000000000
0100000000000000
0100000000000000
0100000000000000
0100000000000000
0100000000000000
0100000000000000
0100000000000000
0100000000000000
0100000000000000
0100000000000000
0100000000000000
0100000000000000
0100000000000000
0100000000000000
0100000000000000
0100000000000000
0100000000000000
0100000000000000
0100000000000000
0100000000000000
0100000000000000
0100000000000000
0100000000000000
0100000000000000
0100000000000000
0100000000000000
0100000000000000
0100000000000000
0100000000000000
0100000000000000
0100000000000000
0100000000000000
00fc000000000001
00f7000000000002
00ed000000000005
00d9000200020009
00c200020002000f
009d000600060017
0077000700070020
004e000a000a002b
002b000a000a0033
0012000b000b003a
0006000c000c003e
0000000d000d003d
0000000c000c003f
0000000d000d0040
0000000c000c0040
0000000c000c0040
0000000c000c003f
0000000c000c003f
0000000e000e0040
0000000d000d003f
0004000d000d003d
0011000d000d003a
0029000b000b0033
004f00090009002d
007b00080008001f
00a7000400040016
00ca00030003000c
00e4000000000008
00f3000000000003
0100000000000000
0100000000000000
0100000000000000
0100000000000000
0100000000000000
0100000000000000
0100000000000000
0100000000000000
0100000000000000
0100000000000000
0100000000000000
0100000000000000
0100000000000000
0100000000000000
0100000000000000
0100000000000000
0100000000000000
0100000000000000
0100000000000000
0100000000000000
0100000000000000
0100000000000000
0100000000000000
0100000000000000
0100000000000000
0100000000000000
0100000000000000
0100000000000000
0100000000000000
0100000000000000
0100000000000000
0100000000000000
0100000000000000
0100000000000000
0100000000000000
0100000000000000
0100000000000000
0100000000000000
0100000000000000
0100000000000000
0100000000000000
0100000000000000
0100000000000000
0100000000000000
0100000000000000
0100000000000000
0100000000000000
0100000000000000
0100000000000000
0100000000000000
0100000000000000
0100000000000000
0100000000000000
0100000000000000
0100000000000000
0100000000000000
0100000000000000
0100000000000000
0100000000000000
0100000000000000
0100000000000000
0100000000000000
0100000000000000
0100000000000000
0100000000000000
0100000000000000
0100000000000000
0100000000000000
0100000000000000
0100000000000000
0100000000000000
0100000000000000
0100000000000000
0100000000000000
0100000000000000
0100000000000000
0100000000000000
0100000000000000
0100000000000000
0100000000000000
0100000000000000
0100000000000000
0100000000000000
0100000000000000
0100000000000000
0100000000000000
0100000000000000
0100000000000000
0100000000000000
0100000000000000
0100000000000000
0100000000000000
0100000000000000
0100000000000000
0100000000000000
0100000000000000
0100000000000000
0100000000000000
0100000000000000
00fc000000000001
00fa000000000002
00ee000000000004
00db000200020008
00c600030003000d
00a7000400040016
007e000600060020
0054000a000a002a
002f000a000a0033
0014000c000c0039
0007000c000c003e
0000000d000d003e
0000000c000c003f
0000000d000d003f
0000000d000d003f
0000000d000d003f
0000000d000d0040
0000000d000d0040
0000000d000d003f
0000000d000d003e
0005000d000d003c
0013000d000d003a
002e000a000a0034
0056000800080029
008000070007001f
00ab000500050015
00cc00030003000c
00e6000000000006
00f6000000000003
0100000000000000
0100000000000000
0100000000000000
0100000000000000
0100000000000000
0100000000000000
0100000000000000
0100000000000000
0100000000000000
0100000000000000
0100000000000000
0100000000000000
0100000000000000
0100000000000000
0100000000000000
0100000000000000
0100000000000000
0100000000000000
0100000000000000
0100000000000000
0100000000000000
0100000000000000
0100000000000000
0100000000000000
0100000000000000
0100000000000000
0100000000000000
0100000000000000
0100000000000000
0100000000000000
0100000000000000
0100000000000000
0100000000000000
0100000000000000
0100000000000000
0100000000000000
0100000000000000
0100000000000000
0100000000000000
0100000000000000
0100000000000000
0100000000000000
0100000000000000
0100000000000000
0100000000000000
0100000000000000
0100000000000000
0100000000000000
0100000000000000
0100000000000000
0100000000000000
0100000000000000
0100000000000000
0100000000000000
0100000000000000
0100000000000000
0100000000000000
0100000000000000
0100000000000000
0100000000000000
0100000000000000
0100000000000000
0100000000000000
0100000000000000
0100000000000000
0100000000000000
0100000000000000
0100000000000000
0100000000000000
0100000000000000
0100000000000000
0100000000000000
0100000000000000
0100000000000000
0100000000000000
0100000000000000
0100000000000000
0100000000000000
0100000000000000
0100000000000000
0100000000000000
0100000000000000
0100000000000000
0100000000000000
0100000000000000
0100000000000000
0100000000000000
0100000000000000
0100000000000000
0100000000000000
0100000000000000
0100000000000000
0100000000000000
0100000000000000
0100000000000000
0100000000000000
0100000000000000
0100000000000000
0100000000000000
0100000000000000
00fa000000000002
00f0000000000004
00e0000100010007
00c800040004000d
00aa000400040016
008200060006001f
005a000800080028
0033000a000a0031
0018000c000c0039
0008000d000d003e
0000000c000c003e
0000000c000c003f
0000000e000e003f
0000000d000d003f
0000000d000d0040
0000000e000e003f
0000000d000d003f
0000000d000d0040
0000000b000b003e
0007000d000d003d
0017000c000c0039
0032000b000b0033
005d000900090029
008700060006001e
00b0000500050014
00cf00020002000c
00e8000000000005
00f6000000000003
0100000000000000
0100000000000000
0100000000000000
0100000000000000
0100000000000000
0100000000000000
0100000000000000
0100000000000000
0100000000000000
0100000000000000
0100000000000000
0100000000000000
0100000000000000
0100000000000000
0100000000000000
0100000000000000
0100000000000000
0100000000000000
0100000000000000
0100000000000000
0100000000000000
0100000000000000
0100000000000000
0100000000000000
0100000000000000
0100000000000000
0100000000000000
0100000000000000
0100000000000000
0100000000000000
0100000000000000
0100000000000000
0100000000000000
0100000000000000
0100000000000000
0100000000000000
0100000000000000
0100000000000000
0100000000000000
0100000000000000
0100000000000000
0100000000000000
0100000000000000
0100000000000000
0100000000000000
0100000000000000
0100000000000000
0100000000000000
0100000000000000
0100000000000000
0100000000000000
0100000000000000
0100000000000000
0100000000000000
0100000000000000
0100000000000000
0100000000000000
0100000000000000
0100000000000000
0100000000000000
0100000000000000
0100000000000000
0100000000000000
0100000000000000
0100000000000000
0100000000000000
0100000000000000
0100000000000000
0100000000000000
0100000000000000
0100000000000000
0100000000000000
0100000000000000
0100000000000000
0100000000000000
0100000000000000
0100000000000000
0100000000000000
0100000000000000
0100000000000000
0100000000000000
0100000000000000
0100000000000000
0100000000000000
0100000000000000
0100000000000000
0100000000000000
0100000000000000
0100000000000000
0100000000000000
0100000000000000
0100000000000000
0100000000000000
0100000000000000
0100000000000000
0100000000000000
0100000000000000
0100000000000000
0100000000000000
0100000000000000
00f7000000000002
00f1000000000004
00e6000100010005
00cd00030003000b
00b1000400040014
008d00070007001d
0063000800080027
003b000a000a002f
001d000c000c0038
000b000c000c003c
0001000c000c003e
0000000d000d003e
0000000c000c0040
0000000d000d003f
0000000d000d0040
0000000d000d003f
0000000e000e003f
0000000d000d0040
0001000c000c003e
000b000c000c003d
001c000b000b0038
003b000a000a0031
0064000900090027
008e00060006001c
00b5000500050012
00d500020002000a
00e9000000000005
00f8000000000002
0100000000000000
0100000000000000
0100000000000000
0100000000000000
0100000000000000
0100000000000000
0100000000000000
0100000000000000
0100000000000000
0100000000000000
0100000000000000
0100000000000000
0100000000000000
0100000000000000
0100000000000000
0100000000000000
0100000000000000
0100000000000000
0100000000000000
0100000000000000
0100000000000000
0100000000000000
0100000000000000
0100000000000000
0100000000000000
0100000000000000
0100000000000000
0100000000000000
0100000000000000
0100000000000000
0100000000000000
0100000000000000
0100000000000000
0100000000000000
0100000000000000
0100000000000000
0100000000000000
0100000000000000
0100000000000000
0100000000000000
0100000000000000
0100000000000000
0100000000000000
0100000000000000
0100000000000000
0100000000000000
0100000000000000
0100000000000000
0100000000000000
0100000000000000
0100000000000000
0100000000000000
0100000000000000
0100000000000000
0100000000000000
0100000000000000
0100000000000000
0100000000000000
0100000000000000
0100000000000000
0100000000000000
0100000000000000
0100000000000000
0100000000000000
0100000000000000
0100000000000000
0100000000000000
0100000000000000
0100000000000000
0100000000000000
0100000000000000
0100000000000000
0100000000000000
0100000000000000
0100000000000000
0100000000000000
0100000000000000
0100000000000000
0100000000000000
0100000000000000
0100000000000000
0100000000000000
0100000000000000
0100000000000000
0100000000000000
0100000000000000
0100000000000000
0100000000000000
0100000000000000
0100000000000000
0100000000000000
0100000000000000
0100000000000000
0100000000000000
0100000000000000
0100000000000000
0100000000000000
0100000000000000
0100000000000000
0100000000000000
00fa000000000001
00f4000000000003
00e9000000000005
00d300030003000b
00b7000300030013
009300060006001b
006c000800080024
0044000b000b002d
0024000c000c0036
000f000d000d003b
0003000c000c003e
0000000e000e003e
0000000d000d003f
0000000d000d003f
0000000d000d0040
0000000d000d0040
0000000c000c003f
0000000e000e003e
0003000c000c003f
000e000d000d003c
0024000b000b0037
004600090009002f
006e000900090024
0097000400040019
00bd000400040010
00d800020002000a
00eb000000000005
00fa000000000002
0100000000000000
0100000000000000
0100000000000000
0100000000000000
0100000000000000
0100000000000000
0100000000000000
0100000000000000
0100000000000000
0100000000000000
0100000000000000
0100000000000000
0100000000000000
0100000000000000
0100000000000000
0100000000000000
0100000000000000
0100000000000000
0100000000000000
0100000000000000
0100000000000000
0100000000000000
0100000000000000
0100000000000000
0100000000000000
0100000000000000
0100000000000000
0100000000000000
0100000000000000
0100000000000000
0100000000000000
0100000000000000
0100000000000000
0100000000000000
0100000000000000
0100000000000000
0100000000000000
0100000000000000
0100000000000000
0100000000000000
0100000000000000
0100000000000000
0100000000000000
0100000000000000
0100000000000000
0100000000000000
0100000000000000
0100000000000000
0100000000000000
0100000000000000
0100000000000000
0100000000000000
0100000000000000
0100000000000000
0100000000000000
0100000000000000
0100000000000000
0100000000000000
0100000000000000
0100000000000000
0100000000000000
0100000000000000
0100000000000000
0100000000000000
0100000000000000
0100000000000000
0100000000000000
0100000000000000
0100000000000000
0100000000000000
0100000000000000
0100000000000000
0100000000000000
0100000000000000
0100000000000000
0100000000000000
0100000000000000
0100000000000000
0100000000000000
0100000000000000
0100000000000000
0100000000000000
0100000000000000
0100000000000000
0100000000000000
0100000000000000
0100000000000000
0100000000000000
0100000000000000
0100000000000000
0100000000000000
0100000000000000
0100000000000000
0100000000000000
0100000000000000
0100000000000000
0100000000000000
0100000000000000
0100000000000000
0100000000000000
00fa000000000001
00f4000000000003
00eb000000000004
00d9000300030009
00c100030003000f
009f000500050019
007a000600060022
0050000a000a002a
002e000b000b0034
0015000c000c003b
0007000c000c003e
0001000e000e003e
0000000d000d0040
0000000d000d003f
0000000d000d0040
0000000d000d003f
0000000c000c003f
0000000e000e003f
0007000c000c003c
0015000d000d003a
002e000b000b0034
005200090009002a
007a000700070021
00a5000400040016
00c200040004000f
00de000000000009
00ed000000000004
00fb000000000001
0100000000000000
0100000000000000
0100000000000000
0100000000000000
0100000000000000
0100000000000000
0100000000000000
0100000000000000
0100000000000000
0100000000000000
0100000000000000
0100000000000000
0100000000000000
0100000000000000
0100000000000000
0100000000000000
0100000000000000
0100000000000000
0100000000000000
0100000000000000
0100000000000000
0100000000000000
0100000000000000
0100000000000000
0100000000000000
0100000000000000
0100000000000000
0100000000000000
0100000000000000
0100000000000000
0100000000000000
0100000000000000
0100000000000000
0100000000000000
0100000000000000
0100000000000000
0100000000000000
0100000000000000
0100000000000000
0100000000000000
0100000000000000
0100000000000000
0100000000000000
0100000000000000
0100000000000000
0100000000000000
0100000000000000
0100000000000000
0100000000000000
0100000000000000
0100000000000000
0100000000000000
0100000000000000
0100000000000000
0100000000000000
0100000000000000
0100000000000000
0100000000000000
0100000000000000
0100000000000000
0100000000000000
0100000000000000
0100000000000000
0100000000000000
0100000000000000
0100000000000000
0100000000000000
0100000000000000
0100000000000000
0100000000000000
0100000000000000
0100000000000000
0100000000000000
0100000000000000
0100000000000000
0100000000000000
0100000000000000
0100000000000000
0100000000000000
0100000000000000
0100000000000000
0100000000000000
0100000000000000
0100000000000000
0100000000000000
0100000000000000
0100000000000000
0100000000000000
0100000000000000
0100000000000000
0100000000000000
0100000000000000
0100000000000000
0100000000000000
0100000000000000
0100000000000000
0100000000000000
0100000000000000
0100000000000000
0100000000000000
00fc000000000001
00f7000000000003
00ed000000000003
00de000200020009
00c900030003000d
00aa000400040015
008600060006001e
005e000800080027
0039000a000a0031
001e000b000b0038
000d000d000d003b
0003000c000c003e
0000000d000d003f
0000000d000d0040
0000000d000d003f
0000000d000d003f
0001000c000c003f
0005000d000d003f
000e000c000c003c
0020000b000b0037
003d000b000b002f
0062000900090026
008a00060006001e
00ae000400040014
00cb00030003000d
00e2000000000007
00f1000000000004
00fc000000000001
0100000000000000
0100000000000000
0100000000000000
0100000000000000
0100000000000000
0100000000000000
0100000000000000
0100000000000000
0100000000000000
0100000000000000
0100000000000000
0100000000000000
0100000000000000
0100000000000000
0100000000000000
0100000000000000
0100000000000000
0100000000000000
0100000000000000
0100000000000000
0100000000000000
0100000000000000
0100000000000000
0100000000000000
0100000000000000
0100000000000000
0100000000000000
0100000000000000
0100000000000000
0100000000000000
0100000000000000
0100000000000000
0100000000000000
0100000000000000
0100000000000000
0100000000000000
0100000000000000
0100000000000000
0100000000000000
0100000000000000
0100000000000000
0100000000000000
0100000000000000
0100000000000000
0100000000000000
0100000000000000
0100000000000000
0100000000000000
0100000000000000
0100000000000000
0100000000000000
0100000000000000
0100000000000000
0100000000000000
0100000000000000
0100000000000000
0100000000000000
0100000000000000
0100000000000000
0100000000000000
0100000000000000
0100000000000000
0100000000000000
0100000000000000
0100000000000000
0100000000000000
0100000000000000
0100000000000000
0100000000000000
0100000000000000
0100000000000000
0100000000000000
0100000000000000
0100000000000000
0100000000000000
0100000000000000
0100000000000000
0100000000000000
0100000000000000
0100000000000000
0100000000000000
0100000000000000
0100000000000000
0100000000000000
0100000000000000
0100000000000000
0100000000000000
0100000000000000
0100000000000000
0100000000000000
0100000000000000
0100000000000000
0100000000000000
0100000000000000
0100000000000000
0100000000000000
0100000000000000
0100000000000000
0100000000000000
0100000000000000
0100000000000000
00f8000000000002
00f2000000000003
00e3000200020006
00d100030003000c
00b4000300030013
009200060006001b
0070000700070024
004b00090009002d
002d000b000b0035
0016000c000c003a
0009000d000d003d
0004000d000d003d
0001000c000c003f
0000000c000c003f
0002000c000c003e
0005000c000c003d
000c000c000c003c
0019000c000c0039
0030000b000b0031
004e000a000a002c
0073000700070023
0099000600060019
00b9000400040012
00d300030003000a
00ea000000000005
00f2000000000003
00fe000000000001
0100000000000000
0100000000000000
0100000000000000
0100000000000000
0100000000000000
0100000000000000
0100000000000000
0100000000000000
0100000000000000
0100000000000000
0100000000000000
0100000000000000
0100000000000000
0100000000000000
0100000000000000
0100000000000000
0100000000000000
0100000000000000
0100000000000000
0100000000000000
0100000000000000
0100000000000000
0100000000000000
0100000000000000
0100000000000000
0100000000000000
0100000000000000
0100000000000000
0100000000000000
0100000000000000
0100000000000000
0100000000000000
0100000000000000
0100000000000000
0100000000000000
0100000000000000
0100000000000000
0100000000000000
0100000000000000
0100000000000000
0100000000000000
0100000000000000
0100000000000000
0100000000000000
0100000000000000
0100000000000000
0100000000000000
0100000000000000
0100000000000000
0100000000000000
0100000000000000
0100000000000000
0100000000000000
0100000000000000
0100000000000000
0100000000000000
0100000000000000
0100000000000000
0100000000000000
0100000000000000
0100000000000000
0100000000000000
0100000000000000
0100000000000000
0100000000000000
0100000000000000
0100000000000000
0100000000000000
0100000000000000
0100000000000000
0100000000000000
0100000000000000
0100000000000000
0100000000000000
0100000000000000
0100000000000000
0100000000000000
0100000000000000
0100000000000000
0100000000000000
0100000000000000
0100000000000000
0100000000000000
0100000000000000
0100000000000000
0100000000000000
0100000000000000
0100000000000000
0100000000000000
0100000000000000
0100000000000000
0100000000000000
0100000000000000
0100000000000000
0100000000000000
0100000000000000
0100000000000000
0100000000000000
0100000000000000
0100000000000000
0100000000000000
00fc000000000001
00f3000000000003
00e9000100010005
00d700020002000a
00c300030003000e
00a4000600060017
0081000700070020
005f000900090028
0041000a000a002f
0027000b000b0036
0016000d000d003a
000d000c000c003c
0007000c000c003d
0007000c000c003d
0009000d000d003c
000e000c000c003c
0019000b000b0039
002b000b000b0035
004400080008002e
0064000800080026
008800060006001c
00aa000400040014
00c600030003000e
00db000200020009
00ec000000000005
00f7000000000003
0100000000000000
0100000000000000
0100000000000000
0100000000000000
0100000000000000
0100000000000000
0100000000000000
0100000000000000
0100000000000000
0100000000000000
0100000000000000
0100000000000000
0100000000000000
0100000000000000
0100000000000000
0100000000000000
0100000000000000
0100000000000000
0100000000000000
0100000000000000
0100000000000000
0100000000000000
0100000000000000
0100000000000000
0100000000000000
0100000000000000
0100000000000000
0100000000000000
0100000000000000
0100000000000000
0100000000000000
0100000000000000
0100000000000000
0100000000000000
0100000000000000
0100000000000000
0100000000000000
0100000000000000
0100000000000000
0100000000000000
0100000000000000
0100000000000000
0100000000000000
0100000000000000
0100000000000000
0100000000000000
0100000000000000
0100000000000000
0100000000000000
0100000000000000
0100000000000000
0100000000000000
0100000000000000
0100000000000000
0100000000000000
0100000000000000
0100000000000000
0100000000000000
0100000000000000
0100000000000000
0100000000000000
0100000000000000
0100000000000000
0100000000000000
0100000000000000
0100000000000000
0100000000000000
0100000000000000
0100000000000000
0100000000000000
0100000000000000
0100000000000000
0100000000000000
0100000000000000
0100000000000000
0100000000000000
0100000000000000
0100000000000000
0100000000000000
0100000000000000
0100000000000000
0100000000000000
0100000000000000
0100000000000000
0100000000000000
0100000000000000
0100000000000000
0100000000000000
0100000000000000
0100000000000000
0100000000000000
0100000000000000
0100000000000000
0100000000000000
0100000000000000
0100000000000000
0100000000000000
0100000000000000
0100000000000000
0100000000000000
0100000000000000
0100000000000000
00fc000000000001
00f6000000000002
00ef000000000004
00e0000200020008
00d000020002000b
00b6000400040010
0097000600060019
0079000700070021
005800090009002a
003f000a000a0030
002c000b000b0035
001e000b000b0039
0017000c000c003a
0015000c000c003b
0018000b000b003a
0021000b000b0038
002e000a000a0033
004400090009002e
005c000800080028
007d000600060020
009c000500050018
00bc000300030010
00d200030003000b
00e5000200020006
00f0000000000003
00f8000000000002
0100000000000000
0100000000000000
0100000000000000
0100000000000000
0100000000000000
0100000000000000
0100000000000000
0100000000000000
0100000000000000
0100000000000000
0100000000000000
0100000000000000
0100000000000000
0100000000000000
0100000000000000
0100000000000000
0100000000000000
0100000000000000
0100000000000000
0100000000000000
0100000000000000
0100000000000000
0100000000000000
0100000000000000
0100000000000000
0100000000000000
0100000000000000
0100000000000000
0100000000000000
0100000000000000
0100000000000000
0100000000000000
0100000000000000
0100000000000000
0100000000000000
0100000000000000
0100000000000000
0100000000000000
0100000000000000
0100000000000000
0100000000000000
0100000000000000
0100000000000000
0100000000000000
0100000000000000
0100000000000000
0100000000000000
0100000000000000
0100000000000000
0100000000000000
0100000000000000
0100000000000000
0100000000000000
0100000000000000
0100000000000000
0100000000000000
0100000000000000
0100000000000000
0100000000000000
0100000000000000
0100000000000000
0100000000000000
0100000000000000
0100000000000000
0100000000000000
0100000000000000
0100000000000000
0100000000000000
0100000000000000
0100000000000000
0100000000000000
0100000000000000
0100000000000000
0100000000000000
0100000000000000
0100000000000000
0100000000000000
0100000000000000
0100000000000000
0100000000000000
0100000000000000
0100000000000000
0100000000000000
0100000000000000
0100000000000000
0100000000000000
0100000000000000
0100000000000000
0100000000000000
0100000000000000
0100000000000000
0100000000000000
0100000000000000
0100000000000000
0100000000000000
0100000000000000
0100000000000000
0100000000000000
0100000000000000
0100000000000000
0100000000000000
0100000000000000
00fc000000000001
00fa000000000002
00f4000000000002
00e9000200020005
00d900020002000a
00c800020002000d
00af000400040014
009200070007001a
0078000800080021
005f000900090028
0048000a000a002e
003a000a000a0032
0032000a000a0034
002f000a000a0034
0033000a000a0034
003c000a000a0032
004b00090009002d
0063000800080027
007c000600060020
009700050005001a
00b2000400040014
00c800030003000e
00dc000200020009
00eb000000000005
00f5000000000003
00fc000000000001
0100000000000000
0100000000000000
0100000000000000
0100000000000000
0100000000000000
0100000000000000
0100000000000000
0100000000000000
0100000000000000
0100000000000000
0100000000000000
0100000000000000
0100000000000000
0100000000000000
0100000000000000
0100000000000000
0100000000000000
0100000000000000
0100000000000000
0100000000000000
0100000000000000
0100000000000000
0100000000000000
0100000000000000
0100000000000000
0100000000000000
0100000000000000
0100000000000000
0100000000000000
0100000000000000
0100000000000000
0100000000000000
0100000000000000
0100000000000000
0100000000000000
0100000000000000
0100000000000000
0100000000000000
0100000000000000
0100000000000000
0100000000000000
0100000000000000
0100000000000000
0100000000000000
0100000000000000
0100000000000000
0100000000000000
0100000000000000
0100000000000000
0100000000000000
0100000000000000
0100000000000000
0100000000000000
0100000000000000
0100000000000000
0100000000000000
0100000000000000
0100000000000000
0100000000000000
0100000000000000
0100000000000000
0100000000000000
0100000000000000
0100000000000000
0100000000000000
0100000000000000
0100000000000000
0100000000000000
0100000000000000
0100000000000000
0100000000000000
0100000000000000
0100000000000000
0100000000000000
0100000000000000
0100000000000000
0100000000000000
0100000000000000
0100000000000000
0100000000000000
0100000000000000
0100000000000000
0100000000000000
0100000000000000
0100000000000000
0100000000000000
0100000000000000
0100000000000000
0100000000000000
0100000000000000
0100000000000000
0100000000000000
0100000000000000
0100000000000000
0100000000000000
0100000000000000
0100000000000000
0100000000000000
0100000000000000
0100000000000000
0100000000000000
0100000000000000
0100000000000000
00fc000000000001
00f8000000000002
00f0000000000004
00e3000200020007
00d400020002000b
00c400020002000f
00ae000400040014
009300060006001b
007e000700070020
006a000800080026
005e000800080028
005300090009002c
005200090009002b
005500090009002a
005d000800080029
006e000800080025
008200060006001f
009800050005001a
00ae000500050014
00c400030003000e
00d600020002000b
00e7000200020005
00f3000000000003
00f8000000000002
00fc000000000001
0100000000000000
0100000000000000
0100000000000000
0100000000000000
0100000000000000
0100000000000000
0100000000000000
0100000000000000
0100000000000000
0100000000000000
0100000000000000
0100000000000000
0100000000000000
0100000000000000
0100000000000000
0100000000000000
0100000000000000
0100000000000000
0100000000000000
0100000000000000
0100000000000000
0100000000000000
0100000000000000
0100000000000000
0100000000000000
0100000000000000
0100000000000000
0100000000000000
0100000000000000
0100000000000000
0100000000000000
0100000000000000
0100000000000000
0100000000000000
0100000000000000
0100000000000000
0100000000000000
0100000000000000
0100000000000000
0100000000000000
0100000000000000
0100000000000000
0100000000000000
0100000000000000
0100000000000000
0100000000000000
0100000000000000
0100000000000000
0100000000000000
0100000000000000
0100000000000000
0100000000000000
0100000000000000
0100000000000000
0100000000000000
0100000000000000
0100000000000000
0100000000000000
0100000000000000
0100000000000000
0100000000000000
0100000000000000
0100000000000000
0100000000000000
0100000000000000
0100000000000000
0100000000000000
0100000000000000
0100000000000000
0100000000000000
0100000000000000
0100000000000000
0100000000000000
0100000000000000
0100000000000000
0100000000000000
0100000000000000
0100000000000000
0100000000000000
0100000000000000
0100000000000000
0100000000000000
0100000000000000
0100000000000000
0100000000000000
0100000000000000
0100000000000000
0100000000000000
0100000000000000
0100000000000000
0100000000000000
0100000000000000
0100000000000000
0100000000000000
0100000000000000
0100000000000000
0100000000000000
0100000000000000
0100000000000000
0100000000000000
0100000000000000
0100000000000000
0100000000000000
00fc000000000001
00fa000000000002
00f6000000000002
00ec000100010004
00e0000200020008
00d300020002000b
00c300020002000f
00b3000400040013
009e000400040017
008e00060006001c
008200060006001f
007a000700070021
0077000800080021
007a000700070021
008200060006001f
008f00060006001c
00a0000500050019
00b2000500050013
00c400030003000e
00d600020002000a
00e5000200020007
00ef000000000005
00f4000000000002
00fa000000000002
0100000000000000
0100000000000000
0100000000000000
0100000000000000
0100000000000000
0100000000000000
0100000000000000
0100000000000000
0100000000000000
0100000000000000
0100000000000000
0100000000000000
0100000000000000
0100000000000000
0100000000000000
0100000000000000
0100000000000000
0100000000000000
0100000000000000
0100000000000000
0100000000000000
0100000000000000
0100000000000000
0100000000000000
0100000000000000
0100000000000000
0100000000000000
0100000000000000
0100000000000000
0100000000000000
0100000000000000
0100000000000000
0100000000000000
0100000000000000
0100000000000000
0100000000000000
0100000000000000
0100000000000000
0100000000000000
0100000000000000
0100000000000000
0100000000000000
0100000000000000
0100000000000000
0100000000000000
0100000000000000
0100000000000000
0100000000000000
0100000000000000
0100000000000000
0100000000000000
0100000000000000
0100000000000000
0100000000000000
0100000000000000
0100000000000000
0100000000000000
0100000000000000
0100000000000000
0100000000000000
0100000000000000
0100000000000000
0100000000000000
0100000000000000
0100000000000000
0100000000000000
0100000000000000
0100000000000000
0100000000000000
0100000000000000
0100000000000000
0100000000000000
0100000000000000
0100000000000000
0100000000000000
0100000000000000
0100000000000000
0100000000000000
0100000000000000
0100000000000000
0100000000000000
0100000000000000
0100000000000000
0100000000000000
0100000000000000
0100000000000000
0100000000000000
0100000000000000
0100000000000000
0100000000000000
0100000000000000
0100000000000000
0100000000000000
0100000000000000
0100000000000000
0100000000000000
0100000000000000
0100000000000000
0100000000000000
0100000000000000
0100000000000000
0100000000000000
0100000000000000
0100000000000000
0100000000000000
00fc000000000001
00f8000000000002
00f6000000000002
00ea000200020004
00df000200020008
00d400020002000b
00c800020002000e
00ba000400040011
00ae000400040015
00a3000400040017
009f000500050018
009c000600060019
009f000500050017
00a6000500050017
00b1000500050014
00bd000300030011
00cb00020002000d
00d9000200020009
00e3000200020007
00ed000100010005
00f4000000000002
00fa000000000002
00fc000000000001
0100000000000000
0100000000000000
0100000000000000
0100000000000000
0100000000000000
0100000000000000
0100000000000000
0100000000000000
0100000000000000
0100000000000000
0100000000000000
0100000000000000
0100000000000000
0100000000000000
0100000000000000
0100000000000000
0100000000000000
0100000000000000
0100000000000000
0100000000000000
0100000000000000
0100000000000000
0100000000000000
0100000000000000
0100000000000000
0100000000000000
0100000000000000
0100000000000000
0100000000000000
0100000000000000
0100000000000000
0100000000000000
0100000000000000
0100000000000000
0100000000000000
0100000000000000
0100000000000000
0100000000000000
0100000000000000
0100000000000000
0100000000000000
0100000000000000
0100000000000000
0100000000000000
0100000000000000
0100000000000000
0100000000000000
0100000000000000
0100000000000000
0100000000000000
0100000000000000
0100000000000000
0100000000000000
0100000000000000
0100000000000000
0100000000000000
0100000000000000
0100000000000000
0100000000000000
0100000000000000
0100000000000000
0100000000000000
0100000000000000
0100000000000000
0100000000000000
0100000000000000
0100000000000000
0100000000000000
0100000000000000
0100000000000000
0100000000000000
0100000000000000
0100000000000000
0100000000000000
0100000000000000
0100000000000000
0100000000000000
0100000000000000
0100000000000000
0100000000000000
0100000000000000
0100000000000000
0100000000000000
0100000000000000
0100000000000000
0100000000000000
0100000000000000
0100000000000000
0100000000000000
0100000000000000
0100000000000000
0100000000000000
0100000000000000
0100000000000000
0100000000000000
0100000000000000
0100000000000000
0100000000000000
0100000000000000
0100000000000000
0100000000000000
0100000000000000
0100000000000000
0100000000000000
0100000000000000
0100000000000000
00fa000000000002
00f8000000000002
00f4000000000003
00ee000200020004
00e4000200020006
00dc000200020009
00d100020002000c
00cb00020002000d
00c400030003000e
00bf000300030010
00be000400040010
00be000300030011
00c500030003000e
00cd00020002000c
00d400020002000b
00dd000200020009
00e4000200020007
00ed000100010005
00f4000000000002
00f8000000000002
00fc000000000001
0100000000000000
0100000000000000
0100000000000000
0100000000000000
0100000000000000
0100000000000000
0100000000000000
0100000000000000
0100000000000000
0100000000000000
0100000000000000
0100000000000000
0100000000000000
0100000000000000
0100000000000000
0100000000000000
0100000000000000
0100000000000000
0100000000000000
0100000000000000
0100000000000000
0100000000000000
0100000000000000
0100000000000000
0100000000000000
0100000000000000
0100000000000000
0100000000000000
0100000000000000
0100000000000000
0100000000000000
0100000000000000
0100000000000000
0100000000000000
0100000000000000
0100000000000000
0100000000000000
0100000000000000
0100000000000000
0100000000000000
0100000000000000
0100000000000000
0100000000000000
0100000000000000
0100000000000000
0100000000000000
0100000000000000
0100000000000000
0100000000000000
0100000000000000
0100000000000000
0100000000000000
0100000000000000
0100000000000000
0100000000000000
0100000000000000
0100000000000000
0100000000000000
0100000000000000
0100000000000000
0100000000000000
0100000000000000
0100000000000000
0100000000000000
0100000000000000
0100000000000000
0100000000000000
0100000000000000
0100000000000000
0100000000000000
0100000000000000
0100000000000000
0100000000000000
0100000000000000
0100000000000000
0100000000000000
0100000000000000
0100000000000000
0100000000000000
0100000000000000
0100000000000000
0100000000000000
0100000000000000
0100000000000000
0100000000000000
0100000000000000
0100000000000000
0100000000000000
0100000000000000
0100000000000000
0100000000000000
0100000000000000
0100000000000000
0100000000000000
0100000000000000
0100000000000000
0100000000000000
0100000000000000
0100000000000000
0100000000000000
0100000000000000
0100000000000000
0100000000000000
0100000000000000
0100000000000000
0100000000000000
0100000000000000
00fc000000000001
00fa000000000002
00f8000000000002
00f6000000000002
00f0000100010004
00e8000200020006
00e2000200020007
00de000200020009
00d900020002000a
00d500020002000b
00d400020002000b
00d400020002000b
00d900020002000a
00de000200020009
00e3000200020007
00e9000200020006
00f0000000000004
00f4000000000002
00f8000000000002
00fc000000000001
0100000000000000
0100000000000000
0100000000000000
0100000000000000
0100000000000000
0100000000000000
0100000000000000
0100000000000000
0100000000000000
0100000000000000
0100000000000000
0100000000000000
0100000000000000
0100000000000000
0100000000000000
0100000000000000
0100000000000000
0100000000000000
0100000000000000
0100000000000000
0100000000000000
0100000000000000
0100000000000000
0100000000000000
0100000000000000
0100000000000000
0100000000000000
0100000000000000
0100000000000000
0100000000000000
0100000000000000
0100000000000000
0100000000000000
0100000000000000
0100000000000000
0100000000000000
0100000000000000
0100000000000000
0100000000000000
0100000000000000
0100000000000000
0100000000000000
0100000000000000
0100000000000000
0100000000000000
0100000000000000
0100000000000000
0100000000000000
0100000000000000
0100000000000000
0100000000000000
0100000000000000
0100000000000000
0100000000000000
0100000000000000
0100000000000000
0100000000000000
0100000000000000
0100000000000000
0100000000000000
0100000000000000
0100000000000000
0100000000000000
0100000000000000
0100000000000000
0100000000000000
0100000000000000
0100000000000000
0100000000000000
0100000000000000
0100000000000000
0100000000000000
0100000000000000
0100000000000000
0100000000000000
0100000000000000
0100000000000000
0100000000000000
0100000000000000
0100000000000000
0100000000000000
0100000000000000
0100000000000000
0100000000000000
0100000000000000
0100000000000000
0100000000000000
0100000000000000
0100000000000000
0100000000000000
0100000000000000
0100000000000000
0100000000000000
0100000000000000
0100000000000000
0100000000000000
0100000000000000
0100000000000000
0100000000000000
0100000000000000
0100000000000000
0100000000000000
0100000000000000
0100000000000000
0100000000000000
0100000000000000
0100000000000000
0100000000000000
0100000000000000
00fc000000000001
00fa000000000002
00f8000000000002
00f6000000000002
00f4000000000003
00f0000100010004
00ec000200020005
00ea000200020006
00e8000200020006
00e6000200020006
00e8000200020006
00ea000200020006
00ec000200020005
00f0000100010004
00f4000000000003
00f6000000000002
00fa000000000002
00fc000000000001
0100000000000000
0100000000000000
0100000000000000
0100000000000000
0100000000000000
0100000000000000
0100000000000000
0100000000000000
0100000000000000
0100000000000000
0100000000000000
0100000000000000
0100000000000000
0100000000000000
0100000000000000
0100000000000000
0100000000000000
0100000000000000
0100000000000000
0100000000000000
0100000000000000
0100000000000000
0100000000000000
0100000000000000
0100000000000000
0100000000000000
0100000000000000
0100000000000000
0100000000000000
0100000000000000
0100000000000000
0100000000000000
0100000000000000
0100000000000000
0100000000000000
0100000000000000
0100000000000000
0100000000000000
0100000000000000
0100000000000000
0100000000000000
0100000000000000
0100000000000000
0100000000000000
0100000000000000
0100000000000000
0100000000000000
0100000000000000
0100000000000000
0100000000000000
0100000000000000
0100000000000000
0100000000000000
0100000000000000
0100000000000000
0100000000000000
0100000000000000
0100000000000000
0100000000000000
0100000000000000
0100000000000000
0100000000000000
0100000000000000
0100000000000000
0100000000000000
0100000000000000
0100000000000000
0100000000000000
0100000000000000
0100000000000000
0100000000000000
0100000000000000
0100000000000000
0100000000000000
0100000000000000
0100000000000000
0100000000000000
0100000000000000
0100000000000000
0100000000000000
0100000000000000
0100000000000000
0100000000000000
0100000000000000
0100000000000000
0100000000000000
0100000000000000
0100000000000000
0100000000000000
0100000000000000
0100000000000000
0100000000000000
0100000000000000
0100000000000000
0100000000000000
0100000000000000
0100000000000000
0100000000000000
0100000000000000
0100000000000000
0100000000000000
0100000000000000
0100000000000000
0100000000000000
0100000000000000
0100000000000000
0100000000000000
0100000000000000
0100000000000000
0100000000000000
0100000000000000
0100000000000000
00fc000000000001
00fa000000000002
00f8000000000002
00f6000000000002
00f6000000000002
00f4000000000003
00f2000000000004
00f2000000000004
00f2000000000004
00f4000000000003
00f6000000000002
00f6000000000002
00f8000000000002
00fa000000000002
00fc000000000001
0100000000000000
0100000000000000
0100000000000000
0100000000000000
0100000000000000
0100000000000000
0100000000000000
0100000000000000
0100000000000000
0100000000000000
0100000000000000
0100000000000000
0100000000000000
0100000000000000
0100000000000000
0100000000000000
0100000000000000
0100000000000000
0100000000000000
0100000000000000
0100000000000000
0100000000000000
0100000000000000
0100000000000000
0100000000000000
0100000000000000
0100000000000000
0100000000000000
0100000000000000
0100000000000000
0100000000000000
0100000000000000
0100000000000000
0100000000000000
0100000000000000
0100000000000000
0100000000000000
0100000000000000
0100000000000000
0100000000000000
0100000000000000
0100000000000000
0100000000000000
0100000000000000
0100000000000000
0100000000000000
0100000000000000
0100000000000000
0100000000000000
0100000000000000
0100000000000000
0100000000000000
0100000000000000
0100000000000000
0100000000000000
0100000000000000
0100000000000000
0100000000000000
0100000000000000
0100000000000000
0100000000000000
0100000000000000
0100000000000000
0100000000000000
0100000000000000
0100000000000000
0100000000000000
0100000000000000
0100000000000000
0100000000000000
0100000000000000
0100000000000000
0100000000000000
0100000000000000
0100000000000000
0100000000000000
0100000000000000
0100000000000000
0100000000000000
0100000000000000
0100000000000000
0100000000000000
0100000000000000
0100000000000000
0100000000000000
0100000000000000
0100000000000000
0100000000000000
0100000000000000
0100000000000000
0100000000000000
0100000000000000
0100000000000000
0100000000000000
0100000000000000
0100000000000000
0100000000000000
0100000000000000
0100000000000000
0100000000000000
0100000000000000
0100000000000000
0100000000000000
0100000000000000
0100000000000000
0100000000000000
0100000000000000
0100000000000000
0100000000000000
0100000000000000
0100000000000000
0100000000000000
0100000000000000
0100000000000000
00fc000000000001
00fc000000000001
00fa000000000002
00f8000000000002
00f8000000000002
00f8000000000002
00f8000000000002
00f8000000000002
00f8000000000002
00fa000000000002
00fa000000000002
00fc000000000001
00fc000000000001
0100000000000000
0100000000000000
0100000000000000
0100000000000000
0100000000000000
0100000000000000
0100000000000000
0100000000000000
0100000000000000
0100000000000000
0100000000000000
0100000000000000
0100000000000000
0100000000000000
0100000000000000
0100000000000000
0100000000000000
0100000000000000
0100000000000000
0100000000000000
0100000000000000
0100000000000000
0100000000000000
0100000000000000
0100000000000000
0100000000000000
0100000000000000
0100000000000000
0100000000000000
0100000000000000
0100000000000000
0100000000000000
0100000000000000
0100000000000000
0100000000000000
0100000000000000
0100000000000000
0100000000000000
0100000000000000
0100000000000000
0100000000000000
0100000000000000
0100000000000000
0100000000000000
0100000000000000
0100000000000000
0100000000000000
0100000000000000
0100000000000000
0100000000000000
0100000000000000
0100000000000000
0100000000000000
