0100000000000000
0100000000000000
0100000000000000
0100000000000000
0100000000000000
0100000000000000
0100000000000000
0100000000000000
0100000000000000
0100000000000000
0100000000000000
0100000000000000
0100000000000000
0100000000000000
0100000000000000
0100000000000000
0100000000000000
0100000000000000
0100000000000000
0100000000000000
0100000000000000
0100000000000000
0100000000000000
0100000000000000
0100000000000000
0100000000000000
0100000000000000
0100000000000000
0100000000000000
0100000000000000
0100000000000000
0100000000000000
0100000000000000
0100000000000000
0100000000000000
0100000000000000
0100000000000000
0100000000000000
0100000000000000
0100000000000000
0100000000000000
0100000000000000
0100000000000000
0100000000000000
0100000000000000
0100000000000000
0100000000000000
0100000000000000
0100000000000000
0100000000000000
0100000000000000
0100000000000000
0100000000000000
0100000000000000
0100000000000000
0100000000000000
0100000000000000
0100000000000000
0100000000000000
0100000000000000
0100000000000000
0100000000000000
0100000000000000
0100000000000000
0100000000000000
0100000000000000
0100000000000000
0100000000000000
0100000000000000
0100000000000000
0100000000000000
0100000000000000
0100000000000000
0100000000000000
0100000000000000
0100000000000000
0100000000000000
0100000000000000
0100000000000000
0100000000000000
0100000000000000
0100000000000000
0100000000000000
0100000000000000
0100000000000000
0100000000000000
0100000000000000
0100000000000000
0100000000000000
0100000000000000
0100000000000000
0100000000000000
0100000000000000
0100000000000000
0100000000000000
0100000000000000
0100000000000000
0100000000000000
0100000000000000
0100000000000000
0100000000000000
0100000000000000
0100000000000000
0100000000000000
0100000000000000
0100000000000000
0100000000000000
0100000000000000
0100000000000000
0100000000000000
0100000000000000
0100000000000000
0100000000000000
0100000000000000
0100000000000000
0100000000000000
0100000000000000
0100000000000000
0100000000000000
0100000000000000
0100000000000000
0100000000000000
0100000000000000
0100000000000000
0100000000000000
0100000000000000
0100000000000000
0100000000000000
0100000000000000
0100000000000000
0100000000000000
0100000000000000
0100000000000000
0100000000000000
0100000000000000
0100000000000000
0100000000000000
0100000000000000
0100000000000000
0100000000000000
0100000000000000
0100000000000000
0100000000000000
0100000000000000
0100000000000000
0100000000000000
0100000000000000
0100000000000000
0100000000000000
0100000000000000
0100000000000000
0100000000000000
0100000000000000
0100000000000000
0100000000000000
0100000000000000
0100000000000000
0100000000000000
0100000000000000
0100000000000000
0100000000000000
0100000000000000
0100000000000000
0100000000000000
0100000000000000
0100000000000000
0100000000000000
0100000000000000
0100000000000000
0100000000000000
0100000000000000
0100000000000000
0100000000000000
0100000000000000
0100000000000000
0100000000000000
0100000000000000
0100000000000000
0100000000000000
0100000000000000
0100000000000000
0100000000000000
0100000000000000
0100000000000000
0100000000000000
0100000000000000
0100000000000000
0100000000000000
0100000000000000
0100000000000000
0100000000000000
0100000000000000
0100000000000000
0100000000000000
0100000000000000
0100000000000000
0100000000000000
0100000000000000
0100000000000000
0100000000000000
0100000000000000
0100000000000000
0100000000000000
0100000000000000
0100000000000000
0100000000000000
0100000000000000
0100000000000000
0100000000000000
0100000000000000
0100000000000000
0100000000000000
0100000000000000
0100000000000000
0100000000000000
0100000000000000
0100000000000000
0100000000000000
0100000000000000
0100000000000000
0100000000000000
0100000000000000
0100000000000000
0100000000000000
0100000000000000
0100000000000000
0100000000000000
0100000000000000
0100000000000000
0100000000000000
0100000000000000
0100000000000000
0100000000000000
0100000000000000
0100000000000000
0100000000000000
0100000000000000
0100000000000000
0100000000000000
0100000000000000
0100000000000000
0100000000000000
0100000000000000
0100000000000000
0100000000000000
0100000000000000
0100000000000000
0100000000000000
0100000000000000
0100000000000000
0100000000000000
0100000000000000
0100000000000000
0100000000000000
0100000000000000
0100000000000000
0100000000000000
0100000000000000
0100000000000000
0100000000000000
0100000000000000
0100000000000000
0100000000000000
0100000000000000
0100000000000000
0100000000000000
0100000000000000
0100000000000000
0100000000000000
0100000000000000
0100000000000000
0100000000000000
0100000000000000
0100000000000000
0100000000000000
0100000000000000
0100000000000000
0100000000000000
0100000000000000
0100000000000000
0100000000000000
0100000000000000
0100000000000000
0100000000000000
0100000000000000
0100000000000000
0100000000000000
0100000000000000
0100000000000000
0100000000000000
0100000000000000
0100000000000000
0100000000000000
0100000000000000
0100000000000000
0100000000000000
0100000000000000
0100000000000000
0100000000000000
0100000000000000
0100000000000000
0100000000000000
0100000000000000
0100000000000000
0100000000000000
0100000000000000
0100000000000000
0100000000000000
0100000000000000
0100000000000000
0100000000000000
0100000000000000
0100000000000000
0100000000000000
0100000000000000
0100000000000000
0100000000000000
0100000000000000
0100000000000000
0100000000000000
0100000000000000
0100000000000000
0100000000000000
0100000000000000
0100000000000000
0100000000000000
0100000000000000
0100000000000000
0100000000000000
0100000000000000
0100000000000000
0100000000000000
0100000000000000
0100000000000000
0100000000000000
0100000000000000
0100000000000000
0100000000000000
0100000000000000
0100000000000000
0100000000000000
0100000000000000
0100000000000000
0100000000000000
0100000000000000
0100000000000000
0100000000000000
0100000000000000
0100000000000000
0100000000000000
0100000000000000
0100000000000000
0100000000000000
0100000000000000
0100000000000000
0100000000000000
0100000000000000
0100000000000000
0100000000000000
0100000000000000
0100000000000000
0100000000000000
0100000000000000
0100000000000000
0100000000000000
0100000000000000
0100000000000000
0100000000000000
0100000000000000
0100000000000000
0100000000000000
0100000000000000
0100000000000000
0100000000000000
0100000000000000
0100000000000000
0100000000000000
0100000000000000
0100000000000000
0100000000000000
0100000000000000
0100000000000000
0100000000000000
0100000000000000
0100000000000000
0100000000000000
0100000000000000
0100000000000000
0100000000000000
0100000000000000
0100000000000000
0100000000000000
0100000000000000
0100000000000000
0100000000000000
0100000000000000
0100000000000000
0100000000000000
0100000000000000
0100000000000000
0100000000000000
0100000000000000
0100000000000000
0100000000000000
0100000000000000
0100000000000000
0100000000000000
0100000000000000
0100000000000000
0100000000000000
0100000000000000
0100000000000000
0100000000000000
0100000000000000
0100000000000000
0100000000000000
0100000000000000
0100000000000000
0100000000000000
0100000000000000
0100000000000000
0100000000000000
0100000000000000
0100000000000000
0100000000000000
0100000000000000
0100000000000000
0100000000000000
0100000000000000
0100000000000000
0100000000000000
0100000000000000
0100000000000000
0100000000000000
0100000000000000
0100000000000000
0100000000000000
0100000000000000
0100000000000000
0100000000000000
0100000000000000
0100000000000000
0100000000000000
0100000000000000
0100000000000000
0100000000000000
0100000000000000
0100000000000000
0100000000000000
0100000000000000
0100000000000000
0100000000000000
0100000000000000
0100000000000000
0100000000000000
0100000000000000
0100000000000000
0100000000000000
0100000000000000
0100000000000000
0100000000000000
0100000000000000
0100000000000000
0100000000000000
0100000000000000
0100000000000000
0100000000000000
0100000000000000
0100000000000000
0100000000000000
0100000000000000
0100000000000000
0100000000000000
0100000000000000
0100000000000000
0100000000000000
0100000000000000
0100000000000000
0100000000000000
0100000000000000
0100000000000000
0100000000000000
0100000000000000
0100000000000000
0100000000000000
0100000000000000
0100000000000000
0100000000000000
0100000000000000
0100000000000000
0100000000000000
0100000000000000
0100000000000000
0100000000000000
0100000000000000
0100000000000000
0100000000000000
0100000000000000
0100000000000000
0100000000000000
0100000000000000
0100000000000000
0100000000000000
0100000000000000
0100000000000000
0100000000000000
0100000000000000
0100000000000000
0100000000000000
0100000000000000
0100000000000000
0100000000000000
0100000000000000
0100000000000000
0100000000000000
0100000000000000
0100000000000000
0100000000000000
0100000000000000
0100000000000000
0100000000000000
0100000000000000
0100000000000000
0100000000000000
0100000000000000
0100000000000000
0100000000000000
0100000000000000
0100000000000000
0100000000000000
0100000000000000
0100000000000000
0100000000000000
0100000000000000
0100000000000000
0100000000000000
0100000000000000
0100000000000000
0100000000000000
0100000000000000
0100000000000000
0100000000000000
0100000000000000
0100000000000000
0100000000000000
0100000000000000
0100000000000000
0100000000000000
0100000000000000
0100000000000000
0100000000000000
0100000000000000
0100000000000000
0100000000000000
0100000000000000
0100000000000000
0100000000000000
0100000000000000
0100000000000000
0100000000000000
0100000000000000
0100000000000000
0100000000000000
0100000000000000
0100000000000000
0100000000000000
0100000000000000
0100000000000000
0100000000000000
0100000000000000
0100000000000000
0100000000000000
0100000000000000
0100000000000000
0100000000000000
0100000000000000
0100000000000000
0100000000000000
0100000000000000
0100000000000000
0100000000000000
0100000000000000
0100000000000000
0100000000000000
0100000000000000
0100000000000000
0100000000000000
0100000000000000
0100000000000000
0100000000000000
0100000000000000
0100000000000000
0100000000000000
0100000000000000
0100000000000000
0100000000000000
0100000000000000
0100000000000000
0100000000000000
0100000000000000
0100000000000000
0100000000000000
0100000000000000
0100000000000000
0100000000000000
0100000000000000
0100000000000000
0100000000000000
0100000000000000
0100000000000000
0100000000000000
0100000000000000
0100000000000000
0100000000000000
0100000000000000
0100000000000000
0100000000000000
0100000000000000
0100000000000000
0100000000000000
0100000000000000
0100000000000000
0100000000000000
0100000000000000
0100000000000000
0100000000000000
0100000000000000
0100000000000000
0100000000000000
0100000000000000
0100000000000000
0100000000000000
0100000000000000
0100000000000000
0100000000000000
0100000000000000
0100000000000000
0100000000000000
0100000000000000
0100000000000000
0100000000000000
0100000000000000
0100000000000000
0100000000000000
0100000000000000
0100000000000000
0100000000000000
0100000000000000
0100000000000000
0100000000000000
0100000000000000
0100000000000000
0100000000000000
0100000000000000
0100000000000000
0100000000000000
0100000000000000
0100000000000000
0100000000000000
0100000000000000
0100000000000000
0100000000000000
0100000000000000
0100000000000000
0100000000000000
0100000000000000
0100000000000000
0100000000000000
0100000000000000
0100000000000000
0100000000000000
0100000000000000
0100000000000000
0100000000000000
0100000000000000
0100000000000000
0100000000000000
0100000000000000
0100000000000000
0100000000000000
0100000000000000
0100000000000000
0100000000000000
0100000000000000
0100000000000000
0100000000000000
0100000000000000
0100000000000000
0100000000000000
0100000000000000
0100000000000000
0100000000000000
0100000000000000
0100000000000000
0100000000000000
0100000000000000
0100000000000000
0100000000000000
0100000000000000
0100000000000000
0100000000000000
0100000000000000
0100000000000000
0100000000000000
0100000000000000
0100000000000000
0100000000000000
0100000000000000
0100000000000000
0100000000000000
0100000000000000
0100000000000000
0100000000000000
0100000000000000
0100000000000000
0100000000000000
0100000000000000
0100000000000000
0100000000000000
0100000000000000
0100000000000000
0100000000000000
0100000000000000
0100000000000000
0100000000000000
0100000000000000
0100000000000000
0100000000000000
0100000000000000
0100000000000000
0100000000000000
0100000000000000
0100000000000000
0100000000000000
0100000000000000
0100000000000000
0100000000000000
0100000000000000
0100000000000000
0100000000000000
0100000000000000
0100000000000000
0100000000000000
0100000000000000
0100000000000000
0100000000000000
0100000000000000
0100000000000000
0100000000000000
0100000000000000
0100000000000000
0100000000000000
0100000000000000
0100000000000000
0100000000000000
0100000000000000
0100000000000000
0100000000000000
0100000000000000
0100000000000000
0100000000000000
0100000000000000
0100000000000000
0100000000000000
0100000000000000
0100000000000000
0100000000000000
0100000000000000
0100000000000000
0100000000000000
0100000000000000
0100000000000000
0100000000000000
0100000000000000
0100000000000000
0100000000000000
0100000000000000
0100000000000000
0100000000000000
0100000000000000
0100000000000000
0100000000000000
0100000000000000
0100000000000000
0100000000000000
0100000000000000
0100000000000000
0100000000000000
0100000000000000
0100000000000000
0100000000000000
0100000000000000
0100000000000000
0100000000000000
0100000000000000
0100000000000000
0100000000000000
0100000000000000
0100000000000000
0100000000000000
0100000000000000
0100000000000000
0100000000000000
0100000000000000
0100000000000000
0100000000000000
0100000000000000
0100000000000000
0100000000000000
0100000000000000
0100000000000000
0100000000000000
0100000000000000
0100000000000000
0100000000000000
0100000000000000
0100000000000000
0100000000000000
0100000000000000
0100000000000000
0100000000000000
0100000000000000
0100000000000000
0100000000000000
0100000000000000
0100000000000000
0100000000000000
0100000000000000
0100000000000000
0100000000000000
0100000000000000
0100000000000000
0100000000000000
0100000000000000
0100000000000000
0100000000000000
0100000000000000
0100000000000000
0100000000000000
0100000000000000
0100000000000000
0100000000000000
0100000000000000
0100000000000000
0100000000000000
0100000000000000
0100000000000000
0100000000000000
0100000000000000
0100000000000000
0100000000000000
0100000000000000
0100000000000000
0100000000000000
0100000000000000
0100000000000000
0100000000000000
0100000000000000
0100000000000000
0100000000000000
0100000000000000
0100000000000000
0100000000000000
0100000000000000
0100000000000000
0100000000000000
0100000000000000
0100000000000000
0100000000000000
0100000000000000
0100000000000000
0100000000000000
0100000000000000
0100000000000000
0100000000000000
0100000000000000
0100000000000000
0100000000000000
0100000000000000
0100000000000000
0100000000000000
0100000000000000
0100000000000000
0100000000000000
0100000000000000
0100000000000000
0100000000000000
0100000000000000
0100000000000000
0100000000000000
0100000000000000
0100000000000000
0100000000000000
0100000000000000
0100000000000000
0100000000000000
0100000000000000
0100000000000000
0100000000000000
0100000000000000
0100000000000000
0100000000000000
0100000000000000
0100000000000000
0100000000000000
0100000000000000
0100000000000000
0100000000000000
0100000000000000
0100000000000000
0100000000000000
0100000000000000
0100000000000000
0100000000000000
0100000000000000
0100000000000000
0100000000000000
0100000000000000
0100000000000000
0100000000000000
0100000000000000
0100000000000000
0100000000000000
0100000000000000
0100000000000000
0100000000000000
0100000000000000
0100000000000000
0100000000000000
0100000000000000
0100000000000000
0100000000000000
0100000000000000
0100000000000000
0100000000000000
0100000000000000
0100000000000000
0100000000000000
0100000000000000
0100000000000000
0100000000000000
0100000000000000
0100000000000000
0100000000000000
0100000000000000
0100000000000000
0100000000000000
0100000000000000
0100000000000000
0100000000000000
0100000000000000
0100000000000000
0100000000000000
0100000000000000
0100000000000000
0100000000000000
0100000000000000
0100000000000000
0100000000000000
0100000000000000
0100000000000000
0100000000000000
0100000000000000
0100000000000000
0100000000000000
0100000000000000
0100000000000000
0100000000000000
0100000000000000
0100000000000000
0100000000000000
0100000000000000
0100000000000000
0100000000000000
0100000000000000
0100000000000000
0100000000000000
0100000000000000
0100000000000000
0100000000000000
0100000000000000
0100000000000000
0100000000000000
0100000000000000
0100000000000000
0100000000000000
0100000000000000
0100000000000000
0100000000000000
0100000000000000
0100000000000000
0100000000000000
0100000000000000
0100000000000000
0100000000000000
0100000000000000
0100000000000000
0100000000000000
0100000000000000
0100000000000000
0100000000000000
0100000000000000
0100000000000000
0100000000000000
0100000000000000
0100000000000000
0100000000000000
0100000000000000
0100000000000000
0100000000000000
0100000000000000
0100000000000000
0100000000000000
0100000000000000
0100000000000000
0100000000000000
0100000000000000
0100000000000000
0100000000000000
0100000000000000
0100000000000000
0100000000000000
0100000000000000
0100000000000000
0100000000000000
0100000000000000
0100000000000000
0100000000000000
0100000000000000
0100000000000000
0100000000000000
0100000000000000
0100000000000000
0100000000000000
0100000000000000
0100000000000000
0100000000000000
0100000000000000
0100000000000000
0100000000000000
0100000000000000
0100000000000000
0100000000000000
0100000000000000
0100000000000000
0100000000000000
0100000000000000
0100000000000000
0100000000000000
0100000000000000
0100000000000000
0100000000000000
0100000000000000
0100000000000000
0100000000000000
0100000000000000
0100000000000000
0100000000000000
0100000000000000
0100000000000000
0100000000000000
0100000000000000
0100000000000000
0100000000000000
0100000000000000
0100000000000000
0100000000000000
0100000000000000
0100000000000000
0100000000000000
0100000000000000
0100000000000000
0100000000000000
0100000000000000
0100000000000000
0100000000000000
0100000000000000
0100000000000000
0100000000000000
0100000000000000
0100000000000000
0100000000000000
0100000000000000
0100000000000000
0100000000000000
0100000000000000
0100000000000000
0100000000000000
0100000000000000
0100000000000000
0100000000000000
0100000000000000
0100000000000000
0100000000000000
0100000000000000
0100000000000000
0100000000000000
0100000000000000
0100000000000000
0100000000000000
0100000000000000
0100000000000000
0100000000000000
0100000000000000
0100000000000000
0100000000000000
0100000000000000
0100000000000000
0100000000000000
0100000000000000
0100000000000000
0100000000000000
0100000000000000
0100000000000000
0100000000000000
0100000000000000
0100000000000000
0100000000000000
0100000000000000
0100000000000000
0100000000000000
0100000000000000
0100000000000000
0100000000000000
0100000000000000
0100000000000000
0100000000000000
0100000000000000
0100000000000000
0100000000000000
0100000000000000
0100000000000000
0100000000000000
0100000000000000
0100000000000000
0100000000000000
0100000000000000
0100000000000000
0100000000000000
0100000000000000
0100000000000000
0100000000000000
0100000000000000
0100000000000000
0100000000000000
0100000000000000
0100000000000000
0100000000000000
0100000000000000
0100000000000000
0100000000000000
0100000000000000
0100000000000000
0100000000000000
0100000000000000
0100000000000000
0100000000000000
0100000000000000
0100000000000000
0100000000000000
0100000000000000
0100000000000000
0100000000000000
0100000000000000
0100000000000000
0100000000000000
0100000000000000
0100000000000000
0100000000000000
0100000000000000
0100000000000000
0100000000000000
0100000000000000
0100000000000000
0100000000000000
0100000000000000
0100000000000000
0100000000000000
0100000000000000
0100000000000000
0100000000000000
0100000000000000
0100000000000000
0100000000000000
0100000000000000
0100000000000000
0100000000000000
0100000000000000
0100000000000000
0100000000000000
0100000000000000
0100000000000000
0100000000000000
0100000000000000
0100000000000000
0100000000000000
0100000000000000
0100000000000000
0100000000000000
0100000000000000
0100000000000000
0100000000000000
0100000000000000
0100000000000000
0100000000000000
0100000000000000
0100000000000000
0100000000000000
0100000000000000
0100000000000000
0100000000000000
0100000000000000
0100000000000000
0100000000000000
0100000000000000
0100000000000000
0100000000000000
0100000000000000
0100000000000000
0100000000000000
0100000000000000
0100000000000000
0100000000000000
0100000000000000
0100000000000000
0100000000000000
0100000000000000
0100000000000000
0100000000000000
0100000000000000
0100000000000000
0100000000000000
0100000000000000
0100000000000000
0100000000000000
0100000000000000
0100000000000000
0100000000000000
0100000000000000
0100000000000000
0100000000000000
0100000000000000
0100000000000000
0100000000000000
0100000000000000
0100000000000000
0100000000000000
0100000000000000
0100000000000000
0100000000000000
0100000000000000
0100000000000000
0100000000000000
0100000000000000
0100000000000000
0100000000000000
0100000000000000
0100000000000000
0100000000000000
0100000000000000
0100000000000000
0100000000000000
0100000000000000
0100000000000000
0100000000000000
0100000000000000
0100000000000000
0100000000000000
0100000000000000
0100000000000000
0100000000000000
0100000000000000
0100000000000000
0100000000000000
0100000000000000
0100000000000000
0100000000000000
0100000000000000
0100000000000000
0100000000000000
0100000000000000
0100000000000000
0100000000000000
0100000000000000
0100000000000000
0100000000000000
0100000000000000
0100000000000000
0100000000000000
0100000000000000
0100000000000000
0100000000000000
0100000000000000
0100000000000000
0100000000000000
0100000000000000
0100000000000000
0100000000000000
0100000000000000
0100000000000000
0100000000000000
0100000000000000
0100000000000000
0100000000000000
0100000000000000
0100000000000000
0100000000000000
0100000000000000
0100000000000000
0100000000000000
0100000000000000
0100000000000000
0100000000000000
0100000000000000
0100000000000000
0100000000000000
0100000000000000
0100000000000000
0100000000000000
0100000000000000
0100000000000000
0100000000000000
0100000000000000
0100000000000000
0100000000000000
0100000000000000
0100000000000000
0100000000000000
0100000000000000
0100000000000000
0100000000000000
0100000000000000
0100000000000000
0100000000000000
0100000000000000
0100000000000000
0100000000000000
0100000000000000
0100000000000000
0100000000000000
0100000000000000
0100000000000000
0100000000000000
0100000000000000
0100000000000000
0100000000000000
0100000000000000
0100000000000000
0100000000000000
0100000000000000
0100000000000000
0100000000000000
0100000000000000
0100000000000000
0100000000000000
0100000000000000
0100000000000000
0100000000000000
0100000000000000
0100000000000000
0100000000000000
0100000000000000
0100000000000000
0100000000000000
0100000000000000
0100000000000000
0100000000000000
0100000000000000
0100000000000000
0100000000000000
0100000000000000
0100000000000000
0100000000000000
0100000000000000
0100000000000000
0100000000000000
0100000000000000
0100000000000000
0100000000000000
0100000000000000
0100000000000000
0100000000000000
0100000000000000
0100000000000000
0100000000000000
0100000000000000
0100000000000000
0100000000000000
0100000000000000
0100000000000000
0100000000000000
0100000000000000
0100000000000000
0100000000000000
0100000000000000
0100000000000000
0100000000000000
0100000000000000
0100000000000000
0100000000000000
0100000000000000
0100000000000000
0100000000000000
0100000000000000
0100000000000000
0100000000000000
0100000000000000
0100000000000000
0100000000000000
0100000000000000
0100000000000000
0100000000000000
0100000000000000
0100000000000000
0100000000000000
0100000000000000
0100000000000000
0100000000000000
0100000000000000
0100000000000000
0100000000000000
0100000000000000
0100000000000000
0100000000000000
0100000000000000
0100000000000000
0100000000000000
0100000000000000
0100000000000000
0100000000000000
0100000000000000
0100000000000000
0100000000000000
0100000000000000
0100000000000000
0100000000000000
0100000000000000
0100000000000000
0100000000000000
0100000000000000
0100000000000000
0100000000000000
0100000000000000
0100000000000000
0100000000000000
0100000000000000
0100000000000000
0100000000000000
0100000000000000
0100000000000000
0100000000000000
0100000000000000
0100000000000000
0100000000000000
0100000000000000
0100000000000000
0100000000000000
0100000000000000
0100000000000000
0100000000000000
0100000000000000
0100000000000000
0100000000000000
0100000000000000
0100000000000000
0100000000000000
0100000000000000
0100000000000000
0100000000000000
0100000000000000
0100000000000000
0100000000000000
0100000000000000
0100000000000000
0100000000000000
0100000000000000
0100000000000000
0100000000000000
0100000000000000
0100000000000000
0100000000000000
0100000000000000
0100000000000000
0100000000000000
0100000000000000
0100000000000000
0100000000000000
0100000000000000
0100000000000000
0100000000000000
0100000000000000
0100000000000000
0100000000000000
0100000000000000
0100000000000000
0100000000000000
0100000000000000
0100000000000000
0100000000000000
0100000000000000
0100000000000000
0100000000000000
0100000000000000
0100000000000000
0100000000000000
0100000000000000
0100000000000000
0100000000000000
0100000000000000
0100000000000000
0100000000000000
0100000000000000
0100000000000000
0100000000000000
0100000000000000
0100000000000000
0100000000000000
0100000000000000
0100000000000000
0100000000000000
0100000000000000
0100000000000000
0100000000000000
0100000000000000
0100000000000000
0100000000000000
0100000000000000
0100000000000000
0100000000000000
0100000000000000
0100000000000000
0100000000000000
0100000000000000
0100000000000000
0100000000000000
0100000000000000
0100000000000000
0100000000000000
0100000000000000
0100000000000000
0100000000000000
0100000000000000
0100000000000000
0100000000000000
0100000000000000
0100000000000000
0100000000000000
0100000000000000
0100000000000000
0100000000000000
0100000000000000
0100000000000000
0100000000000000
0100000000000000
0100000000000000
0100000000000000
0100000000000000
0100000000000000
0100000000000000
0100000000000000
0100000000000000
0100000000000000
0100000000000000
0100000000000000
0100000000000000
0100000000000000
0100000000000000
0100000000000000
0100000000000000
0100000000000000
0100000000000000
0100000000000000
0100000000000000
0100000000000000
0100000000000000
0100000000000000
0100000000000000
0100000000000000
0100000000000000
0100000000000000
0100000000000000
0100000000000000
0100000000000000
0100000000000000
0100000000000000
0100000000000000
0100000000000000
0100000000000000
0100000000000000
0100000000000000
0100000000000000
0100000000000000
0100000000000000
0100000000000000
0100000000000000
0100000000000000
0100000000000000
0100000000000000
0100000000000000
0100000000000000
0100000000000000
0100000000000000
0100000000000000
0100000000000000
0100000000000000
0100000000000000
0100000000000000
0100000000000000
0100000000000000
0100000000000000
0100000000000000
0100000000000000
0100000000000000
0100000000000000
0100000000000000
0100000000000000
0100000000000000
0100000000000000
0100000000000000
0100000000000000
0100000000000000
0100000000000000
0100000000000000
0100000000000000
0100000000000000
0100000000000000
0100000000000000
0100000000000000
0100000000000000
0100000000000000
0100000000000000
0100000000000000
0100000000000000
0100000000000000
0100000000000000
0100000000000000
0100000000000000
0100000000000000
0100000000000000
0100000000000000
0100000000000000
0100000000000000
0100000000000000
0100000000000000
0100000000000000
0100000000000000
0100000000000000
0100000000000000
0100000000000000
0100000000000000
0100000000000000
0100000000000000
0100000000000000
0100000000000000
0100000000000000
0100000000000000
0100000000000000
0100000000000000
0100000000000000
0100000000000000
0100000000000000
0100000000000000
0100000000000000
0100000000000000
0100000000000000
0100000000000000
0100000000000000
0100000000000000
0100000000000000
0100000000000000
0100000000000000
0100000000000000
0100000000000000
0100000000000000
0100000000000000
0100000000000000
0100000000000000
0100000000000000
0100000000000000
0100000000000000
0100000000000000
0100000000000000
0100000000000000
0100000000000000
0100000000000000
0100000000000000
0100000000000000
0100000000000000
0100000000000000
0100000000000000
0100000000000000
0100000000000000
0100000000000000
0100000000000000
0100000000000000
0100000000000000
0100000000000000
0100000000000000
0100000000000000
0100000000000000
0100000000000000
0100000000000000
0100000000000000
0100000000000000
0100000000000000
0100000000000000
0100000000000000
0100000000000000
0100000000000000
0100000000000000
0100000000000000
0100000000000000
0100000000000000
0100000000000000
0100000000000000
0100000000000000
0100000000000000
0100000000000000
0100000000000000
0100000000000000
0100000000000000
0100000000000000
0100000000000000
0100000000000000
0100000000000000
0100000000000000
0100000000000000
0100000000000000
0100000000000000
0100000000000000
0100000000000000
0100000000000000
0100000000000000
0100000000000000
0100000000000000
0100000000000000
0100000000000000
0100000000000000
0100000000000000
0100000000000000
0100000000000000
0100000000000000
0100000000000000
0100000000000000
0100000000000000
0100000000000000
0100000000000000
0100000000000000
0100000000000000
0100000000000000
0100000000000000
0100000000000000
0100000000000000
0100000000000000
0100000000000000
0100000000000000
0100000000000000
0100000000000000
0100000000000000
0100000000000000
0100000000000000
0100000000000000
0100000000000000
0100000000000000
0100000000000000
0100000000000000
0100000000000000
0100000000000000
0100000000000000
0100000000000000
0100000000000000
0100000000000000
0100000000000000
0100000000000000
0100000000000000
0100000000000000
0100000000000000
0100000000000000
0100000000000000
0100000000000000
0100000000000000
0100000000000000
0100000000000000
0100000000000000
0100000000000000
0100000000000000
0100000000000000
0100000000000000
0100000000000000
0100000000000000
0100000000000000
0100000000000000
0100000000000000
0100000000000000
0100000000000000
0100000000000000
0100000000000000
0100000000000000
0100000000000000
0100000000000000
0100000000000000
0100000000000000
0100000000000000
0100000000000000
0100000000000000
0100000000000000
0100000000000000
0100000000000000
0100000000000000
0100000000000000
0100000000000000
0100000000000000
0100000000000000
0100000000000000
0100000000000000
0100000000000000
0100000000000000
0100000000000000
0100000000000000
0100000000000000
0100000000000000
0100000000000000
0100000000000000
0100000000000000
0100000000000000
0100000000000000
0100000000000000
0100000000000000
0100000000000000
0100000000000000
0100000000000000
0100000000000000
0100000000000000
0100000000000000
0100000000000000
0100000000000000
0100000000000000
0100000000000000
0100000000000000
0100000000000000
0100000000000000
0100000000000000
0100000000000000
0100000000000000
0100000000000000
0100000000000000
0100000000000000
0100000000000000
0100000000000000
0100000000000000
0100000000000000
0100000000000000
0100000000000000
0100000000000000
0100000000000000
0100000000000000
0100000000000000
0100000000000000
0100000000000000
0100000000000000
0100000000000000
0100000000000000
0100000000000000
0100000000000000
0100000000000000
0100000000000000
0100000000000000
0100000000000000
0100000000000000
0100000000000000
0100000000000000
0100000000000000
0100000000000000
0100000000000000
0100000000000000
0100000000000000
0100000000000000
0100000000000000
0100000000000000
0100000000000000
0100000000000000
0100000000000000
0100000000000000
0100000000000000
0100000000000000
0100000000000000
0100000000000000
0100000000000000
0100000000000000
0100000000000000
0100000000000000
0100000000000000
0100000000000000
0100000000000000
0100000000000000
0100000000000000
0100000000000000
0100000000000000
0100000000000000
0100000000000000
0100000000000000
0100000000000000
0100000000000000
0100000000000000
0100000000000000
0100000000000000
0100000000000000
0100000000000000
0100000000000000
0100000000000000
0100000000000000
0100000000000000
0100000000000000
0100000000000000
0100000000000000
0100000000000000
0100000000000000
0100000000000000
0100000000000000
0100000000000000
0100000000000000
0100000000000000
0100000000000000
0100000000000000
0100000000000000
0100000000000000
0100000000000000
0100000000000000
0100000000000000
0100000000000000
0100000000000000
0100000000000000
0100000000000000
0100000000000000
0100000000000000
0100000000000000
0100000000000000
0100000000000000
0100000000000000
0100000000000000
0100000000000000
0100000000000000
0100000000000000
0100000000000000
0100000000000000
0100000000000000
0100000000000000
0100000000000000
0100000000000000
0100000000000000
0100000000000000
0100000000000000
0100000000000000
0100000000000000
0100000000000000
0100000000000000
0100000000000000
0100000000000000
0100000000000000
0100000000000000
0100000000000000
0100000000000000
0100000000000000
0100000000000000
0100000000000000
0100000000000000
0100000000000000
0100000000000000
0100000000000000
0100000000000000
0100000000000000
0100000000000000
0100000000000000
0100000000000000
0100000000000000
0100000000000000
0100000000000000
0100000000000000
0100000000000000
0100000000000000
0100000000000000
0100000000000000
0100000000000000
0100000000000000
0100000000000000
0100000000000000
0100000000000000
0100000000000000
0100000000000000
0100000000000000
0100000000000000
0100000000000000
0100000000000000
0100000000000000
0100000000000000
0100000000000000
0100000000000000
0100000000000000
0100000000000000
0100000000000000
0100000000000000
0100000000000000
0100000000000000
0100000000000000
0100000000000000
0100000000000000
0100000000000000
0100000000000000
0100000000000000
0100000000000000
0100000000000000
0100000000000000
0100000000000000
0100000000000000
0100000000000000
0100000000000000
0100000000000000
0100000000000000
0100000000000000
0100000000000000
0100000000000000
0100000000000000
0100000000000000
0100000000000000
0100000000000000
0100000000000000
0100000000000000
0100000000000000
0100000000000000
0100000000000000
0100000000000000
0100000000000000
0100000000000000
0100000000000000
0100000000000000
0100000000000000
0100000000000000
0100000000000000
0100000000000000
0100000000000000
0100000000000000
0100000000000000
0100000000000000
0100000000000000
0100000000000000
0100000000000000
0100000000000000
0100000000000000
0100000000000000
0100000000000000
0100000000000000
0100000000000000
0100000000000000
0100000000000000
0100000000000000
0100000000000000
0100000000000000
0100000000000000
0100000000000000
0100000000000000
0100000000000000
0100000000000000
0100000000000000
0100000000000000
0100000000000000
0100000000000000
0100000000000000
0100000000000000
0100000000000000
0100000000000000
0100000000000000
0100000000000000
0100000000000000
0100000000000000
0100000000000000
0100000000000000
0100000000000000
0100000000000000
0100000000000000
0100000000000000
0100000000000000
0100000000000000
0100000000000000
0100000000000000
0100000000000000
0100000000000000
0100000000000000
0100000000000000
0100000000000000
0100000000000000
0100000000000000
0100000000000000
0100000000000000
0100000000000000
0100000000000000
0100000000000000
0100000000000000
0100000000000000
0100000000000000
0100000000000000
0100000000000000
0100000000000000
0100000000000000
0100000000000000
0100000000000000
0100000000000000
0100000000000000
0100000000000000
0100000000000000
0100000000000000
0100000000000000
0100000000000000
0100000000000000
0100000000000000
0100000000000000
0100000000000000
0100000000000000
0100000000000000
0100000000000000
0100000000000000
0100000000000000
0100000000000000
0100000000000000
0100000000000000
0100000000000000
0100000000000000
0100000000000000
0100000000000000
0100000000000000
0100000000000000
0100000000000000
0100000000000000
0100000000000000
0100000000000000
0100000000000000
0100000000000000
0100000000000000
0100000000000000
0100000000000000
0100000000000000
0100000000000000
0100000000000000
0100000000000000
0100000000000000
0100000000000000
0100000000000000
0100000000000000
0100000000000000
0100000000000000
0100000000000000
0100000000000000
0100000000000000
0100000000000000
0100000000000000
0100000000000000
0100000000000000
0100000000000000
0100000000000000
0100000000000000
0100000000000000
0100000000000000
0100000000000000
0100000000000000
0100000000000000
0100000000000000
0100000000000000
0100000000000000
0100000000000000
0100000000000000
0100000000000000
0100000000000000
0100000000000000
0100000000000000
0100000000000000
0100000000000000
0100000000000000
0100000000000000
0100000000000000
0100000000000000
0100000000000000
0100000000000000
0100000000000000
0100000000000000
0100000000000000
0100000000000000
0100000000000000
0100000000000000
0100000000000000
0100000000000000
0100000000000000
0100000000000000
0100000000000000
0100000000000000
0100000000000000
0100000000000000
0100000000000000
0100000000000000
0100000000000000
0100000000000000
0100000000000000
0100000000000000
0100000000000000
0100000000000000
0100000000000000
0100000000000000
0100000000000000
0100000000000000
0100000000000000
0100000000000000
0100000000000000
0100000000000000
0100000000000000
0100000000000000
0100000000000000
0100000000000000
0100000000000000
0100000000000000
0100000000000000
0100000000000000
0100000000000000
0100000000000000
0100000000000000
0100000000000000
0100000000000000
0100000000000000
0100000000000000
0100000000000000
0100000000000000
0100000000000000
0100000000000000
0100000000000000
0100000000000000
0100000000000000
0100000000000000
0100000000000000
0100000000000000
0100000000000000
0100000000000000
0100000000000000
0100000000000000
0100000000000000
0100000000000000
0100000000000000
0100000000000000
0100000000000000
0100000000000000
0100000000000000
0100000000000000
0100000000000000
0100000000000000
0100000000000000
0100000000000000
0100000000000000
0100000000000000
0100000000000000
0100000000000000
0100000000000000
0100000000000000
0100000000000000
0100000000000000
0100000000000000
0100000000000000
0100000000000000
0100000000000000
0100000000000000
0100000000000000
0100000000000000
0100000000000000
0100000000000000
0100000000000000
0100000000000000
0100000000000000
0100000000000000
0100000000000000
0100000000000000
0100000000000000
0100000000000000
0100000000000000
0100000000000000
0100000000000000
0100000000000000
0100000000000000
0100000000000000
0100000000000000
0100000000000000
0100000000000000
0100000000000000
0100000000000000
0100000000000000
0100000000000000
0100000000000000
0100000000000000
0100000000000000
0100000000000000
0100000000000000
0100000000000000
0100000000000000
0100000000000000
0100000000000000
0100000000000000
0100000000000000
0100000000000000
0100000000000000
0100000000000000
0100000000000000
0100000000000000
0100000000000000
0100000000000000
0100000000000000
0100000000000000
0100000000000000
0100000000000000
0100000000000000
0100000000000000
0100000000000000
0100000000000000
0100000000000000
0100000000000000
0100000000000000
0100000000000000
0100000000000000
0100000000000000
0100000000000000
0100000000000000
0100000000000000
0100000000000000
0100000000000000
0100000000000000
0100000000000000
0100000000000000
0100000000000000
0100000000000000
0100000000000000
0100000000000000
0100000000000000
0100000000000000
0100000000000000
0100000000000000
0100000000000000
0100000000000000
0100000000000000
0100000000000000
0100000000000000
0100000000000000
0100000000000000
0100000000000000
0100000000000000
0100000000000000
0100000000000000
0100000000000000
0100000000000000
0100000000000000
0100000000000000
0100000000000000
0100000000000000
0100000000000000
0100000000000000
0100000000000000
0100000000000000
0100000000000000
0100000000000000
0100000000000000
0100000000000000
0100000000000000
0100000000000000
0100000000000000
0100000000000000
0100000000000000
0100000000000000
0100000000000000
0100000000000000
0100000000000000
0100000000000000
0100000000000000
0100000000000000
0100000000000000
0100000000000000
0100000000000000
0100000000000000
0100000000000000
0100000000000000
0100000000000000
0100000000000000
0100000000000000
0100000000000000
0100000000000000
0100000000000000
0100000000000000
0100000000000000
0100000000000000
0100000000000000
0100000000000000
0100000000000000
0100000000000000
0100000000000000
0100000000000000
0100000000000000
0100000000000000
0100000000000000
0100000000000000
0100000000000000
0100000000000000
0100000000000000
0100000000000000
0100000000000000
0100000000000000
0100000000000000
0100000000000000
0100000000000000
0100000000000000
0100000000000000
0100000000000000
0100000000000000
0100000000000000
0100000000000000
0100000000000000
0100000000000000
0100000000000000
0100000000000000
0100000000000000
0100000000000000
0100000000000000
0100000000000000
0100000000000000
0100000000000000
0100000000000000
0100000000000000
0100000000000000
0100000000000000
0100000000000000
0100000000000000
0100000000000000
0100000000000000
0100000000000000
0100000000000000
0100000000000000
0100000000000000
0100000000000000
0100000000000000
0100000000000000
0100000000000000
0100000000000000
0100000000000000
0100000000000000
0100000000000000
0100000000000000
0100000000000000
0100000000000000
0100000000000000
0100000000000000
0100000000000000
0100000000000000
0100000000000000
0100000000000000
0100000000000000
0100000000000000
0100000000000000
0100000000000000
0100000000000000
0100000000000000
0100000000000000
0100000000000000
0100000000000000
0100000000000000
0100000000000000
0100000000000000
0100000000000000
0100000000000000
0100000000000000
0100000000000000
0100000000000000
0100000000000000
0100000000000000
0100000000000000
0100000000000000
0100000000000000
0100000000000000
0100000000000000
0100000000000000
0100000000000000
0100000000000000
0100000000000000
0100000000000000
0100000000000000
0100000000000000
0100000000000000
0100000000000000
0100000000000000
0100000000000000
0100000000000000
0100000000000000
0100000000000000
0100000000000000
0100000000000000
0100000000000000
0100000000000000
0100000000000000
0100000000000000
0100000000000000
0100000000000000
0100000000000000
0100000000000000
0100000000000000
0100000000000000
0100000000000000
0100000000000000
0100000000000000
0100000000000000
0100000000000000
0100000000000000
0100000000000000
0100000000000000
0100000000000000
0100000000000000
0100000000000000
0100000000000000
0100000000000000
0100000000000000
0100000000000000
0100000000000000
0100000000000000
0100000000000000
0100000000000000
0100000000000000
0100000000000000
0100000000000000
0100000000000000
0100000000000000
0100000000000000
0100000000000000
0100000000000000
0100000000000000
0100000000000000
0100000000000000
0100000000000000
0100000000000000
0100000000000000
0100000000000000
0100000000000000
0100000000000000
0100000000000000
0100000000000000
0100000000000000
0100000000000000
0100000000000000
0100000000000000
0100000000000000
0100000000000000
0100000000000000
0100000000000000
0100000000000000
0100000000000000
0100000000000000
0100000000000000
0100000000000000
0100000000000000
0100000000000000
0100000000000000
0100000000000000
0100000000000000
0100000000000000
0100000000000000
0100000000000000
0100000000000000
0100000000000000
0100000000000000
0100000000000000
0100000000000000
0100000000000000
0100000000000000
0100000000000000
0100000000000000
0100000000000000
0100000000000000
0100000000000000
0100000000000000
0100000000000000
0100000000000000
0100000000000000
0100000000000000
0100000000000000
0100000000000000
0100000000000000
0100000000000000
0100000000000000
0100000000000000
0100000000000000
0100000000000000
0100000000000000
0100000000000000
0100000000000000
0100000000000000
0100000000000000
0100000000000000
0100000000000000
0100000000000000
0100000000000000
0100000000000000
0100000000000000
0100000000000000
0100000000000000
0100000000000000
0100000000000000
0100000000000000
0100000000000000
0100000000000000
0100000000000000
0100000000000000
0100000000000000
0100000000000000
0100000000000000
0100000000000000
0100000000000000
0100000000000000
0100000000000000
0100000000000000
0100000000000000
0100000000000000
0100000000000000
0100000000000000
0100000000000000
0100000000000000
0100000000000000
0100000000000000
0100000000000000
0100000000000000
0100000000000000
0100000000000000
0100000000000000
0100000000000000
0100000000000000
0100000000000000
0100000000000000
0100000000000000
0100000000000000
0100000000000000
0100000000000000
0100000000000000
0100000000000000
0100000000000000
0100000000000000
0100000000000000
0100000000000000
0100000000000000
0100000000000000
0100000000000000
0100000000000000
0100000000000000
0100000000000000
0100000000000000
0100000000000000
0100000000000000
0100000000000000
0100000000000000
0100000000000000
0100000000000000
0100000000000000
0100000000000000
0100000000000000
0100000000000000
0100000000000000
0100000000000000
0100000000000000
0100000000000000
0100000000000000
0100000000000000
0100000000000000
0100000000000000
0100000000000000
0100000000000000
0100000000000000
0100000000000000
0100000000000000
0100000000000000
0100000000000000
0100000000000000
0100000000000000
0100000000000000
0100000000000000
0100000000000000
0100000000000000
0100000000000000
0100000000000000
0100000000000000
0100000000000000
0100000000000000
0100000000000000
0100000000000000
0100000000000000
0100000000000000
0100000000000000
0100000000000000
0100000000000000
0100000000000000
0100000000000000
0100000000000000
0100000000000000
0100000000000000
0100000000000000
0100000000000000
0100000000000000
0100000000000000
0100000000000000
0100000000000000
0100000000000000
0100000000000000
0100000000000000
0100000000000000
0100000000000000
0100000000000000
0100000000000000
0100000000000000
0100000000000000
0100000000000000
0100000000000000
0100000000000000
0100000000000000
0100000000000000
0100000000000000
0100000000000000
0100000000000000
0100000000000000
0100000000000000
0100000000000000
0100000000000000
0100000000000000
0100000000000000
0100000000000000
0100000000000000
0100000000000000
0100000000000000
0100000000000000
0100000000000000
0100000000000000
0100000000000000
0100000000000000
0100000000000000
0100000000000000
0100000000000000
0100000000000000
0100000000000000
0100000000000000
0100000000000000
0100000000000000
0100000000000000
0100000000000000
0100000000000000
0100000000000000
0100000000000000
0100000000000000
0100000000000000
0100000000000000
0100000000000000
0100000000000000
0100000000000000
0100000000000000
0100000000000000
0100000000000000
0100000000000000
0100000000000000
0100000000000000
0100000000000000
0100000000000000
0100000000000000
0100000000000000
0100000000000000
0100000000000000
0100000000000000
0100000000000000
0100000000000000
0100000000000000
0100000000000000
0100000000000000
0100000000000000
0100000000000000
0100000000000000
0100000000000000
0100000000000000
0100000000000000
0100000000000000
0100000000000000
0100000000000000
0100000000000000
0100000000000000
0100000000000000
0100000000000000
0100000000000000
0100000000000000
0100000000000000
0100000000000000
0100000000000000
0100000000000000
0100000000000000
0100000000000000
0100000000000000
0100000000000000
0100000000000000
0100000000000000
0100000000000000
0100000000000000
0100000000000000
0100000000000000
0100000000000000
0100000000000000
0100000000000000
0100000000000000
0100000000000000
0100000000000000
0100000000000000
0100000000000000
0100000000000000
0100000000000000
0100000000000000
0100000000000000
0100000000000000
0100000000000000
0100000000000000
0100000000000000
0100000000000000
0100000000000000
0100000000000000
0100000000000000
0100000000000000
0100000000000000
0100000000000000
0100000000000000
0100000000000000
0100000000000000
0100000000000000
0100000000000000
0100000000000000
0100000000000000
0100000000000000
0100000000000000
0100000000000000
0100000000000000
0100000000000000
0100000000000000
0100000000000000
0100000000000000
0100000000000000
0100000000000000
0100000000000000
0100000000000000
0100000000000000
0100000000000000
0100000000000000
0100000000000000
0100000000000000
0100000000000000
0100000000000000
0100000000000000
0100000000000000
0100000000000000
0100000000000000
0100000000000000
0100000000000000
0100000000000000
0100000000000000
0100000000000000
0100000000000000
0100000000000000
0100000000000000
0100000000000000
0100000000000000
0100000000000000
0100000000000000
0100000000000000
0100000000000000
0100000000000000
0100000000000000
0100000000000000
0100000000000000
0100000000000000
0100000000000000
0100000000000000
0100000000000000
0100000000000000
0100000000000000
0100000000000000
0100000000000000
0100000000000000
0100000000000000
0100000000000000
0100000000000000
0100000000000000
0100000000000000
0100000000000000
0100000000000000
0100000000000000
0100000000000000
0100000000000000
0100000000000000
0100000000000000
0100000000000000
0100000000000000
0100000000000000
0100000000000000
0100000000000000
0100000000000000
0100000000000000
0100000000000000
0100000000000000
0100000000000000
0100000000000000
0100000000000000
0100000000000000
0100000000000000
0100000000000000
0100000000000000
0100000000000000
0100000000000000
0100000000000000
0100000000000000
0100000000000000
0100000000000000
0100000000000000
0100000000000000
0100000000000000
0100000000000000
0100000000000000
0100000000000000
0100000000000000
0100000000000000
0100000000000000
0100000000000000
0100000000000000
0100000000000000
0100000000000000
0100000000000000
0100000000000000
0100000000000000
0100000000000000
0100000000000000
0100000000000000
0100000000000000
0100000000000000
0100000000000000
0100000000000000
0100000000000000
0100000000000000
0100000000000000
0100000000000000
0100000000000000
0100000000000000
0100000000000000
0100000000000000
0100000000000000
0100000000000000
0100000000000000
0100000000000000
0100000000000000
0100000000000000
0100000000000000
0100000000000000
0100000000000000
0100000000000000
0100000000000000
0100000000000000
0100000000000000
0100000000000000
0100000000000000
0100000000000000
0100000000000000
0100000000000000
0100000000000000
0100000000000000
0100000000000000
0100000000000000
0100000000000000
0100000000000000
0100000000000000
0100000000000000
0100000000000000
0100000000000000
0100000000000000
0100000000000000
0100000000000000
0100000000000000
0100000000000000
0100000000000000
0100000000000000
0100000000000000
0100000000000000
0100000000000000
0100000000000000
0100000000000000
0100000000000000
0100000000000000
0100000000000000
0100000000000000
0100000000000000
0100000000000000
0100000000000000
0100000000000000
0100000000000000
0100000000000000
0100000000000000
0100000000000000
0100000000000000
0100000000000000
0100000000000000
0100000000000000
0100000000000000
0100000000000000
0100000000000000
0100000000000000
0100000000000000
0100000000000000
0100000000000000
0100000000000000
0100000000000000
0100000000000000
0100000000000000
0100000000000000
0100000000000000
0100000000000000
0100000000000000
0100000000000000
0100000000000000
0100000000000000
0100000000000000
0100000000000000
0100000000000000
0100000000000000
0100000000000000
0100000000000000
0100000000000000
0100000000000000
0100000000000000
0100000000000000
0100000000000000
0100000000000000
0100000000000000
0100000000000000
0100000000000000
0100000000000000
0100000000000000
0100000000000000
0100000000000000
0100000000000000
0100000000000000
0100000000000000
0100000000000000
0100000000000000
0100000000000000
0100000000000000
0100000000000000
0100000000000000
0100000000000000
0100000000000000
0100000000000000
0100000000000000
0100000000000000
0100000000000000
0100000000000000
0100000000000000
0100000000000000
0100000000000000
0100000000000000
0100000000000000
0100000000000000
0100000000000000
0100000000000000
0100000000000000
0100000000000000
0100000000000000
0100000000000000
0100000000000000
0100000000000000
0100000000000000
0100000000000000
0100000000000000
0100000000000000
0100000000000000
0100000000000000
0100000000000000
0100000000000000
0100000000000000
0100000000000000
0100000000000000
0100000000000000
0100000000000000
0100000000000000
0100000000000000
0100000000000000
0100000000000000
0100000000000000
0100000000000000
0100000000000000
0100000000000000
0100000000000000
0100000000000000
0100000000000000
0100000000000000
0100000000000000
0100000000000000
0100000000000000
0100000000000000
0100000000000000
0100000000000000
0100000000000000
0100000000000000
0100000000000000
0100000000000000
0100000000000000
0100000000000000
0100000000000000
0100000000000000
0100000000000000
0100000000000000
0100000000000000
0100000000000000
0100000000000000
0100000000000000
0100000000000000
0100000000000000
0100000000000000
0100000000000000
0100000000000000
0100000000000000
0100000000000000
0100000000000000
0100000000000000
0100000000000000
0100000000000000
0100000000000000
0100000000000000
0100000000000000
0100000000000000
0100000000000000
0100000000000000
0100000000000000
0100000000000000
0100000000000000
0100000000000000
0100000000000000
0100000000000000
0100000000000000
0100000000000000
0100000000000000
0100000000000000
0100000000000000
0100000000000000
0100000000000000
0100000000000000
0100000000000000
0100000000000000
0100000000000000
0100000000000000
0100000000000000
0100000000000000
0100000000000000
0100000000000000
0100000000000000
0100000000000000
0100000000000000
0100000000000000
0100000000000000
0100000000000000
0100000000000000
0100000000000000
0100000000000000
0100000000000000
0100000000000000
0100000000000000
0100000000000000
0100000000000000
0100000000000000
0100000000000000
0100000000000000
0100000000000000
0100000000000000
0100000000000000
0100000000000000
0100000000000000
0100000000000000
0100000000000000
0100000000000000
0100000000000000
0100000000000000
0100000000000000
0100000000000000
0100000000000000
0100000000000000
0100000000000000
0100000000000000
0100000000000000
0100000000000000
0100000000000000
0100000000000000
0100000000000000
0100000000000000
0100000000000000
0100000000000000
0100000000000000
0100000000000000
0100000000000000
0100000000000000
0100000000000000
0100000000000000
0100000000000000
0100000000000000
0100000000000000
0100000000000000
0100000000000000
0100000000000000
0100000000000000
0100000000000000
0100000000000000
0100000000000000
0100000000000000
0100000000000000
0100000000000000
0100000000000000
0100000000000000
0100000000000000
0100000000000000
0100000000000000
0100000000000000
0100000000000000
0100000000000000
0100000000000000
0100000000000000
0100000000000000
0100000000000000
0100000000000000
0100000000000000
0100000000000000
0100000000000000
0100000000000000
0100000000000000
0100000000000000
0100000000000000
0100000000000000
0100000000000000
0100000000000000
0100000000000000
0100000000000000
0100000000000000
0100000000000000
0100000000000000
0100000000000000
0100000000000000
0100000000000000
0100000000000000
0100000000000000
0100000000000000
0100000000000000
0100000000000000
0100000000000000
0100000000000000
0100000000000000
0100000000000000
0100000000000000
0100000000000000
0100000000000000
00fc000100000000
00fc000100000000
00fc000100000000
00f9000200000000
00fb000100010000
00f8000200010000
00f9000200000000
00f6000300000000
00f9000200000000
00f8000300000000
00fb000200000000
00f9000200000000
00fc000100000000
00fc000100000000
00fc000100000000
0100000000000000
0100000000000000
0100000000000000
0100000000000000
0100000000000000
0100000000000000
0100000000000000
0100000000000000
0100000000000000
0100000000000000
0100000000000000
0100000000000000
0100000000000000
0100000000000000
0100000000000000
0100000000000000
0100000000000000
0100000000000000
0100000000000000
0100000000000000
0100000000000000
0100000000000000
0100000000000000
0100000000000000
0100000000000000
0100000000000000
0100000000000000
0100000000000000
0100000000000000
0100000000000000
0100000000000000
0100000000000000
0100000000000000
0100000000000000
0100000000000000
0100000000000000
0100000000000000
0100000000000000
0100000000000000
0100000000000000
0100000000000000
0100000000000000
0100000000000000
0100000000000000
0100000000000000
0100000000000000
0100000000000000
0100000000000000
0100000000000000
0100000000000000
0100000000000000
0100000000000000
0100000000000000
0100000000000000
0100000000000000
0100000000000000
0100000000000000
0100000000000000
0100000000000000
0100000000000000
0100000000000000
0100000000000000
0100000000000000
0100000000000000
0100000000000000
0100000000000000
0100000000000000
0100000000000000
0100000000000000
0100000000000000
0100000000000000
0100000000000000
0100000000000000
0100000000000000
0100000000000000
0100000000000000
0100000000000000
0100000000000000
0100000000000000
0100000000000000
0100000000000000
0100000000000000
0100000000000000
0100000000000000
0100000000000000
0100000000000000
0100000000000000
0100000000000000
0100000000000000
0100000000000000
0100000000000000
0100000000000000
0100000000000000
0100000000000000
0100000000000000
0100000000000000
0100000000000000
0100000000000000
0100000000000000
0100000000000000
0100000000000000
0100000000000000
0100000000000000
0100000000000000
0100000000000000
0100000000000000
0100000000000000
0100000000000000
0100000000000000
00fe000100000000
00fc000100000000
00f9000100010000
00f8000200010000
00f7000200010000
00f4000200020000
00f0000300020000
00f1000300030000
00f0000400030000
00ed000400040000
00ec000500030000
00ee000400040000
00ec000400040000
00ed000500030000
00f0000400030000
00f1000400030000
00f0000400020000
00f4000300020000
00f7000200020000
00f8000300000000
00f9000200000000
00fc000100000000
00fe000100000000
0100000000000000
0100000000000000
0100000000000000
0100000000000000
0100000000000000
0100000000000000
0100000000000000
0100000000000000
0100000000000000
0100000000000000
0100000000000000
0100000000000000
0100000000000000
0100000000000000
0100000000000000
0100000000000000
0100000000000000
0100000000000000
0100000000000000
0100000000000000
0100000000000000
0100000000000000
0100000000000000
0100000000000000
0100000000000000
0100000000000000
0100000000000000
0100000000000000
0100000000000000
0100000000000000
0100000000000000
0100000000000000
0100000000000000
0100000000000000
0100000000000000
0100000000000000
0100000000000000
0100000000000000
0100000000000000
0100000000000000
0100000000000000
0100000000000000
0100000000000000
0100000000000000
0100000000000000
0100000000000000
0100000000000000
0100000000000000
0100000000000000
0100000000000000
0100000000000000
0100000000000000
0100000000000000
0100000000000000
0100000000000000
0100000000000000
0100000000000000
0100000000000000
0100000000000000
0100000000000000
0100000000000000
0100000000000000
0100000000000000
0100000000000000
0100000000000000
0100000000000000
0100000000000000
0100000000000000
0100000000000000
0100000000000000
0100000000000000
0100000000000000
0100000000000000
0100000000000000
0100000000000000
0100000000000000
0100000000000000
0100000000000000
0100000000000000
0100000000000000
0100000000000000
0100000000000000
0100000000000000
0100000000000000
0100000000000000
0100000000000000
0100000000000000
0100000000000000
0100000000000000
0100000000000000
0100000000000000
0100000000000000
0100000000000000
0100000000000000
0100000000000000
0100000000000000
0100000000000000
0100000000000000
0100000000000000
0100000000000000
0100000000000000
0100000000000000
00fe000100000000
00fa000100000000
00f7000200000000
00f4000300020000
00f0000300020000
00f0000400020000
00ec000400030000
00e9000500030000
00e3000600040000
00e3000700040000
00de000800040000
00db000900050000
00d9000800050000
00d8000900060000
00d8000a00050000
00d8000a00060000
00da000800050000
00db000800060000
00de000900040000
00e3000700050000
00e3000700040000
00e9000500040000
00ec000400030000
00f0000400030000
00f0000400020000
00f4000300020000
00f7000200000000
00fa000100000000
00fe000100000000
0100000000000000
0100000000000000
0100000000000000
0100000000000000
0100000000000000
0100000000000000
0100000000000000
0100000000000000
0100000000000000
0100000000000000
0100000000000000
0100000000000000
0100000000000000
0100000000000000
0100000000000000
0100000000000000
0100000000000000
0100000000000000
0100000000000000
0100000000000000
0100000000000000
0100000000000000
0100000000000000
0100000000000000
0100000000000000
0100000000000000
0100000000000000
0100000000000000
0100000000000000
0100000000000000
0100000000000000
0100000000000000
0100000000000000
0100000000000000
0100000000000000
0100000000000000
0100000000000000
0100000000000000
0100000000000000
0100000000000000
0100000000000000
0100000000000000
0100000000000000
0100000000000000
0100000000000000
0100000000000000
0100000000000000
0100000000000000
0100000000000000
0100000000000000
0100000000000000
0100000000000000
0100000000000000
0100000000000000
0100000000000000
0100000000000000
0100000000000000
0100000000000000
0100000000000000
0100000000000000
0100000000000000
0100000000000000
0100000000000000
0100000000000000
0100000000000000
0100000000000000
0100000000000000
0100000000000000
0100000000000000
0100000000000000
0100000000000000
0100000000000000
0100000000000000
0100000000000000
0100000000000000
0100000000000000
0100000000000000
0100000000000000
0100000000000000
0100000000000000
0100000000000000
0100000000000000
0100000000000000
0100000000000000
0100000000000000
0100000000000000
0100000000000000
0100000000000000
0100000000000000
0100000000000000
0100000000000000
0100000000000000
0100000000000000
0100000000000000
0100000000000000
0100000000000000
00fe000100000000
00fe000100000000
00f9000100010000
00f5000200010000
00f0000400030000
00ed000400040000
00ea000400040000
00e4000700050000
00dd000800050000
00d9000900050000
00cf000b00070000
00cb000e00080000
00c6000d00080000
00c0001000090000
00c00010000a0000
00ba0011000b0000
00ba001200090000
00ba0010000c0000
00bb000f000b0000
00bb001200090000
00c0000f000a0000
00c0000f000a0000
00c6000f00090000
00cc000d00080000
00d0000b00070000
00d8000900060000
00dd000800040000
00e4000700050000
00ea000500040000
00ed000400040000
00f0000400030000
00f5000300010000
00f9000200000000
00fe000100000000
00fe000100000000
0100000000000000
0100000000000000
0100000000000000
0100000000000000
0100000000000000
0100000000000000
0100000000000000
0100000000000000
0100000000000000
0100000000000000
0100000000000000
0100000000000000
0100000000000000
0100000000000000
0100000000000000
0100000000000000
0100000000000000
0100000000000000
0100000000000000
0100000000000000
0100000000000000
0100000000000000
0100000000000000
0100000000000000
0100000000000000
0100000000000000
0100000000000000
0100000000000000
0100000000000000
0100000000000000
0100000000000000
0100000000000000
0100000000000000
0100000000000000
0100000000000000
0100000000000000
0100000000000000
0100000000000000
0100000000000000
0100000000000000
0100000000000000
0100000000000000
0100000000000000
0100000000000000
0100000000000000
0100000000000000
0100000000000000
0100000000000000
0100000000000000
0100000000000000
0100000000000000
0100000000000000
0100000000000000
0100000000000000
0100000000000000
0100000000000000
0100000000000000
0100000000000000
0100000000000000
0100000000000000
0100000000000000
0100000000000000
0100000000000000
0100000000000000
0100000000000000
0100000000000000
0100000000000000
0100000000000000
0100000000000000
0100000000000000
0100000000000000
0100000000000000
0100000000000000
0100000000000000
0100000000000000
0100000000000000
0100000000000000
0100000000000000
0100000000000000
0100000000000000
0100000000000000
0100000000000000
0100000000000000
0100000000000000
0100000000000000
0100000000000000
0100000000000000
0100000000000000
0100000000000000
0100000000000000
0100000000000000
0100000000000000
00fc000100000000
00fa000200010000
00f4000200010000
00f0000400030000
00ea000500040000
00e4000700050000
00da000800050000
00d2000b00060000
00cb000b00070000
00c1000e00080000
00b80011000a0000
00ae0015000d0000
00a80015000e0000
00a00018000d0000
009c0019000f0000
0095001900100000
0092001b00100000
0090001c00100000
008d001a00110000
0091001b00100000
0093001b00110000
0096001b000f0000
009b0019000e0000
00a00017000f0000
00a90015000d0000
00b20013000b0000
00b90012000a0000
00c1000e00090000
00ca000c00070000
00d3000b00060000
00db000900050000
00e5000700050000
00ea000500040000
00f0000400040000
00f4000300010000
00fa000200010000
00fc000100000000
0100000000000000
0100000000000000
0100000000000000
0100000000000000
0100000000000000
0100000000000000
0100000000000000
0100000000000000
0100000000000000
0100000000000000
0100000000000000
0100000000000000
0100000000000000
0100000000000000
0100000000000000
0100000000000000
0100000000000000
0100000000000000
0100000000000000
0100000000000000
0100000000000000
0100000000000000
0100000000000000
0100000000000000
0100000000000000
0100000000000000
0100000000000000
0100000000000000
0100000000000000
0100000000000000
0100000000000000
0100000000000000
0100000000000000
0100000000000000
0100000000000000
0100000000000000
0100000000000000
0100000000000000
0100000000000000
0100000000000000
0100000000000000
0100000000000000
0100000000000000
0100000000000000
0100000000000000
0100000000000000
0100000000000000
0100000000000000
0100000000000000
0100000000000000
0100000000000000
0100000000000000
0100000000000000
0100000000000000
0100000000000000
0100000000000000
0100000000000000
0100000000000000
0100000000000000
0100000000000000
0100000000000000
0100000000000000
0100000000000000
0100000000000000
0100000000000000
0100000000000000
0100000000000000
0100000000000000
0100000000000000
0100000000000000
0100000000000000
0100000000000000
0100000000000000
0100000000000000
0100000000000000
0100000000000000
0100000000000000
0100000000000000
0100000000000000
0100000000000000
0100000000000000
0100000000000000
0100000000000000
0100000000000000
0100000000000000
0100000000000000
0100000000000000
0100000000000000
0100000000000000
00fe000100000000
00f9000200000000
00f6000200020000
00f1000300020000
00e7000600030000
00de000900050000
00d6000b00060000
00ca000d00080000
00c0000f00080000
00b50012000c0000
00a70015000d0000
009c0018000e0000
008f001c00100000
0084001f00140000
007b002100130000
0074002200140000
006c002400160000
0066002500170000
0062002600180000
0060002800180000
005e002800180000
0060002700170000
0062002500180000
0066002600180000
006c002500140000
0073002200150000
007b002100140000
0084001e00120000
008f001b00110000
009c001a000e0000
00a80015000d0000
00b50012000b0000
00c0000f00090000
00c9000d00080000
00d6000b00060000
00de000900050000
00e7000600040000
00f1000300030000
00f6000200020000
00f9000200000000
00fe000100000000
0100000000000000
0100000000000000
0100000000000000
0100000000000000
0100000000000000
0100000000000000
0100000000000000
0100000000000000
0100000000000000
0100000000000000
0100000000000000
0100000000000000
0100000000000000
0100000000000000
0100000000000000
0100000000000000
0100000000000000
0100000000000000
0100000000000000
0100000000000000
0100000000000000
0100000000000000
0100000000000000
0100000000000000
0100000000000000
0100000000000000
0100000000000000
0100000000000000
0100000000000000
0100000000000000
0100000000000000
0100000000000000
0100000000000000
0100000000000000
0100000000000000
0100000000000000
0100000000000000
0100000000000000
0100000000000000
0100000000000000
0100000000000000
0100000000000000
0100000000000000
0100000000000000
0100000000000000
0100000000000000
0100000000000000
0100000000000000
0100000000000000
0100000000000000
0100000000000000
0100000000000000
0100000000000000
0100000000000000
0100000000000000
0100000000000000
0100000000000000
0100000000000000
0100000000000000
0100000000000000
0100000000000000
0100000000000000
0100000000000000
0100000000000000
0100000000000000
0100000000000000
0100000000000000
0100000000000000
0100000000000000
0100000000000000
0100000000000000
0100000000000000
0100000000000000
0100000000000000
0100000000000000
0100000000000000
0100000000000000
0100000000000000
0100000000000000
0100000000000000
0100000000000000
0100000000000000
0100000000000000
0100000000000000
0100000000000000
0100000000000000
00fc000100000000
00f8000300000000
00f1000300030000
00ea000500030000
00de000700050000
00d4000b00070000
00c6000f00090000
00ba0011000b0000
00ab0015000d0000
009a0019000e0000
008b001c00120000
007c001f00140000
006e002400160000
0063002600170000
00550029001a0000
004d002b001b0000
0046002e001a0000
003e002f001e0000
003a0030001e0000
00350032001e0000
00340033001f0000
00340031001f0000
00340032001d0000
00350030001e0000
003a0030001e0000
003e0030001e0000
0047002e001b0000
004d002b001b0000
0056002a00190000
0063002600180000
006f002500170000
007c002100150000
008b001d00110000
009a0018000f0000
00aa0016000d0000
00bb0011000b0000
00c6000e00090000
00d4000b00070000
00de000700040000
00ea000500030000
00f1000300030000
00f8000300000000
00fc000100000000
0100000000000000
0100000000000000
0100000000000000
0100000000000000
0100000000000000
0100000000000000
0100000000000000
0100000000000000
0100000000000000
0100000000000000
0100000000000000
0100000000000000
0100000000000000
0100000000000000
0100000000000000
0100000000000000
0100000000000000
0100000000000000
0100000000000000
0100000000000000
0100000000000000
0100000000000000
0100000000000000
0100000000000000
0100000000000000
0100000000000000
0100000000000000
0100000000000000
0100000000000000
0100000000000000
0100000000000000
0100000000000000
0100000000000000
0100000000000000
0100000000000000
0100000000000000
0100000000000000
0100000000000000
0100000000000000
0100000000000000
0100000000000000
0100000000000000
0100000000000000
0100000000000000
0100000000000000
0100000000000000
0100000000000000
0100000000000000
0100000000000000
0100000000000000
0100000000000000
0100000000000000
0100000000000000
0100000000000000
0100000000000000
0100000000000000
0100000000000000
0100000000000000
0100000000000000
0100000000000000
0100000000000000
0100000000000000
0100000000000000
0100000000000000
0100000000000000
0100000000000000
0100000000000000
0100000000000000
0100000000000000
0100000000000000
0100000000000000
0100000000000000
0100000000000000
0100000000000000
0100000000000000
0100000000000000
0100000000000000
0100000000000000
0100000000000000
0100000000000000
0100000000000000
0100000000000000
0100000000000000
0100000000000000
00fa000100000000
00f2000400010000
00ed000400030000
00e3000600040000
00d5000a00070000
00c7000d00080000
00b50013000c0000
00a40017000d0000
0092001a00100000
0080001f00130000
006d002300170000
005d002700180000
004e002b001b0000
0042002e001d0000
00370031001e0000
002e003300200000
0027003400210000
0020003700210000
001d003900220000
0018003800230000
0016003a00220000
0014003b00230000
0015003900240000
0015003900220000
0017003900230000
001a003800230000
001c003900230000
0020003600210000
0027003500200000
002e003400210000
00370030001e0000
0043002e001d0000
004f002b001c0000
005e002700190000
006f002300170000
0080002000140000
0094001b00110000
00a50017000e0000
00b70013000a0000
00c7000d00080000
00d4000b00070000
00e3000600040000
00ed000400030000
00f2000400010000
00fa000100000000
0100000000000000
0100000000000000
0100000000000000
0100000000000000
0100000000000000
0100000000000000
0100000000000000
0100000000000000
0100000000000000
0100000000000000
0100000000000000
0100000000000000
0100000000000000
0100000000000000
0100000000000000
0100000000000000
0100000000000000
0100000000000000
0100000000000000
0100000000000000
0100000000000000
0100000000000000
0100000000000000
0100000000000000
0100000000000000
0100000000000000
0100000000000000
0100000000000000
0100000000000000
0100000000000000
0100000000000000
0100000000000000
0100000000000000
0100000000000000
0100000000000000
0100000000000000
0100000000000000
0100000000000000
0100000000000000
0100000000000000
0100000000000000
0100000000000000
0100000000000000
0100000000000000
0100000000000000
0100000000000000
0100000000000000
0100000000000000
0100000000000000
0100000000000000
0100000000000000
0100000000000000
0100000000000000
0100000000000000
0100000000000000
0100000000000000
0100000000000000
0100000000000000
0100000000000000
0100000000000000
0100000000000000
0100000000000000
0100000000000000
0100000000000000
0100000000000000
0100000000000000
0100000000000000
0100000000000000
0100000000000000
0100000000000000
0100000000000000
0100000000000000
0100000000000000
0100000000000000
0100000000000000
0100000000000000
0100000000000000
0100000000000000
0100000000000000
0100000000000000
0100000000000000
00fc000100000000
00f7000200000000
00f2000400030000
00e9000500050000
00df000700050000
00cc000e00080000
00bd0010000b0000
00a70015000d0000
0090001b00100000
0079002000150000
0065002500160000
00540029001b0000
0041002e001c0000
00340032001f0000
0029003300210000
0020003700210000
0018003900240000
0013003a00240000
000f003b00240000
000b003b00260000
0009003c00250000
0006003e00240000
0005003d00260000
0004003d00260000
0004003d00250000
0005003e00270000
0005003c00260000
0007003e00250000
0008003c00250000
000c003b00240000
000f003b00250000
0013003a00240000
0018003800240000
0020003700230000
002a003400210000
00340033001e0000
0041002f001c0000
0054002a001a0000
0067002500160000
007b002000140000
0092001a00100000
00a70016000d0000
00bd0011000a0000
00cd000c00080000
00df000700050000
00e9000500050000
00f2000400030000
00f7000200000000
00fc000100000000
0100000000000000
0100000000000000
0100000000000000
0100000000000000
0100000000000000
0100000000000000
0100000000000000
0100000000000000
0100000000000000
0100000000000000
0100000000000000
0100000000000000
0100000000000000
0100000000000000
0100000000000000
0100000000000000
0100000000000000
0100000000000000
0100000000000000
0100000000000000
0100000000000000
0100000000000000
0100000000000000
0100000000000000
0100000000000000
0100000000000000
0100000000000000
0100000000000000
0100000000000000
0100000000000000
0100000000000000
0100000000000000
0100000000000000
0100000000000000
0100000000000000
0100000000000000
0100000000000000
0100000000000000
0100000000000000
0100000000000000
0100000000000000
0100000000000000
0100000000000000
0100000000000000
0100000000000000
0100000000000000
0100000000000000
0100000000000000
0100000000000000
0100000000000000
0100000000000000
0100000000000000
0100000000000000
0100000000000000
0100000000000000
0100000000000000
0100000000000000
0100000000000000
0100000000000000
0100000000000000
0100000000000000
0100000000000000
0100000000000000
0100000000000000
0100000000000000
0100000000000000
0100000000000000
0100000000000000
0100000000000000
0100000000000000
0100000000000000
0100000000000000
0100000000000000
0100000000000000
0100000000000000
0100000000000000
0100000000000000
0100000000000000
00fc000100000000
00f6000200010000
00ed000400040000
00e5000600040000
00d7000a00050000
00c5000f00080000
00ae0014000c0000
0099001900100000
0080001f00140000
0067002600170000
0050002b001b0000
003d0030001e0000
002c0033001f0000
0020003700210000
0018003a00220000
0010003b00240000
000b003c00240000
0008003c00250000
0005003e00260000
0002003e00260000
0002003f00260000
0000003e00270000
0000003e00270000
0000003e00270000
0000003e00260000
0000003f00280000
0000003f00260000
0000004000250000
0000003f00270000
0000003f00250000
0001003f00270000
0003003e00250000
0005003d00270000
0008003d00250000
000b003b00230000
0010003b00230000
0017003800230000
0021003800230000
002d0035001f0000
003e0030001f0000
0050002b001a0000
0067002700170000
0081001d00120000
0099001900110000
00af0014000c0000
00c5001000080000
00d7000a00050000
00e5000600040000
00ee000400030000
00f6000300000000
00fc000100000000
0100000000000000
0100000000000000
0100000000000000
0100000000000000
0100000000000000
0100000000000000
0100000000000000
0100000000000000
0100000000000000
0100000000000000
0100000000000000
0100000000000000
0100000000000000
0100000000000000
0100000000000000
0100000000000000
0100000000000000
0100000000000000
0100000000000000
0100000000000000
0100000000000000
0100000000000000
0100000000000000
0100000000000000
0100000000000000
0100000000000000
0100000000000000
0100000000000000
0100000000000000
0100000000000000
0100000000000000
0100000000000000
0100000000000000
0100000000000000
0100000000000000
0100000000000000
0100000000000000
0100000000000000
0100000000000000
0100000000000000
0100000000000000
0100000000000000
0100000000000000
0100000000000000
0100000000000000
0100000000000000
0100000000000000
0100000000000000
0100000000000000
0100000000000000
0100000000000000
0100000000000000
0100000000000000
0100000000000000
0100000000000000
0100000000000000
0100000000000000
0100000000000000
0100000000000000
0100000000000000
0100000000000000
0100000000000000
0100000000000000
0100000000000000
0100000000000000
0100000000000000
0100000000000000
0100000000000000
0100000000000000
0100000000000000
0100000000000000
0100000000000000
0100000000000000
0100000000000000
0100000000000000
0100000000000000
00fa000100000000
00f4000300020000
00ed000500030000
00e2000700050000
00d2000a00070000
00c0000f000a0000
00a60016000e0000
008d001c00130000
0072002300140000
00570028001a0000
003f0030001d0000
002c003500200000
001d003800220000
0013003900230000
000c003c00240000
0006003d00260000
0004003e00250000
0002003f00270000
0000003f00260000
0000003f00260000
0000003e00260000
0000003e00270000
0000003f00270000
0000003f00260000
0000004000270000
0000003f00280000
0000003e00270000
0000004000260000
0000004000260000
0000003f00260000
0000004000260000
0000003f00270000
0000003f00260000
0000003e00280000
0000004000260000
0002003d00280000
0004003d00240000
0006003c00260000
000c003d00250000
0013003a00230000
001d003800220000
002c003400210000
003f002f001e0000
0058002800190000
0072002300160000
008c001c00130000
00a50015000d0000
00bf0010000a0000
00d0000a00070000
00e0000700050000
00eb000500030000
00f4000400010000
00fa000100000000
0100000000000000
0100000000000000
0100000000000000
0100000000000000
0100000000000000
0100000000000000
0100000000000000
0100000000000000
0100000000000000
0100000000000000
0100000000000000
0100000000000000
0100000000000000
0100000000000000
0100000000000000
0100000000000000
0100000000000000
0100000000000000
0100000000000000
0100000000000000
0100000000000000
0100000000000000
0100000000000000
0100000000000000
0100000000000000
0100000000000000
0100000000000000
0100000000000000
0100000000000000
0100000000000000
0100000000000000
0100000000000000
0100000000000000
0100000000000000
0100000000000000
0100000000000000
0100000000000000
0100000000000000
0100000000000000
0100000000000000
0100000000000000
0100000000000000
0100000000000000
0100000000000000
0100000000000000
0100000000000000
0100000000000000
0100000000000000
0100000000000000
0100000000000000
0100000000000000
0100000000000000
0100000000000000
0100000000000000
0100000000000000
0100000000000000
0100000000000000
0100000000000000
0100000000000000
0100000000000000
0100000000000000
0100000000000000
0100000000000000
0100000000000000
0100000000000000
0100000000000000
0100000000000000
0100000000000000
0100000000000000
0100000000000000
0100000000000000
0100000000000000
0100000000000000
0100000000000000
00fc000100000000
00f6000300020000
00ee000300030000
00df000900050000
00cf000b00070000
00b80011000b0000
00a10018000e0000
0082001f00130000
0065002600180000
0049002e001e0000
00340033001f0000
0021003700220000
0014003b00240000
000a003e00250000
0005003d00250000
0002003d00240000
0000003f00270000
0000003f00270000
0000004000260000
0000003f00270000
0000003e00270000
0000003e00260000
0000004000260000
0000004000270000
0000003f00270000
0000003f00270000
0000004100270000
0000004000270000
0000003f00260000
0000004000270000
0000004000270000
0000003e00270000
0000003f00280000
0000004000280000
0000003e00270000
0000003f00270000
0000003f00270000
0000003f00280000
0000003e00260000
0002003e00250000
0005003d00280000
000a003e00250000
0014003a00230000
0021003700220000
00330033001d0000
004a002d001d0000
0064002600170000
0080001f00140000
009d0019000f0000
00b50012000c0000
00cb000c00080000
00dc000900050000
00eb000500030000
00f4000300020000
00fa000100000000
0100000000000000
0100000000000000
0100000000000000
0100000000000000
0100000000000000
0100000000000000
0100000000000000
0100000000000000
0100000000000000
0100000000000000
0100000000000000
0100000000000000
0100000000000000
0100000000000000
0100000000000000
0100000000000000
0100000000000000
0100000000000000
0100000000000000
0100000000000000
0100000000000000
0100000000000000
0100000000000000
0100000000000000
0100000000000000
0100000000000000
0100000000000000
0100000000000000
0100000000000000
0100000000000000
0100000000000000
0100000000000000
0100000000000000
0100000000000000
0100000000000000
0100000000000000
0100000000000000
0100000000000000
0100000000000000
0100000000000000
0100000000000000
0100000000000000
0100000000000000
0100000000000000
0100000000000000
0100000000000000
0100000000000000
0100000000000000
0100000000000000
0100000000000000
0100000000000000
0100000000000000
0100000000000000
0100000000000000
0100000000000000
0100000000000000
0100000000000000
0100000000000000
0100000000000000
0100000000000000
0100000000000000
0100000000000000
0100000000000000
0100000000000000
0100000000000000
0100000000000000
0100000000000000
0100000000000000
0100000000000000
0100000000000000
0100000000000000
0100000000000000
00fc000100000000
00f6000300020000
00ef000300030000
00e3000800040000
00cf000c00080000
00b70012000b0000
009a001800100000
007c002100140000
005d002800180000
0041002f001d0000
002b003500220000
001a003800230000
000f003b00240000
0006003d00250000
0002004000250000
0000003e00260000
0000003e00270000
0000004000280000
0000004000260000
0000003f00260000
0000004000250000
0000003e00270000
0000003f00260000
0000004000260000
0000004000270000
0000003f00270000
0000004000270000
0000004000280000
0000003f00270000
0000003f00270000
0000003f00270000
0000004000270000
0000003e00270000
0000003e00280000
0000003f00270000
0000003f00270000
0000003f00280000
0000004000280000
0000004000270000
0000003e00260000
0000004000280000
0000003f00270000
0002003e00260000
0005003d00260000
000d003c00240000
0019003900230000
002a003400210000
0040002f001d0000
005a002900180000
0076002200150000
0093001900110000
00b00013000c0000
00c7000d00090000
00db000800060000
00ec000400040000
00f3000400020000
00fa000100000000
0100000000000000
0100000000000000
0100000000000000
0100000000000000
0100000000000000
0100000000000000
0100000000000000
0100000000000000
0100000000000000
0100000000000000
0100000000000000
0100000000000000
0100000000000000
0100000000000000
0100000000000000
0100000000000000
0100000000000000
0100000000000000
0100000000000000
0100000000000000
0100000000000000
0100000000000000
0100000000000000
0100000000000000
0100000000000000
0100000000000000
0100000000000000
0100000000000000
0100000000000000
0100000000000000
0100000000000000
0100000000000000
0100000000000000
0100000000000000
0100000000000000
0100000000000000
0100000000000000
0100000000000000
0100000000000000
0100000000000000
0100000000000000
0100000000000000
0100000000000000
0100000000000000
0100000000000000
0100000000000000
0100000000000000
0100000000000000
0100000000000000
0100000000000000
0100000000000000
0100000000000000
0100000000000000
0100000000000000
0100000000000000
0100000000000000
0100000000000000
0100000000000000
0100000000000000
0100000000000000
0100000000000000
0100000000000000
0100000000000000
0100000000000000
0100000000000000
0100000000000000
0100000000000000
0100000000000000
0100000000000000
0100000000000000
00fe000100000000
00f9000200020000
00f2000300030000
00e5000500030000
00d3000b00080000
00ba0011000c0000
009b0019000f0000
0078002100140000
0058002900190000
003b0031001e0000
0025003500220000
0014003a00250000
000a003c00260000
0005003e00270000
0001003f00260000
0000004000250000
0000003e00270000
0000003f00250000
0000003f00260000
0000003e00260000
0000003f00260000
0000003f00260000
0000003f00250000
0000003e00260000
0000003f00260000
0000003e00260000
0000003e00260000
0000004000270000
0000004000270000
0000003f00270000
0000003f00270000
0000004000260000
0000004000270000
0000004000280000
0000004000270000
0000003f00260000
0000003e00270000
0000004000280000
0000003e00270000
0000004000260000
0000003e00270000
0000004100270000
0000003e00270000
0000003f00270000
0000003f00260000
0004003e00260000
0008003c00250000
0012003a00250000
0021003800200000
0037003200200000
004f002c001a0000
006d002400160000
008e001d00110000
00ab0015000f0000
00c6000d00090000
00db000800040000
00ea000400040000
00f3000300030000
00fc000100000000
0100000000000000
0100000000000000
0100000000000000
0100000000000000
0100000000000000
0100000000000000
0100000000000000
0100000000000000
0100000000000000
0100000000000000
0100000000000000
0100000000000000
0100000000000000
0100000000000000
0100000000000000
0100000000000000
0100000000000000
0100000000000000
0100000000000000
0100000000000000
0100000000000000
0100000000000000
0100000000000000
0100000000000000
0100000000000000
0100000000000000
0100000000000000
0100000000000000
0100000000000000
0100000000000000
0100000000000000
0100000000000000
0100000000000000
0100000000000000
0100000000000000
0100000000000000
0100000000000000
0100000000000000
0100000000000000
0100000000000000
0100000000000000
0100000000000000
0100000000000000
0100000000000000
0100000000000000
0100000000000000
0100000000000000
0100000000000000
0100000000000000
0100000000000000
0100000000000000
0100000000000000
0100000000000000
0100000000000000
0100000000000000
0100000000000000
0100000000000000
0100000000000000
0100000000000000
0100000000000000
0100000000000000
0100000000000000
0100000000000000
0100000000000000
0100000000000000
0100000000000000
0100000000000000
0100000000000000
0100000000000000
00fb000200000000
00f5000300020000
00eb000500030000
00da000a00050000
00c2000f00090000
00a20017000e0000
007e002100130000
00590029001a0000
00390032001f0000
0021003700210000
0012003b00230000
0008003e00240000
0004003f00280000
0000003f00280000
0000003f00270000
0000003f00270000
0000003f00270000
0000004000260000
0000004000260000
0000003f00260000
0000004000260000
0000004000270000
0000003f00250000
0000003e00260000
0000003f00250000
0000003f00260000
0000003d00270000
0000003e00260000
0000003f00260000
0000003e00260000
0000003f00270000
0000003f00270000
0000003f00250000
0000003f00280000
0000003f00260000
0000004000260000
0000003f00270000
0000003f00260000
0000004100260000
0000003f00270000
0000004000270000
0000003f00270000
0000003f00270000
0000004000270000
0000003f00280000
0000003e00270000
0002003e00270000
0006003d00260000
000f003d00240000
001b003800230000
002f003300200000
0048002c001d0000
0068002500170000
008a001b00120000
00a90015000c0000
00c8000e00080000
00d9000900060000
00ee000400030000
00f5000300010000
00fe000100000000
0100000000000000
0100000000000000
0100000000000000
0100000000000000
0100000000000000
0100000000000000
0100000000000000
0100000000000000
0100000000000000
0100000000000000
0100000000000000
0100000000000000
0100000000000000
0100000000000000
0100000000000000
0100000000000000
0100000000000000
0100000000000000
0100000000000000
0100000000000000
0100000000000000
0100000000000000
0100000000000000
0100000000000000
0100000000000000
0100000000000000
0100000000000000
0100000000000000
0100000000000000
0100000000000000
0100000000000000
0100000000000000
0100000000000000
0100000000000000
0100000000000000
0100000000000000
0100000000000000
0100000000000000
0100000000000000
0100000000000000
0100000000000000
0100000000000000
0100000000000000
0100000000000000
0100000000000000
0100000000000000
0100000000000000
0100000000000000
0100000000000000
0100000000000000
0100000000000000
0100000000000000
0100000000000000
0100000000000000
0100000000000000
0100000000000000
0100000000000000
0100000000000000
0100000000000000
0100000000000000
0100000000000000
0100000000000000
0100000000000000
0100000000000000
0100000000000000
0100000000000000
0100000000000000
00fe000100000000
00f8000200020000
00f1000400020000
00e3000700040000
00cd000c00070000
00b10013000c0000
0089001e00120000
0061002700180000
003d002f001f0000
0021003800220000
0011003c00240000
0007003e00270000
0002003e00250000
0000004000270000
0000003f00260000
0000003f00270000
0000003f00250000
0000003e00280000
0000003f00270000
0000004100280000
0000003e00270000
0000003f00260000
0000003e00250000
0001003e00260000
0002003e00260000
0003003d00250000
0006003d00250000
0006003e00240000
0005003d00250000
0007003c00250000
0008003d00260000
0007003c00260000
0006003e00240000
0006003c00260000
0005003d00260000
0003003f00260000
0002003f00250000
0000003f00270000
0000003f00270000
0000003f00270000
0000004000260000
0000003f00280000
0000004000260000
0000004000270000
0000003f00260000
0000003e00260000
0000004000270000
0000003f00270000
0000003e00270000
0003003d00260000
000b003e00250000
0017003a00230000
002b003300220000
0046002e001b0000
0066002600170000
008d001c00110000
00ad0014000c0000
00c7000e00080000
00df000800050000
00ed000400040000
00f8000200010000
00fe000100000000
0100000000000000
0100000000000000
0100000000000000
0100000000000000
0100000000000000
0100000000000000
0100000000000000
0100000000000000
0100000000000000
0100000000000000
0100000000000000
0100000000000000
0100000000000000
0100000000000000
0100000000000000
0100000000000000
0100000000000000
0100000000000000
0100000000000000
0100000000000000
0100000000000000
0100000000000000
0100000000000000
0100000000000000
0100000000000000
0100000000000000
0100000000000000
0100000000000000
0100000000000000
0100000000000000
0100000000000000
0100000000000000
0100000000000000
0100000000000000
0100000000000000
0100000000000000
0100000000000000
0100000000000000
0100000000000000
0100000000000000
0100000000000000
0100000000000000
0100000000000000
0100000000000000
0100000000000000
0100000000000000
0100000000000000
0100000000000000
0100000000000000
0100000000000000
0100000000000000
0100000000000000
0100000000000000
0100000000000000
0100000000000000
0100000000000000
0100000000000000
0100000000000000
0100000000000000
0100000000000000
0100000000000000
0100000000000000
0100000000000000
0100000000000000
0100000000000000
0100000000000000
00fd000100010000
00f8000200020000
00ed000500030000
00dc000800060000
00c1000f00080000
009f0018000f0000
0073002300160000
004a002d001d0000
0028003600210000
0013003b00240000
0007003d00260000
0002003e00290000
0001003f00250000
0000003f00270000
0000003f00260000
0000003f00280000
0000004000270000
0000004000260000
0000003f00270000
0000003e00240000
0000003e00260000
0001003e00270000
0004003e00250000
0007003d00240000
000c003a00250000
000f003a00230000
0014003a00240000
0016003800230000
0019003900220000
0019003900230000
001b003800210000
0018003900230000
0017003a00220000
0016003900240000
0013003a00240000
000f003b00240000
000c003b00260000
0007003e00240000
0004003d00260000
0000003e00260000
0000003e00270000
0000003e00250000
0000003e00260000
0000003f00270000
0000003f00260000
0000004000260000
0000003e00270000
0000003e00280000
0000003e00260000
0000003e00270000
0002003f00250000
0008003c00250000
0015003900240000
0029003500210000
0045002f001f0000
0069002400170000
008f001b00100000
00af0013000d0000
00ce000c00070000
00e2000600050000
00f1000400030000
00f9000100010000
0100000000000000
0100000000000000
0100000000000000
0100000000000000
0100000000000000
0100000000000000
0100000000000000
0100000000000000
0100000000000000
0100000000000000
0100000000000000
0100000000000000
0100000000000000
0100000000000000
0100000000000000
0100000000000000
0100000000000000
0100000000000000
0100000000000000
0100000000000000
0100000000000000
0100000000000000
0100000000000000
0100000000000000
0100000000000000
0100000000000000
0100000000000000
0100000000000000
0100000000000000
0100000000000000
0100000000000000
0100000000000000
0100000000000000
0100000000000000
0100000000000000
0100000000000000
0100000000000000
0100000000000000
0100000000000000
0100000000000000
0100000000000000
0100000000000000
0100000000000000
0100000000000000
0100000000000000
0100000000000000
0100000000000000
0100000000000000
0100000000000000
0100000000000000
0100000000000000
0100000000000000
0100000000000000
0100000000000000
0100000000000000
0100000000000000
0100000000000000
0100000000000000
0100000000000000
0100000000000000
0100000000000000
0100000000000000
0100000000000000
0100000000000000
0100000000000000
00fe000100000000
00fa000200010000
00f5000300020000
00e9000600030000
00d6000a00060000
00b90011000a0000
0090001c00110000
0063002600180000
003a0031001e0000
001b003800230000
000a003d00250000
0003003f00260000
0000004000260000
0000003f00260000
0000004000270000
0000003f00280000
0000004000270000
0000003f00270000
0000003d00240000
0001003f00270000
0003003d00270000
0006003f00250000
0009003d00260000
0010003c00230000
0018003800240000
001e003700210000
00270036001f0000
002e003400200000
0033003100200000
00370030001e0000
00380030001e0000
003a0030001e0000
00390030001e0000
00350030001e0000
00320032001f0000
002e0033001f0000
0027003500200000
001f003700240000
0017003900220000
0011003a00230000
000a003c00250000
0006003c00260000
0002003e00260000
0000003e00260000
0000004000250000
0000003f00260000
0000004000290000
0000003f00270000
0000003f00280000
0000004000260000
0000003f00260000
0000003f00260000
0001003e00270000
0008003c00260000
0014003a00230000
002a003400200000
004a002c001c0000
0072002300140000
0097001900100000
00b90012000a0000
00d2000b00070000
00e8000500040000
00f3000300020000
00fa000100000000
0100000000000000
0100000000000000
0100000000000000
0100000000000000
0100000000000000
0100000000000000
0100000000000000
0100000000000000
0100000000000000
0100000000000000
0100000000000000
0100000000000000
0100000000000000
0100000000000000
0100000000000000
0100000000000000
0100000000000000
0100000000000000
0100000000000000
0100000000000000
0100000000000000
0100000000000000
0100000000000000
0100000000000000
0100000000000000
0100000000000000
0100000000000000
0100000000000000
0100000000000000
0100000000000000
0100000000000000
0100000000000000
0100000000000000
0100000000000000
0100000000000000
0100000000000000
0100000000000000
0100000000000000
0100000000000000
0100000000000000
0100000000000000
0100000000000000
0100000000000000
0100000000000000
0100000000000000
0100000000000000
0100000000000000
0100000000000000
0100000000000000
0100000000000000
0100000000000000
0100000000000000
0100000000000000
0100000000000000
0100000000000000
0100000000000000
0100000000000000
0100000000000000
0100000000000000
0100000000000000
0100000000000000
0100000000000000
0100000000000000
0100000000000000
00fe000100000000
00fa000200010000
00f4000300020000
00e8000700030000
00d2000b00070000
00b20012000b0000
0088001e00130000
0059002a00190000
0030003300200000
0014003c00240000
0006003e00250000
0001003f00270000
0000004000250000
0000003f00270000
0000003f00270000
0000003f00260000
0000003f00260000
0001003f00260000
0003003c00250000
0007003d00250000
000b003c00250000
0013003800240000
001c003800230000
0027003400210000
00340032001f0000
00400030001c0000
004c002d001b0000
0054002a001a0000
005c002700190000
0063002500180000
0063002700170000
0065002400180000
0065002600150000
0062002600170000
005d002800180000
0056002900180000
004b002c001b0000
003f0031001d0000
0032003200200000
0027003400210000
001c003800220000
0012003b00240000
000b003c00240000
0005003d00240000
0001003d00250000
0000003e00260000
0000003f00260000
0000004000260000
0000003f00260000
0000003f00270000
0000004000270000
0000003f00260000
0000004000260000
0001003f00250000
0009003c00250000
0016003900230000
002f0033001e0000
0050002b001a0000
0078001f00140000
00a20017000d0000
00c1000f000a0000
00da000800050000
00ee000400030000
00f6000300000000
0100000000000000
0100000000000000
0100000000000000
0100000000000000
0100000000000000
0100000000000000
0100000000000000
0100000000000000
0100000000000000
0100000000000000
0100000000000000
0100000000000000
0100000000000000
0100000000000000
0100000000000000
0100000000000000
0100000000000000
0100000000000000
0100000000000000
0100000000000000
0100000000000000
0100000000000000
0100000000000000
0100000000000000
0100000000000000
0100000000000000
0100000000000000
0100000000000000
0100000000000000
0100000000000000
0100000000000000
0100000000000000
0100000000000000
0100000000000000
0100000000000000
0100000000000000
0100000000000000
0100000000000000
0100000000000000
0100000000000000
0100000000000000
0100000000000000
0100000000000000
0100000000000000
0100000000000000
0100000000000000
0100000000000000
0100000000000000
0100000000000000
0100000000000000
0100000000000000
0100000000000000
0100000000000000
0100000000000000
0100000000000000
0100000000000000
0100000000000000
0100000000000000
0100000000000000
0100000000000000
0100000000000000
0100000000000000
0100000000000000
0100000000000000
00fe000100000000
00f9000200010000
00f3000300020000
00e6000700040000
00d0000c00070000
00b00013000c0000
0086001e00120000
0057002a00190000
002e003500200000
0012003b00250000
0005003f00270000
0001003f00270000
0000003f00270000
0000003f00270000
0000003e00280000
0000004000270000
0002003f00270000
0005003d00260000
000a003c00260000
0012003900240000
001d003900220000
002c003500210000
003a0030001e0000
004b002c001c0000
005d0027001a0000
006a002500170000
0078002100140000
0084002000110000
0089001c00120000
008f001b00100000
0093001a00110000
0094001a000f0000
0095001a000f0000
008f001900100000
008b001c00100000
0082001e00130000
0078002000130000
006a002300170000
005b002800190000
004b002c001d0000
003a0030001e0000
002b003500200000
001c003700230000
0010003900240000
0008003b00270000
0002003e00250000
0000003d00260000
0000003f00260000
0000003f00270000
0000003f00260000
0000004000260000
0000003f00280000
0000004000290000
0000003f00270000
0003003e00260000
000b003c00240000
001c003900230000
0039002f001e0000
005e002700180000
0089001d00100000
00ac0014000c0000
00cc000d00090000
00e7000500040000
00ef000400040000
00fc000100000000
0100000000000000
0100000000000000
0100000000000000
0100000000000000
0100000000000000
0100000000000000
0100000000000000
0100000000000000
0100000000000000
0100000000000000
0100000000000000
0100000000000000
0100000000000000
0100000000000000
0100000000000000
0100000000000000
0100000000000000
0100000000000000
0100000000000000
0100000000000000
0100000000000000
0100000000000000
0100000000000000
0100000000000000
0100000000000000
0100000000000000
0100000000000000
0100000000000000
0100000000000000
0100000000000000
0100000000000000
0100000000000000
0100000000000000
0100000000000000
0100000000000000
0100000000000000
0100000000000000
0100000000000000
0100000000000000
0100000000000000
0100000000000000
0100000000000000
0100000000000000
0100000000000000
0100000000000000
0100000000000000
0100000000000000
0100000000000000
0100000000000000
0100000000000000
0100000000000000
0100000000000000
0100000000000000
0100000000000000
0100000000000000
0100000000000000
0100000000000000
0100000000000000
0100000000000000
0100000000000000
0100000000000000
0100000000000000
0100000000000000
00fe000100000000
00fc000100010000
00f5000300020000
00e7000600040000
00d2000b00080000
00b40013000c0000
008a001d00120000
005d0028001a0000
00330033001e0000
0016003a00240000
0007003e00260000
0002003e00280000
0001003f00270000
0001004000270000
0002003e00280000
0004003f00270000
0008003e00260000
000e003c00250000
0019003a00240000
0027003500210000
003a0031001f0000
004d002b001a0000
0062002700170000
0075002100160000
0088001d00120000
0096001a00100000
00a40016000e0000
00af0013000c0000
00b10013000b0000
00b90010000a0000
00bb0011000b0000
00bb001000080000
00bb0010000a0000
00ba0011000c0000
00b10013000b0000
00af0013000b0000
00a40015000f0000
0096001900110000
0086001f00120000
0077002200150000
0062002700180000
004c002c001b0000
00380030001e0000
0024003600210000
0016003a00230000
000a003b00260000
0004003e00270000
0000003f00260000
0000003e00270000
0000004100260000
0000003e00270000
0000003e00280000
0000004000270000
0000003f00280000
0000003f00260000
0003003d00280000
000f003b00260000
0023003700220000
0044002f001e0000
006d002500150000
0096001a000f0000
00bd0010000b0000
00d8000a00060000
00ea000500040000
00f8000200010000
00fe000100000000
0100000000000000
0100000000000000
0100000000000000
0100000000000000
0100000000000000
0100000000000000
0100000000000000
0100000000000000
0100000000000000
0100000000000000
0100000000000000
0100000000000000
0100000000000000
0100000000000000
0100000000000000
0100000000000000
0100000000000000
0100000000000000
0100000000000000
0100000000000000
0100000000000000
0100000000000000
0100000000000000
0100000000000000
0100000000000000
0100000000000000
0100000000000000
0100000000000000
0100000000000000
0100000000000000
0100000000000000
0100000000000000
0100000000000000
0100000000000000
0100000000000000
0100000000000000
0100000000000000
0100000000000000
0100000000000000
0100000000000000
0100000000000000
0100000000000000
0100000000000000
0100000000000000
0100000000000000
0100000000000000
0100000000000000
0100000000000000
0100000000000000
0100000000000000
0100000000000000
0100000000000000
0100000000000000
0100000000000000
0100000000000000
0100000000000000
0100000000000000
0100000000000000
0100000000000000
0100000000000000
0100000000000000
0100000000000000
00fe000100000000
00fc000100010000
00f5000300020000
00ec000500030000
00d7000b00070000
00bc0011000b0000
0096001a00100000
006a002600170000
00420030001d0000
0021003700220000
000f003c00250000
0007003e00260000
0005003d00260000
0006003e00260000
0008003e00260000
000d003c00240000
0015003b00230000
0022003600200000
00330031001e0000
0048002e001c0000
005d002800190000
0077002100140000
008c001c00100000
009f0017000e0000
00ae0013000b0000
00bd0010000a0000
00c7000d000a0000
00d1000c00070000
00d6000900060000
00d8000a00060000
00dc000800050000
00dc000800060000
00dc000800060000
00d8000b00060000
00d6000a00060000
00d0000b00070000
00c8000d00090000
00bd000f000a0000
00ae0014000b0000
009f0017000f0000
008a001b00110000
0076002200150000
005a002700180000
0042002e001c0000
002c0032001f0000
001a003800220000
000d003c00240000
0005003c00250000
0000003e00270000
0000003f00280000
0000003e00270000
0000003f00270000
0000003e00270000
0000004000280000
0000004000260000
0000003e00260000
0007003d00250000
0016003a00240000
00300034001f0000
0053002a001a0000
007d001f00140000
00a60016000d0000
00ca000d00070000
00e2000700050000
00f4000300020000
00f9000200000000
0100000000000000
0100000000000000
0100000000000000
0100000000000000
0100000000000000
0100000000000000
0100000000000000
0100000000000000
0100000000000000
0100000000000000
0100000000000000
0100000000000000
0100000000000000
0100000000000000
0100000000000000
0100000000000000
0100000000000000
0100000000000000
0100000000000000
0100000000000000
0100000000000000
0100000000000000
0100000000000000
0100000000000000
0100000000000000
0100000000000000
0100000000000000
0100000000000000
0100000000000000
0100000000000000
0100000000000000
0100000000000000
0100000000000000
0100000000000000
0100000000000000
0100000000000000
0100000000000000
0100000000000000
0100000000000000
0100000000000000
0100000000000000
0100000000000000
0100000000000000
0100000000000000
0100000000000000
0100000000000000
0100000000000000
0100000000000000
0100000000000000
0100000000000000
0100000000000000
0100000000000000
0100000000000000
0100000000000000
0100000000000000
0100000000000000
0100000000000000
0100000000000000
0100000000000000
0100000000000000
0100000000000000
0100000000000000
00fe000100000000
00fd000100010000
00f8000200010000
00ee000400030000
00de000900050000
00c7000e00090000
00a70016000e0000
007f002100130000
0059002a001a0000
00380032001d0000
0021003700230000
0016003a00240000
0012003b00230000
0013003b00250000
0018003900240000
0020003700210000
002e003300210000
0040002f001d0000
0056002900190000
006d002300150000
0086001d00130000
009e0018000f0000
00b20012000c0000
00c2000e00090000
00d0000c00070000
00db000900050000
00e0000700040000
00e6000500040000
00eb000500030000
00ea000500030000
00ee000400030000
00ee000500020000
00ef000500010000
00ec000500040000
00eb000600030000
00e6000600040000
00e0000800040000
00db000900060000
00d0000d00070000
00c3000e00080000
00b10012000c0000
009d0018000f0000
0080002000120000
0068002400150000
004c002d001a0000
00320032001e0000
001d003700230000
000e003900230000
0005003e00270000
0001003f00270000
0000003f00260000
0000003f00270000
0000004000280000
0000003f00270000
0000003f00260000
0000004000270000
0002003e00280000
000b003c00260000
001e003800220000
003d0031001d0000
0063002600180000
008e001b00120000
00b70012000c0000
00d5000a00060000
00ed000400030000
00f6000300020000
00fc000100000000
0100000000000000
0100000000000000
0100000000000000
0100000000000000
0100000000000000
0100000000000000
0100000000000000
0100000000000000
0100000000000000
0100000000000000
0100000000000000
0100000000000000
0100000000000000
0100000000000000
0100000000000000
0100000000000000
0100000000000000
0100000000000000
0100000000000000
0100000000000000
0100000000000000
0100000000000000
0100000000000000
0100000000000000
0100000000000000
0100000000000000
0100000000000000
0100000000000000
0100000000000000
0100000000000000
0100000000000000
0100000000000000
0100000000000000
0100000000000000
0100000000000000
0100000000000000
0100000000000000
0100000000000000
0100000000000000
0100000000000000
0100000000000000
0100000000000000
0100000000000000
0100000000000000
0100000000000000
0100000000000000
0100000000000000
0100000000000000
0100000000000000
0100000000000000
0100000000000000
0100000000000000
0100000000000000
0100000000000000
0100000000000000
0100000000000000
0100000000000000
0100000000000000
0100000000000000
0100000000000000
0100000000000000
0100000000000000
00fd000100010000
00fb000100010000
00f2000400030000
00e8000600040000
00d2000c00080000
00ba0011000b0000
009a0018000e0000
0078002200140000
0059002a001a0000
0042002f001c0000
0033003300200000
002d003400200000
002e003500200000
00360031001f0000
0041002f001e0000
0052002a001a0000
0068002500160000
007e001f00140000
0097001a000f0000
00ac0013000c0000
00c0000f000a0000
00d0000b00070000
00de000700060000
00e8000500050000
00ef000400030000
00f5000300010000
00fb000100010000
00fc000100000000
0100000000000000
0100000000000000
0100000000000000
0100000000000000
0100000000000000
00fc000100000000
00fb000200000000
00f5000200020000
00ef000400020000
00e7000500050000
00de000600060000
00d0000b00070000
00be000f000b0000
00a60016000c0000
008e001d00110000
0070002200160000
0052002b001a0000
00370031001d0000
001f003600220000
000f003a00260000
0005003e00260000
0000003e00260000
0000003e00260000
0000004000270000
0000004000270000
0000004000270000
0000003e00240000
0000003e00270000
0004003e00270000
0011003900240000
0029003500200000
004e002b001a0000
0078002200140000
00a30016000e0000
00c7000d000a0000
00e3000700030000
00f1000300030000
00fb000100010000
0100000000000000
0100000000000000
0100000000000000
0100000000000000
0100000000000000
0100000000000000
0100000000000000
0100000000000000
0100000000000000
0100000000000000
0100000000000000
0100000000000000
0100000000000000
0100000000000000
0100000000000000
0100000000000000
0100000000000000
0100000000000000
0100000000000000
0100000000000000
0100000000000000
0100000000000000
0100000000000000
0100000000000000
0100000000000000
0100000000000000
0100000000000000
0100000000000000
0100000000000000
0100000000000000
0100000000000000
0100000000000000
0100000000000000
0100000000000000
0100000000000000
0100000000000000
0100000000000000
0100000000000000
0100000000000000
0100000000000000
0100000000000000
0100000000000000
0100000000000000
0100000000000000
0100000000000000
0100000000000000
0100000000000000
0100000000000000
0100000000000000
0100000000000000
0100000000000000
0100000000000000
0100000000000000
0100000000000000
0100000000000000
0100000000000000
0100000000000000
0100000000000000
0100000000000000
0100000000000000
0100000000000000
0100000000000000
00fe000100000000
00fc000100010000
00f7000300010000
00ee000400030000
00df000900050000
00cd000d00080000
00b60012000b0000
009b0018000e0000
0080002000130000
006b002500170000
005c002900180000
0057002a00190000
0057002a001a0000
005f002800180000
006d002400160000
007e002000150000
0091001b00110000
00a70015000d0000
00b90010000a0000
00cd000d00080000
00d9000900060000
00e4000600050000
00ef000500030000
00f7000200000000
00fc000100000000
00fe000100000000
0100000000000000
0100000000000000
0100000000000000
0100000000000000
0100000000000000
0100000000000000
0100000000000000
0100000000000000
0100000000000000
00fe000100000000
00fc000100000000
00f7000100010000
00ef000500030000
00e4000600050000
00d8000900070000
00c7000e00090000
00af0013000c0000
0097001a000f0000
0077002100150000
00560029001a0000
00380032001e0000
001f003700220000
000e003b00240000
0004003e00260000
0000003f00260000
0000003f00280000
0000003f00270000
0000004000250000
0000003e00270000
0000003f00270000
0001004000280000
0009003c00240000
001b003900220000
003a0030001e0000
0063002600170000
008f001b00110000
00b90011000b0000
00da000a00060000
00ec000400030000
00f8000200010000
00fe000100000000
0100000000000000
0100000000000000
0100000000000000
0100000000000000
0100000000000000
0100000000000000
0100000000000000
0100000000000000
0100000000000000
0100000000000000
0100000000000000
0100000000000000
0100000000000000
0100000000000000
0100000000000000
0100000000000000
0100000000000000
0100000000000000
0100000000000000
0100000000000000
0100000000000000
0100000000000000
0100000000000000
0100000000000000
0100000000000000
0100000000000000
0100000000000000
0100000000000000
0100000000000000
0100000000000000
0100000000000000
0100000000000000
0100000000000000
0100000000000000
0100000000000000
0100000000000000
0100000000000000
0100000000000000
0100000000000000
0100000000000000
0100000000000000
0100000000000000
0100000000000000
0100000000000000
0100000000000000
0100000000000000
0100000000000000
0100000000000000
0100000000000000
0100000000000000
0100000000000000
0100000000000000
0100000000000000
0100000000000000
0100000000000000
0100000000000000
0100000000000000
0100000000000000
0100000000000000
0100000000000000
0100000000000000
0100000000000000
00fd000100010000
00fb000100010000
00f3000300020000
00eb000500030000
00de000900050000
00ce000d00080000
00bb0010000b0000
00a60016000d0000
0096001b00100000
008b001d00120000
0086001e00130000
0086001f00130000
008c001c00120000
00990019000f0000
00a90015000d0000
00b70012000b0000
00c7000d00080000
00d9000a00060000
00e5000600050000
00ee000400030000
00f6000300000000
00fa000100000000
0100000000000000
0100000000000000
0100000000000000
0100000000000000
0100000000000000
0100000000000000
0100000000000000
0100000000000000
0100000000000000
0100000000000000
0100000000000000
0100000000000000
0100000000000000
0100000000000000
0100000000000000
00fa000100000000
00f6000300000000
00ed000500030000
00e1000600050000
00cd000c00080000
00b70011000a0000
0099001a00110000
007a002100140000
0054002b001a0000
00350031001e0000
001b003900220000
000b003b00240000
0002003e00250000
0000004100260000
0000003f00260000
0000003e00280000
0000004000280000
0000003f00260000
0000003e00270000
0004003f00260000
0011003a00240000
0028003400220000
0051002a001b0000
007d002100130000
00a80015000e0000
00ce000c00070000
00e5000700040000
00f2000300020000
00fe000100000000
0100000000000000
0100000000000000
0100000000000000
0100000000000000
0100000000000000
0100000000000000
0100000000000000
0100000000000000
0100000000000000
0100000000000000
0100000000000000
0100000000000000
0100000000000000
0100000000000000
0100000000000000
0100000000000000
0100000000000000
0100000000000000
0100000000000000
0100000000000000
0100000000000000
0100000000000000
0100000000000000
0100000000000000
0100000000000000
0100000000000000
0100000000000000
0100000000000000
0100000000000000
0100000000000000
0100000000000000
0100000000000000
0100000000000000
0100000000000000
0100000000000000
0100000000000000
0100000000000000
0100000000000000
0100000000000000
0100000000000000
0100000000000000
0100000000000000
0100000000000000
0100000000000000
0100000000000000
0100000000000000
0100000000000000
0100000000000000
0100000000000000
0100000000000000
0100000000000000
0100000000000000
0100000000000000
0100000000000000
0100000000000000
0100000000000000
0100000000000000
0100000000000000
0100000000000000
0100000000000000
0100000000000000
0100000000000000
00fe000100000000
00fc000100010000
00fa000200010000
00f3000300020000
00eb000500030000
00df000900050000
00d4000b00070000
00c7000e00090000
00be0010000a0000
00b30012000b0000
00b00015000c0000
00b20013000c0000
00b60012000b0000
00bf0011000a0000
00ca000d00080000
00d6000a00070000
00e2000700040000
00ec000500040000
00f1000400020000
00f6000200010000
00fc000100000000
0100000000000000
0100000000000000
0100000000000000
0100000000000000
0100000000000000
0100000000000000
0100000000000000
0100000000000000
0100000000000000
0100000000000000
0100000000000000
0100000000000000
0100000000000000
0100000000000000
0100000000000000
0100000000000000
0100000000000000
00fc000100000000
00f6000200010000
00ef000400030000
00e2000600050000
00d1000a00070000
00b70012000c0000
00990018000f0000
0073002300150000
00500029001a0000
002f003200200000
0016003a00240000
0007003d00250000
0001003e00250000
0000003e00270000
0000004000260000
0000004100270000
0000003f00260000
0000003f00270000
0001004000260000
0009003c00250000
001c003900220000
003e0030001c0000
006a002600170000
009a001800100000
00c10010000a0000
00dd000900060000
00f0000400030000
00f9000100010000
0100000000000000
0100000000000000
0100000000000000
0100000000000000
0100000000000000
0100000000000000
0100000000000000
0100000000000000
0100000000000000
0100000000000000
0100000000000000
0100000000000000
0100000000000000
0100000000000000
0100000000000000
0100000000000000
0100000000000000
0100000000000000
0100000000000000
0100000000000000
0100000000000000
0100000000000000
0100000000000000
0100000000000000
0100000000000000
0100000000000000
0100000000000000
0100000000000000
0100000000000000
0100000000000000
0100000000000000
0100000000000000
0100000000000000
0100000000000000
0100000000000000
0100000000000000
0100000000000000
0100000000000000
0100000000000000
0100000000000000
0100000000000000
0100000000000000
0100000000000000
0100000000000000
0100000000000000
0100000000000000
0100000000000000
0100000000000000
0100000000000000
0100000000000000
0100000000000000
0100000000000000
0100000000000000
0100000000000000
0100000000000000
0100000000000000
0100000000000000
0100000000000000
0100000000000000
0100000000000000
0100000000000000
0100000000000000
0100000000000000
00fe000100000000
00fc000100010000
00fa000200010000
00f4000300020000
00ee000400030000
00e6000700040000
00df000900050000
00d8000900060000
00d3000b00070000
00d3000b00070000
00d4000b00070000
00d7000a00060000
00de000900060000
00e3000700040000
00ec000400030000
00f1000300030000
00f6000300020000
00fa000100000000
0100000000000000
0100000000000000
0100000000000000
0100000000000000
0100000000000000
0100000000000000
0100000000000000
0100000000000000
0100000000000000
0100000000000000
0100000000000000
0100000000000000
0100000000000000
0100000000000000
0100000000000000
0100000000000000
0100000000000000
0100000000000000
0100000000000000
0100000000000000
0100000000000000
00fa000100000000
00f1000400020000
00e4000600050000
00d2000a00060000
00b20013000b0000
0092001c00110000
006a002500170000
0043002d001d0000
0024003500200000
000f003b00240000
0003003d00250000
0000004000270000
0000004000260000
0000003f00260000
0000003f00260000
0000003f00270000
0000004000280000
0005003d00250000
0014003900240000
0030003300200000
005a002900180000
0088001d00110000
00b20012000b0000
00d5000b00060000
00ea000400040000
00f8000200010000
0100000000000000
0100000000000000
0100000000000000
0100000000000000
0100000000000000
0100000000000000
0100000000000000
0100000000000000
0100000000000000
0100000000000000
0100000000000000
0100000000000000
0100000000000000
0100000000000000
0100000000000000
0100000000000000
0100000000000000
0100000000000000
0100000000000000
0100000000000000
0100000000000000
0100000000000000
0100000000000000
0100000000000000
0100000000000000
0100000000000000
0100000000000000
0100000000000000
0100000000000000
0100000000000000
0100000000000000
0100000000000000
0100000000000000
0100000000000000
0100000000000000
0100000000000000
0100000000000000
0100000000000000
0100000000000000
0100000000000000
0100000000000000
0100000000000000
0100000000000000
0100000000000000
0100000000000000
0100000000000000
0100000000000000
0100000000000000
0100000000000000
0100000000000000
0100000000000000
0100000000000000
0100000000000000
0100000000000000
0100000000000000
0100000000000000
0100000000000000
0100000000000000
0100000000000000
0100000000000000
0100000000000000
0100000000000000
0100000000000000
0100000000000000
00fe000100000000
00fc000100010000
00fb000100010000
00f7000300010000
00f3000300020000
00ef000400030000
00ea000600030000
00e9000600030000
00e7000600040000
00e8000600040000
00ea000500040000
00ee000400030000
00f1000400030000
00f4000300030000
00f8000300000000
00fa000100000000
0100000000000000
0100000000000000
0100000000000000
0100000000000000
0100000000000000
0100000000000000
0100000000000000
0100000000000000
0100000000000000
0100000000000000
0100000000000000
0100000000000000
0100000000000000
0100000000000000
0100000000000000
0100000000000000
0100000000000000
0100000000000000
0100000000000000
0100000000000000
0100000000000000
0100000000000000
0100000000000000
00f6000100000000
00ed000600020000
00df000700060000
00ca000d00090000
00ab0013000d0000
0087001d00130000
005c002700180000
00360031001d0000
001a003900230000
000a003c00250000
0002003e00270000
0000004000270000
0000004000270000
0000003e00260000
0000004000260000
0000004000260000
0002003e00270000
000d003a00250000
0023003600210000
0049002d001a0000
007a002100130000
00a70016000c0000
00cb000d00080000
00e7000500050000
00f4000300020000
00fe000100000000
0100000000000000
0100000000000000
0100000000000000
0100000000000000
0100000000000000
0100000000000000
0100000000000000
0100000000000000
0100000000000000
0100000000000000
0100000000000000
0100000000000000
0100000000000000
0100000000000000
0100000000000000
0100000000000000
0100000000000000
0100000000000000
0100000000000000
0100000000000000
0100000000000000
0100000000000000
0100000000000000
0100000000000000
0100000000000000
0100000000000000
0100000000000000
0100000000000000
0100000000000000
0100000000000000
0100000000000000
0100000000000000
0100000000000000
0100000000000000
0100000000000000
0100000000000000
0100000000000000
0100000000000000
0100000000000000
0100000000000000
0100000000000000
0100000000000000
0100000000000000
0100000000000000
0100000000000000
0100000000000000
0100000000000000
0100000000000000
0100000000000000
0100000000000000
0100000000000000
0100000000000000
0100000000000000
0100000000000000
0100000000000000
0100000000000000
0100000000000000
0100000000000000
0100000000000000
0100000000000000
0100000000000000
0100000000000000
0100000000000000
0100000000000000
00fe000100000000
00fd000100010000
00fc000100010000
00fb000100010000
00f8000200010000
00f7000300010000
00f5000300020000
00f5000300020000
00f6000300020000
00f7000200020000
00f8000200020000
00fa000200010000
00fb000200000000
00fe000100000000
0100000000000000
0100000000000000
0100000000000000
0100000000000000
0100000000000000
0100000000000000
0100000000000000
0100000000000000
0100000000000000
0100000000000000
0100000000000000
0100000000000000
0100000000000000
0100000000000000
0100000000000000
0100000000000000
0100000000000000
0100000000000000
0100000000000000
0100000000000000
0100000000000000
0100000000000000
0100000000000000
0100000000000000
0100000000000000
00f7000200000000
00ea000600020000
00da000a00060000
00c1000e000a0000
009c0018000f0000
0075002200160000
004b002b001a0000
0027003500200000
000f003b00240000
0004003e00240000
0000003f00260000
0000004000280000
0000004000270000
0000004000260000
0000003f00260000
0000003e00270000
0008003c00260000
001c003800230000
003e002f001f0000
006d002400150000
009a0019000f0000
00c4000f00090000
00df000800050000
00f1000400030000
00fe000100000000
0100000000000000
0100000000000000
0100000000000000
0100000000000000
0100000000000000
0100000000000000
0100000000000000
0100000000000000
0100000000000000
0100000000000000
0100000000000000
0100000000000000
0100000000000000
0100000000000000
0100000000000000
0100000000000000
0100000000000000
0100000000000000
0100000000000000
0100000000000000
0100000000000000
0100000000000000
0100000000000000
0100000000000000
0100000000000000
0100000000000000
0100000000000000
0100000000000000
0100000000000000
0100000000000000
0100000000000000
0100000000000000
0100000000000000
0100000000000000
0100000000000000
0100000000000000
0100000000000000
0100000000000000
0100000000000000
0100000000000000
0100000000000000
0100000000000000
0100000000000000
0100000000000000
0100000000000000
0100000000000000
0100000000000000
0100000000000000
0100000000000000
0100000000000000
0100000000000000
0100000000000000
0100000000000000
0100000000000000
0100000000000000
0100000000000000
0100000000000000
0100000000000000
0100000000000000
0100000000000000
0100000000000000
0100000000000000
0100000000000000
0100000000000000
0100000000000000
0100000000000000
00fe000100000000
00fd000100010000
00fd000100010000
00fc000100010000
00fc000100010000
00fc000100010000
00fc000100010000
00fd000100010000
00fd000100010000
00fe000100000000
0100000000000000
0100000000000000
0100000000000000
0100000000000000
0100000000000000
0100000000000000
0100000000000000
0100000000000000
0100000000000000
0100000000000000
0100000000000000
0100000000000000
0100000000000000
0100000000000000
0100000000000000
0100000000000000
0100000000000000
0100000000000000
0100000000000000
0100000000000000
0100000000000000
0100000000000000
0100000000000000
0100000000000000
0100000000000000
0100000000000000
0100000000000000
00fe000100000000
00f6000300000000
00e6000700030000
00d1000b00070000
00b30013000c0000
008a001d00110000
005d002700180000
00350031001f0000
0017003800230000
0008003d00250000
0000003e00280000
0000004000260000
0000003f00260000
0000003f00280000
0000004000260000
0000003e00250000
0005003b00250000
0014003900240000
00320034001f0000
0060002600180000
0090001b00100000
00ba0010000b0000
00da000a00060000
00ed000400040000
00fb000100010000
0100000000000000
0100000000000000
0100000000000000
0100000000000000
0100000000000000
0100000000000000
0100000000000000
0100000000000000
0100000000000000
0100000000000000
0100000000000000
0100000000000000
0100000000000000
0100000000000000
0100000000000000
0100000000000000
0100000000000000
0100000000000000
0100000000000000
0100000000000000
0100000000000000
0100000000000000
0100000000000000
0100000000000000
0100000000000000
0100000000000000
0100000000000000
0100000000000000
0100000000000000
0100000000000000
0100000000000000
0100000000000000
0100000000000000
0100000000000000
0100000000000000
0100000000000000
0100000000000000
0100000000000000
0100000000000000
0100000000000000
0100000000000000
0100000000000000
0100000000000000
0100000000000000
0100000000000000
0100000000000000
0100000000000000
0100000000000000
0100000000000000
0100000000000000
0100000000000000
0100000000000000
0100000000000000
0100000000000000
0100000000000000
0100000000000000
0100000000000000
0100000000000000
0100000000000000
0100000000000000
0100000000000000
0100000000000000
0100000000000000
0100000000000000
0100000000000000
0100000000000000
0100000000000000
0100000000000000
0100000000000000
0100000000000000
0100000000000000
0100000000000000
0100000000000000
0100000000000000
0100000000000000
0100000000000000
0100000000000000
0100000000000000
0100000000000000
0100000000000000
0100000000000000
0100000000000000
0100000000000000
0100000000000000
0100000000000000
0100000000000000
0100000000000000
0100000000000000
0100000000000000
0100000000000000
0100000000000000
0100000000000000
0100000000000000
0100000000000000
0100000000000000
0100000000000000
0100000000000000
0100000000000000
0100000000000000
0100000000000000
0100000000000000
0100000000000000
0100000000000000
0100000000000000
00fa000100000000
00f0000500020000
00de000700050000
00c3000e000a0000
009e0016000f0000
0070002300150000
0043002d001d0000
0021003600210000
000b003a00250000
0002003d00260000
0000003f00270000
0000004000280000
0000003f00260000
0000004000270000
0000003f00280000
0003003d00270000
000e003a00240000
0029003500200000
0053002b001b0000
0084001e00130000
00b20013000b0000
00d3000a00060000
00eb000500040000
00f8000200010000
0100000000000000
0100000000000000
0100000000000000
0100000000000000
0100000000000000
0100000000000000
0100000000000000
0100000000000000
0100000000000000
0100000000000000
0100000000000000
0100000000000000
0100000000000000
0100000000000000
0100000000000000
0100000000000000
0100000000000000
0100000000000000
0100000000000000
0100000000000000
0100000000000000
0100000000000000
0100000000000000
0100000000000000
0100000000000000
0100000000000000
0100000000000000
0100000000000000
0100000000000000
0100000000000000
0100000000000000
0100000000000000
0100000000000000
0100000000000000
0100000000000000
0100000000000000
0100000000000000
0100000000000000
0100000000000000
0100000000000000
0100000000000000
0100000000000000
0100000000000000
0100000000000000
0100000000000000
0100000000000000
0100000000000000
0100000000000000
0100000000000000
0100000000000000
0100000000000000
0100000000000000
0100000000000000
0100000000000000
0100000000000000
0100000000000000
0100000000000000
0100000000000000
0100000000000000
0100000000000000
0100000000000000
0100000000000000
0100000000000000
0100000000000000
0100000000000000
0100000000000000
0100000000000000
0100000000000000
0100000000000000
0100000000000000
0100000000000000
0100000000000000
0100000000000000
0100000000000000
0100000000000000
0100000000000000
0100000000000000
0100000000000000
0100000000000000
0100000000000000
0100000000000000
0100000000000000
0100000000000000
0100000000000000
0100000000000000
0100000000000000
0100000000000000
0100000000000000
0100000000000000
0100000000000000
0100000000000000
0100000000000000
0100000000000000
0100000000000000
0100000000000000
0100000000000000
0100000000000000
0100000000000000
0100000000000000
0100000000000000
0100000000000000
0100000000000000
0100000000000000
0100000000000000
0100000000000000
00f5000200000000
00e6000600040000
00cf000a00070000
00ab0014000d0000
0081002000130000
0052002b00190000
002b0033001f0000
0011003a00250000
0003003e00240000
0000004000270000
0000003f00270000
0000004000270000
0000003f00270000
0000004000270000
0001003e00260000
000b003b00240000
0022003600220000
004a002d001b0000
007b001f00160000
00ac0013000c0000
00cf000c00070000
00e8000500030000
00f7000300010000
0100000000000000
0100000000000000
0100000000000000
0100000000000000
0100000000000000
0100000000000000
0100000000000000
0100000000000000
0100000000000000
0100000000000000
0100000000000000
0100000000000000
0100000000000000
0100000000000000
0100000000000000
0100000000000000
0100000000000000
0100000000000000
0100000000000000
0100000000000000
0100000000000000
0100000000000000
0100000000000000
0100000000000000
0100000000000000
0100000000000000
0100000000000000
0100000000000000
0100000000000000
0100000000000000
0100000000000000
0100000000000000
0100000000000000
0100000000000000
0100000000000000
0100000000000000
0100000000000000
0100000000000000
0100000000000000
0100000000000000
0100000000000000
0100000000000000
0100000000000000
0100000000000000
0100000000000000
0100000000000000
0100000000000000
0100000000000000
0100000000000000
0100000000000000
0100000000000000
0100000000000000
0100000000000000
0100000000000000
0100000000000000
0100000000000000
0100000000000000
0100000000000000
0100000000000000
0100000000000000
0100000000000000
0100000000000000
0100000000000000
0100000000000000
0100000000000000
0100000000000000
0100000000000000
0100000000000000
0100000000000000
0100000000000000
0100000000000000
0100000000000000
0100000000000000
0100000000000000
0100000000000000
0100000000000000
0100000000000000
0100000000000000
0100000000000000
0100000000000000
0100000000000000
0100000000000000
0100000000000000
0100000000000000
0100000000000000
0100000000000000
0100000000000000
0100000000000000
0100000000000000
0100000000000000
0100000000000000
0100000000000000
0100000000000000
0100000000000000
0100000000000000
0100000000000000
0100000000000000
0100000000000000
0100000000000000
0100000000000000
0100000000000000
0100000000000000
0100000000000000
0100000000000000
0100000000000000
00fc000100000000
00ee000500010000
00d8000900060000
00b90012000b0000
008f001c00110000
005e002700180000
00330030001f0000
0014003900240000
0006003e00250000
0000003f00250000
0000003f00270000
0000004000270000
0000004000260000
0000004000270000
0001003e00280000
0009003d00250000
001e003700220000
0043002e001c0000
0073002300140000
00a40018000e0000
00cb000c00080000
00e7000600040000
00f6000300020000
0100000000000000
0100000000000000
0100000000000000
0100000000000000
0100000000000000
0100000000000000
0100000000000000
0100000000000000
0100000000000000
0100000000000000
0100000000000000
0100000000000000
0100000000000000
0100000000000000
0100000000000000
0100000000000000
0100000000000000
0100000000000000
0100000000000000
0100000000000000
0100000000000000
0100000000000000
0100000000000000
0100000000000000
0100000000000000
0100000000000000
0100000000000000
0100000000000000
0100000000000000
0100000000000000
0100000000000000
0100000000000000
0100000000000000
0100000000000000
0100000000000000
0100000000000000
0100000000000000
0100000000000000
0100000000000000
0100000000000000
0100000000000000
0100000000000000
0100000000000000
0100000000000000
0100000000000000
0100000000000000
0100000000000000
0100000000000000
0100000000000000
0100000000000000
0100000000000000
0100000000000000
0100000000000000
0100000000000000
0100000000000000
0100000000000000
0100000000000000
0100000000000000
0100000000000000
0100000000000000
0100000000000000
0100000000000000
0100000000000000
0100000000000000
0100000000000000
0100000000000000
0100000000000000
0100000000000000
0100000000000000
0100000000000000
0100000000000000
0100000000000000
0100000000000000
0100000000000000
0100000000000000
0100000000000000
0100000000000000
0100000000000000
0100000000000000
0100000000000000
0100000000000000
0100000000000000
0100000000000000
0100000000000000
0100000000000000
0100000000000000
0100000000000000
0100000000000000
0100000000000000
0100000000000000
0100000000000000
0100000000000000
0100000000000000
0100000000000000
0100000000000000
0100000000000000
0100000000000000
0100000000000000
0100000000000000
0100000000000000
0100000000000000
0100000000000000
0100000000000000
0100000000000000
0100000000000000
00fe000100000000
00f2000400010000
00de000800050000
00c2000e000a0000
009b0018000f0000
006b002400160000
003d0031001d0000
001a003a00220000
0007003d00250000
0000003e00270000
0000004000270000
0000003f00260000
0000003f00270000
0000004000260000
0000003e00250000
0006003d00260000
001a003800230000
003d002f001e0000
006d002300160000
009d0018000f0000
00c8000e00090000
00e3000700040000
00f3000300030000
0100000000000000
0100000000000000
0100000000000000
0100000000000000
0100000000000000
0100000000000000
0100000000000000
0100000000000000
0100000000000000
0100000000000000
0100000000000000
0100000000000000
0100000000000000
0100000000000000
0100000000000000
0100000000000000
0100000000000000
0100000000000000
0100000000000000
0100000000000000
0100000000000000
0100000000000000
0100000000000000
0100000000000000
0100000000000000
0100000000000000
0100000000000000
0100000000000000
0100000000000000
0100000000000000
0100000000000000
0100000000000000
0100000000000000
0100000000000000
0100000000000000
0100000000000000
0100000000000000
0100000000000000
0100000000000000
0100000000000000
0100000000000000
0100000000000000
0100000000000000
0100000000000000
0100000000000000
0100000000000000
0100000000000000
0100000000000000
0100000000000000
0100000000000000
0100000000000000
0100000000000000
0100000000000000
0100000000000000
0100000000000000
0100000000000000
0100000000000000
0100000000000000
0100000000000000
0100000000000000
0100000000000000
0100000000000000
0100000000000000
0100000000000000
0100000000000000
0100000000000000
0100000000000000
0100000000000000
0100000000000000
0100000000000000
0100000000000000
0100000000000000
0100000000000000
0100000000000000
0100000000000000
0100000000000000
0100000000000000
0100000000000000
0100000000000000
0100000000000000
0100000000000000
0100000000000000
0100000000000000
0100000000000000
0100000000000000
0100000000000000
0100000000000000
0100000000000000
0100000000000000
0100000000000000
0100000000000000
0100000000000000
0100000000000000
0100000000000000
0100000000000000
0100000000000000
0100000000000000
0100000000000000
0100000000000000
0100000000000000
0100000000000000
0100000000000000
0100000000000000
0100000000000000
0100000000000000
0100000000000000
00f7000100010000
00e3000700040000
00cb000c00080000
00a30016000f0000
0074002200160000
0044002e001c0000
001f003600220000
000b003c00240000
0000003d00270000
0000004000270000
0000003f00280000
0000003f00270000
0000003f00260000
0000003f00260000
0006003f00260000
0017003800220000
00390032001e0000
006a002400170000
009b0018000f0000
00c4000e00090000
00e1000800040000
00f2000400020000
0100000000000000
0100000000000000
0100000000000000
0100000000000000
0100000000000000
0100000000000000
0100000000000000
0100000000000000
0100000000000000
0100000000000000
0100000000000000
0100000000000000
0100000000000000
0100000000000000
0100000000000000
0100000000000000
0100000000000000
0100000000000000
0100000000000000
0100000000000000
0100000000000000
0100000000000000
0100000000000000
0100000000000000
0100000000000000
0100000000000000
0100000000000000
0100000000000000
0100000000000000
0100000000000000
0100000000000000
0100000000000000
0100000000000000
0100000000000000
0100000000000000
0100000000000000
0100000000000000
0100000000000000
0100000000000000
0100000000000000
0100000000000000
0100000000000000
0100000000000000
0100000000000000
0100000000000000
0100000000000000
0100000000000000
0100000000000000
0100000000000000
0100000000000000
0100000000000000
0100000000000000
0100000000000000
0100000000000000
0100000000000000
0100000000000000
0100000000000000
0100000000000000
0100000000000000
0100000000000000
0100000000000000
0100000000000000
0100000000000000
0100000000000000
0100000000000000
0100000000000000
0100000000000000
0100000000000000
0100000000000000
0100000000000000
0100000000000000
0100000000000000
0100000000000000
0100000000000000
0100000000000000
0100000000000000
0100000000000000
0100000000000000
0100000000000000
0100000000000000
0100000000000000
0100000000000000
0100000000000000
0100000000000000
0100000000000000
0100000000000000
0100000000000000
0100000000000000
0100000000000000
0100000000000000
0100000000000000
0100000000000000
0100000000000000
0100000000000000
0100000000000000
0100000000000000
0100000000000000
0100000000000000
0100000000000000
0100000000000000
0100000000000000
0100000000000000
0100000000000000
0100000000000000
0100000000000000
0100000000000000
00f6000100000000
00e6000700050000
00d0000b00070000
00a90015000d0000
007b001f00140000
0049002b001c0000
0022003600200000
000c003c00240000
0002003f00260000
0000003f00280000
0000004000270000
0000003f00260000
0000004000260000
0000003f00280000
0005003e00260000
0016003800220000
00380030001f0000
0067002700170000
009b0018000f0000
00c3000f00090000
00e0000600050000
00f1000400010000
0100000000000000
0100000000000000
0100000000000000
0100000000000000
0100000000000000
0100000000000000
0100000000000000
0100000000000000
0100000000000000
0100000000000000
0100000000000000
0100000000000000
0100000000000000
0100000000000000
0100000000000000
0100000000000000
0100000000000000
0100000000000000
0100000000000000
0100000000000000
0100000000000000
0100000000000000
0100000000000000
0100000000000000
0100000000000000
0100000000000000
0100000000000000
0100000000000000
0100000000000000
0100000000000000
0100000000000000
0100000000000000
0100000000000000
0100000000000000
0100000000000000
0100000000000000
0100000000000000
0100000000000000
0100000000000000
0100000000000000
0100000000000000
0100000000000000
0100000000000000
0100000000000000
0100000000000000
0100000000000000
0100000000000000
0100000000000000
0100000000000000
0100000000000000
0100000000000000
0100000000000000
0100000000000000
0100000000000000
0100000000000000
0100000000000000
0100000000000000
0100000000000000
0100000000000000
0100000000000000
0100000000000000
0100000000000000
0100000000000000
0100000000000000
0100000000000000
0100000000000000
0100000000000000
0100000000000000
0100000000000000
0100000000000000
0100000000000000
0100000000000000
0100000000000000
0100000000000000
0100000000000000
0100000000000000
0100000000000000
0100000000000000
0100000000000000
0100000000000000
0100000000000000
0100000000000000
0100000000000000
0100000000000000
0100000000000000
0100000000000000
0100000000000000
0100000000000000
0100000000000000
0100000000000000
0100000000000000
0100000000000000
0100000000000000
0100000000000000
0100000000000000
0100000000000000
0100000000000000
0100000000000000
0100000000000000
0100000000000000
0100000000000000
0100000000000000
0100000000000000
0100000000000000
0100000000000000
0100000000000000
00fa000100000000
00ea000600030000
00d2000b00070000
00ad0013000b0000
0080002000120000
004e002a001a0000
0025003700210000
000c003c00240000
0001003e00250000
0000003f00260000
0000003f00270000
0000004000260000
0000004000270000
0000004000270000
0005003d00260000
0016003900230000
00370032001e0000
0067002600180000
0098001800100000
00c5000d00090000
00e2000700040000
00f2000300030000
0100000000000000
0100000000000000
0100000000000000
0100000000000000
0100000000000000
0100000000000000
0100000000000000
0100000000000000
0100000000000000
0100000000000000
0100000000000000
0100000000000000
0100000000000000
0100000000000000
0100000000000000
0100000000000000
0100000000000000
0100000000000000
0100000000000000
0100000000000000
0100000000000000
0100000000000000
0100000000000000
0100000000000000
0100000000000000
0100000000000000
0100000000000000
0100000000000000
0100000000000000
0100000000000000
0100000000000000
0100000000000000
0100000000000000
0100000000000000
0100000000000000
0100000000000000
0100000000000000
0100000000000000
0100000000000000
0100000000000000
0100000000000000
0100000000000000
0100000000000000
0100000000000000
0100000000000000
0100000000000000
0100000000000000
0100000000000000
0100000000000000
0100000000000000
0100000000000000
0100000000000000
0100000000000000
0100000000000000
0100000000000000
0100000000000000
0100000000000000
0100000000000000
0100000000000000
0100000000000000
0100000000000000
0100000000000000
0100000000000000
0100000000000000
0100000000000000
0100000000000000
0100000000000000
0100000000000000
0100000000000000
0100000000000000
0100000000000000
0100000000000000
0100000000000000
0100000000000000
0100000000000000
0100000000000000
0100000000000000
0100000000000000
0100000000000000
0100000000000000
0100000000000000
0100000000000000
0100000000000000
0100000000000000
0100000000000000
0100000000000000
0100000000000000
0100000000000000
0100000000000000
0100000000000000
0100000000000000
0100000000000000
0100000000000000
0100000000000000
0100000000000000
0100000000000000
0100000000000000
0100000000000000
0100000000000000
0100000000000000
0100000000000000
0100000000000000
0100000000000000
0100000000000000
0100000000000000
0100000000000000
00fa000100000000
00e9000600030000
00d3000b00060000
00b10013000c0000
007f002000130000
004e002b001a0000
0026003500220000
000e003c00240000
0002003f00270000
0000003d00270000
0000003f00260000
0000003e00270000
0000004000270000
0000003f00270000
0005003d00250000
0017003900220000
00380031001e0000
0066002700170000
009b0018000f0000
00c5000f00090000
00e0000800050000
00f1000400020000
0100000000000000
0100000000000000
0100000000000000
0100000000000000
0100000000000000
0100000000000000
0100000000000000
0100000000000000
0100000000000000
0100000000000000
0100000000000000
0100000000000000
0100000000000000
0100000000000000
0100000000000000
0100000000000000
0100000000000000
0100000000000000
0100000000000000
0100000000000000
0100000000000000
0100000000000000
0100000000000000
0100000000000000
0100000000000000
0100000000000000
0100000000000000
0100000000000000
0100000000000000
0100000000000000
0100000000000000
0100000000000000
0100000000000000
0100000000000000
0100000000000000
0100000000000000
0100000000000000
0100000000000000
0100000000000000
0100000000000000
0100000000000000
0100000000000000
0100000000000000
0100000000000000
0100000000000000
0100000000000000
0100000000000000
0100000000000000
0100000000000000
0100000000000000
0100000000000000
0100000000000000
0100000000000000
0100000000000000
0100000000000000
0100000000000000
0100000000000000
0100000000000000
0100000000000000
0100000000000000
0100000000000000
0100000000000000
0100000000000000
0100000000000000
0100000000000000
0100000000000000
0100000000000000
0100000000000000
0100000000000000
0100000000000000
0100000000000000
0100000000000000
0100000000000000
0100000000000000
0100000000000000
0100000000000000
0100000000000000
0100000000000000
0100000000000000
0100000000000000
0100000000000000
0100000000000000
0100000000000000
0100000000000000
0100000000000000
0100000000000000
0100000000000000
0100000000000000
0100000000000000
0100000000000000
0100000000000000
0100000000000000
0100000000000000
0100000000000000
0100000000000000
0100000000000000
0100000000000000
0100000000000000
0100000000000000
0100000000000000
0100000000000000
0100000000000000
0100000000000000
0100000000000000
0100000000000000
0100000000000000
00fa000100000000
00e8000600030000
00d2000b00060000
00ae0016000c0000
007f001f00130000
004e002b001b0000
0025003500220000
000c003b00240000
0001003e00260000
0000003e00280000
0000004000280000
0000003f00270000
0000003f00260000
0000004000270000
0006003d00250000
0017003a00230000
003a0030001e0000
006c002400150000
009d0018000f0000
00c5000e00080000
00e3000700050000
00f4000300020000
0100000000000000
0100000000000000
0100000000000000
0100000000000000
0100000000000000
0100000000000000
0100000000000000
0100000000000000
0100000000000000
0100000000000000
0100000000000000
0100000000000000
0100000000000000
0100000000000000
0100000000000000
0100000000000000
0100000000000000
0100000000000000
0100000000000000
0100000000000000
0100000000000000
0100000000000000
0100000000000000
0100000000000000
0100000000000000
0100000000000000
0100000000000000
0100000000000000
0100000000000000
0100000000000000
0100000000000000
0100000000000000
0100000000000000
0100000000000000
0100000000000000
0100000000000000
0100000000000000
0100000000000000
0100000000000000
0100000000000000
0100000000000000
0100000000000000
0100000000000000
0100000000000000
0100000000000000
0100000000000000
0100000000000000
0100000000000000
0100000000000000
0100000000000000
0100000000000000
0100000000000000
0100000000000000
0100000000000000
0100000000000000
0100000000000000
0100000000000000
0100000000000000
0100000000000000
0100000000000000
0100000000000000
0100000000000000
0100000000000000
0100000000000000
0100000000000000
0100000000000000
0100000000000000
0100000000000000
0100000000000000
0100000000000000
0100000000000000
0100000000000000
0100000000000000
0100000000000000
0100000000000000
0100000000000000
0100000000000000
0100000000000000
0100000000000000
0100000000000000
0100000000000000
0100000000000000
0100000000000000
0100000000000000
0100000000000000
0100000000000000
0100000000000000
0100000000000000
0100000000000000
0100000000000000
0100000000000000
0100000000000000
0100000000000000
0100000000000000
0100000000000000
0100000000000000
0100000000000000
0100000000000000
0100000000000000
0100000000000000
0100000000000000
0100000000000000
0100000000000000
0100000000000000
0100000000000000
0100000000000000
00f8000100000000
00e8000600040000
00cd000c00080000
00aa0015000d0000
0079002100130000
0048002d001c0000
0023003700210000
000b003d00240000
0001003e00260000
0000003f00280000
0000003f00270000
0000003f00270000
0000004000250000
0000003f00270000
0007003e00270000
001a003900230000
003e002f001c0000
006f002300150000
00a20017000d0000
00c6000d00090000
00e4000700040000
00f3000400020000
0100000000000000
0100000000000000
0100000000000000
0100000000000000
0100000000000000
0100000000000000
0100000000000000
0100000000000000
0100000000000000
0100000000000000
0100000000000000
0100000000000000
0100000000000000
0100000000000000
0100000000000000
0100000000000000
0100000000000000
0100000000000000
0100000000000000
0100000000000000
0100000000000000
0100000000000000
0100000000000000
0100000000000000
0100000000000000
0100000000000000
0100000000000000
0100000000000000
0100000000000000
0100000000000000
0100000000000000
0100000000000000
0100000000000000
0100000000000000
0100000000000000
0100000000000000
0100000000000000
0100000000000000
0100000000000000
0100000000000000
0100000000000000
0100000000000000
0100000000000000
0100000000000000
0100000000000000
0100000000000000
0100000000000000
0100000000000000
0100000000000000
0100000000000000
0100000000000000
0100000000000000
0100000000000000
0100000000000000
0100000000000000
0100000000000000
0100000000000000
0100000000000000
0100000000000000
0100000000000000
0100000000000000
0100000000000000
0100000000000000
0100000000000000
0100000000000000
0100000000000000
0100000000000000
0100000000000000
0100000000000000
0100000000000000
0100000000000000
0100000000000000
0100000000000000
0100000000000000
0100000000000000
0100000000000000
0100000000000000
0100000000000000
0100000000000000
0100000000000000
0100000000000000
0100000000000000
0100000000000000
0100000000000000
0100000000000000
0100000000000000
0100000000000000
0100000000000000
0100000000000000
0100000000000000
0100000000000000
0100000000000000
0100000000000000
0100000000000000
0100000000000000
0100000000000000
0100000000000000
0100000000000000
0100000000000000
0100000000000000
0100000000000000
0100000000000000
0100000000000000
0100000000000000
0100000000000000
0100000000000000
00f6000100000000
00e4000700050000
00cc000c00070000
00a10017000f0000
0072002300140000
0043002d001c0000
001d003600220000
0009003b00240000
0000003e00260000
0000003f00260000
0000004000250000
0000004000270000
0000003f00250000
0000003f00250000
0008003c00260000
001d003800240000
0042002e001d0000
0073002300150000
00a50017000e0000
00cc000c00080000
00e8000500040000
00f5000400000000
0100000000000000
0100000000000000
0100000000000000
0100000000000000
0100000000000000
0100000000000000
0100000000000000
0100000000000000
0100000000000000
0100000000000000
0100000000000000
0100000000000000
0100000000000000
0100000000000000
0100000000000000
0100000000000000
0100000000000000
0100000000000000
0100000000000000
0100000000000000
0100000000000000
0100000000000000
0100000000000000
0100000000000000
0100000000000000
0100000000000000
0100000000000000
0100000000000000
0100000000000000
0100000000000000
0100000000000000
0100000000000000
0100000000000000
0100000000000000
0100000000000000
0100000000000000
0100000000000000
0100000000000000
0100000000000000
0100000000000000
0100000000000000
0100000000000000
0100000000000000
0100000000000000
0100000000000000
0100000000000000
0100000000000000
0100000000000000
0100000000000000
0100000000000000
0100000000000000
0100000000000000
0100000000000000
0100000000000000
0100000000000000
0100000000000000
0100000000000000
0100000000000000
0100000000000000
0100000000000000
0100000000000000
0100000000000000
0100000000000000
0100000000000000
0100000000000000
0100000000000000
0100000000000000
0100000000000000
0100000000000000
0100000000000000
0100000000000000
0100000000000000
0100000000000000
0100000000000000
0100000000000000
0100000000000000
0100000000000000
0100000000000000
0100000000000000
0100000000000000
0100000000000000
0100000000000000
0100000000000000
0100000000000000
0100000000000000
0100000000000000
0100000000000000
0100000000000000
0100000000000000
0100000000000000
0100000000000000
0100000000000000
0100000000000000
0100000000000000
0100000000000000
0100000000000000
0100000000000000
0100000000000000
0100000000000000
0100000000000000
0100000000000000
0100000000000000
0100000000000000
0100000000000000
0100000000000000
0100000000000000
00f1000400000000
00e1000700050000
00c3000e00080000
0098001a000f0000
0067002500170000
00390031001e0000
0018003800210000
0006003d00270000
0000003f00280000
0000003e00260000
0000003f00270000
0000003f00260000
0000003f00260000
0000003e00260000
000a003c00240000
0020003800210000
0048002e001b0000
007c002000140000
00ab0015000c0000
00d0000b00080000
00ea000500040000
00f8000300000000
0100000000000000
0100000000000000
0100000000000000
0100000000000000
0100000000000000
0100000000000000
0100000000000000
0100000000000000
0100000000000000
0100000000000000
0100000000000000
0100000000000000
0100000000000000
0100000000000000
0100000000000000
0100000000000000
0100000000000000
0100000000000000
0100000000000000
0100000000000000
0100000000000000
0100000000000000
0100000000000000
0100000000000000
0100000000000000
0100000000000000
0100000000000000
0100000000000000
0100000000000000
0100000000000000
0100000000000000
0100000000000000
0100000000000000
0100000000000000
0100000000000000
0100000000000000
0100000000000000
0100000000000000
0100000000000000
0100000000000000
0100000000000000
0100000000000000
0100000000000000
0100000000000000
0100000000000000
0100000000000000
0100000000000000
0100000000000000
0100000000000000
0100000000000000
0100000000000000
0100000000000000
0100000000000000
0100000000000000
0100000000000000
0100000000000000
0100000000000000
0100000000000000
0100000000000000
0100000000000000
0100000000000000
0100000000000000
0100000000000000
0100000000000000
0100000000000000
0100000000000000
0100000000000000
0100000000000000
0100000000000000
0100000000000000
0100000000000000
0100000000000000
0100000000000000
0100000000000000
0100000000000000
0100000000000000
0100000000000000
0100000000000000
0100000000000000
0100000000000000
0100000000000000
0100000000000000
0100000000000000
0100000000000000
0100000000000000
0100000000000000
0100000000000000
0100000000000000
0100000000000000
0100000000000000
0100000000000000
0100000000000000
0100000000000000
0100000000000000
0100000000000000
0100000000000000
0100000000000000
0100000000000000
0100000000000000
0100000000000000
0100000000000000
0100000000000000
0100000000000000
0100000000000000
0100000000000000
00fc000100000000
00ed000500020000
00d7000a00050000
00b60011000b0000
008c001b00110000
005b002700180000
0030003300200000
0013003b00260000
0004003e00260000
0000003f00260000
0000004000270000
0000004000260000
0000004000270000
0000003f00260000
0002003e00270000
000c003c00240000
0027003600220000
0052002b001b0000
0084001f00110000
00b20013000c0000
00d5000a00070000
00ee000400040000
00fb000200000000
0100000000000000
0100000000000000
0100000000000000
0100000000000000
0100000000000000
0100000000000000
0100000000000000
0100000000000000
0100000000000000
0100000000000000
0100000000000000
0100000000000000
0100000000000000
0100000000000000
0100000000000000
0100000000000000
0100000000000000
0100000000000000
0100000000000000
0100000000000000
0100000000000000
0100000000000000
0100000000000000
0100000000000000
0100000000000000
0100000000000000
0100000000000000
0100000000000000
0100000000000000
0100000000000000
0100000000000000
0100000000000000
0100000000000000
0100000000000000
0100000000000000
0100000000000000
0100000000000000
0100000000000000
0100000000000000
0100000000000000
0100000000000000
0100000000000000
0100000000000000
0100000000000000
0100000000000000
0100000000000000
0100000000000000
0100000000000000
0100000000000000
0100000000000000
0100000000000000
0100000000000000
0100000000000000
0100000000000000
0100000000000000
0100000000000000
0100000000000000
0100000000000000
0100000000000000
0100000000000000
0100000000000000
0100000000000000
0100000000000000
0100000000000000
0100000000000000
0100000000000000
0100000000000000
0100000000000000
0100000000000000
0100000000000000
0100000000000000
0100000000000000
0100000000000000
0100000000000000
0100000000000000
0100000000000000
0100000000000000
0100000000000000
0100000000000000
0100000000000000
0100000000000000
0100000000000000
0100000000000000
0100000000000000
0100000000000000
0100000000000000
0100000000000000
0100000000000000
0100000000000000
0100000000000000
0100000000000000
0100000000000000
0100000000000000
0100000000000000
0100000000000000
0100000000000000
0100000000000000
0100000000000000
0100000000000000
0100000000000000
0100000000000000
0100000000000000
0100000000000000
0100000000000000
0100000000000000
00f7000200000000
00e7000600030000
00cd000d00080000
00a70017000d0000
007b001f00140000
004c002d00190000
0025003400210000
000d003b00250000
0002003f00250000
0000004100270000
0000003f00270000
0000004000260000
0000004000270000
0000004000270000
0003003d00260000
0010003c00240000
002e0032001f0000
005c002600190000
008d001b00120000
00ba001200090000
00da000900060000
00f1000400030000
00fb000200000000
0100000000000000
0100000000000000
0100000000000000
0100000000000000
0100000000000000
0100000000000000
0100000000000000
0100000000000000
0100000000000000
0100000000000000
0100000000000000
0100000000000000
0100000000000000
0100000000000000
0100000000000000
0100000000000000
0100000000000000
0100000000000000
0100000000000000
0100000000000000
0100000000000000
0100000000000000
0100000000000000
0100000000000000
0100000000000000
0100000000000000
0100000000000000
0100000000000000
0100000000000000
0100000000000000
0100000000000000
0100000000000000
0100000000000000
0100000000000000
0100000000000000
0100000000000000
0100000000000000
0100000000000000
0100000000000000
0100000000000000
0100000000000000
0100000000000000
0100000000000000
0100000000000000
0100000000000000
0100000000000000
0100000000000000
0100000000000000
0100000000000000
0100000000000000
0100000000000000
0100000000000000
0100000000000000
0100000000000000
0100000000000000
0100000000000000
0100000000000000
0100000000000000
0100000000000000
0100000000000000
0100000000000000
0100000000000000
0100000000000000
0100000000000000
0100000000000000
0100000000000000
0100000000000000
0100000000000000
0100000000000000
0100000000000000
0100000000000000
0100000000000000
0100000000000000
0100000000000000
0100000000000000
0100000000000000
0100000000000000
0100000000000000
0100000000000000
0100000000000000
0100000000000000
0100000000000000
0100000000000000
0100000000000000
0100000000000000
0100000000000000
0100000000000000
0100000000000000
0100000000000000
0100000000000000
0100000000000000
0100000000000000
0100000000000000
0100000000000000
0100000000000000
0100000000000000
0100000000000000
0100000000000000
0100000000000000
0100000000000000
0100000000000000
0100000000000000
0100000000000000
0100000000000000
00fe000100000000
00ef000500010000
00de000800060000
00bf000f00090000
009a001900100000
0069002500160000
003b0030001e0000
001b003800220000
0008003e00250000
0000003f00260000
0000003f00260000
0000003f00280000
0000003f00270000
0000004000270000
0000003e00260000
0005003e00270000
0017003900230000
00370031001e0000
0068002600160000
0098001a000f0000
00c2000f000a0000
00e1000700040000
00f5000300020000
00fe000100000000
0100000000000000
0100000000000000
0100000000000000
0100000000000000
0100000000000000
0100000000000000
0100000000000000
0100000000000000
0100000000000000
0100000000000000
0100000000000000
0100000000000000
0100000000000000
0100000000000000
0100000000000000
0100000000000000
0100000000000000
0100000000000000
0100000000000000
0100000000000000
0100000000000000
0100000000000000
0100000000000000
0100000000000000
0100000000000000
0100000000000000
0100000000000000
0100000000000000
0100000000000000
0100000000000000
0100000000000000
0100000000000000
0100000000000000
0100000000000000
0100000000000000
0100000000000000
0100000000000000
0100000000000000
0100000000000000
0100000000000000
0100000000000000
0100000000000000
0100000000000000
0100000000000000
0100000000000000
0100000000000000
0100000000000000
0100000000000000
0100000000000000
0100000000000000
0100000000000000
0100000000000000
0100000000000000
0100000000000000
0100000000000000
0100000000000000
0100000000000000
0100000000000000
0100000000000000
0100000000000000
0100000000000000
0100000000000000
0100000000000000
0100000000000000
0100000000000000
0100000000000000
0100000000000000
0100000000000000
0100000000000000
0100000000000000
0100000000000000
0100000000000000
0100000000000000
0100000000000000
0100000000000000
0100000000000000
0100000000000000
0100000000000000
0100000000000000
0100000000000000
0100000000000000
0100000000000000
0100000000000000
0100000000000000
0100000000000000
0100000000000000
0100000000000000
0100000000000000
0100000000000000
0100000000000000
0100000000000000
0100000000000000
0100000000000000
0100000000000000
0100000000000000
0100000000000000
0100000000000000
0100000000000000
0100000000000000
0100000000000000
0100000000000000
0100000000000000
0100000000000000
0100000000000000
00f5000200000000
00e5000600050000
00d1000b00070000
00b10012000a0000
0083001e00130000
0055002a001a0000
002d0034001f0000
0011003a00240000
0004003e00280000
0000004000260000
0000004000280000
0000004000280000
0000003f00270000
0000003f00260000
0000003e00260000
000a003b00240000
001e003700230000
0043002f001b0000
0075002100150000
00a50016000e0000
00cb000c00080000
00e7000600040000
00f6000300020000
00fe000100000000
0100000000000000
0100000000000000
0100000000000000
0100000000000000
0100000000000000
0100000000000000
0100000000000000
0100000000000000
0100000000000000
0100000000000000
0100000000000000
0100000000000000
0100000000000000
0100000000000000
0100000000000000
0100000000000000
0100000000000000
0100000000000000
0100000000000000
0100000000000000
0100000000000000
0100000000000000
0100000000000000
0100000000000000
0100000000000000
0100000000000000
0100000000000000
0100000000000000
0100000000000000
0100000000000000
0100000000000000
0100000000000000
0100000000000000
0100000000000000
0100000000000000
0100000000000000
0100000000000000
0100000000000000
0100000000000000
0100000000000000
0100000000000000
0100000000000000
0100000000000000
0100000000000000
0100000000000000
0100000000000000
0100000000000000
0100000000000000
0100000000000000
0100000000000000
0100000000000000
0100000000000000
0100000000000000
0100000000000000
0100000000000000
0100000000000000
0100000000000000
0100000000000000
0100000000000000
0100000000000000
0100000000000000
0100000000000000
0100000000000000
0100000000000000
0100000000000000
0100000000000000
0100000000000000
0100000000000000
00fe000100000000
00fe000100000000
00fd000100010000
00fd000100010000
00fd000100010000
00fd000100010000
00fd000100010000
00fe000100000000
00fe000100000000
0100000000000000
0100000000000000
0100000000000000
0100000000000000
0100000000000000
0100000000000000
0100000000000000
0100000000000000
0100000000000000
0100000000000000
0100000000000000
0100000000000000
0100000000000000
0100000000000000
0100000000000000
0100000000000000
0100000000000000
0100000000000000
0100000000000000
0100000000000000
0100000000000000
0100000000000000
0100000000000000
0100000000000000
0100000000000000
0100000000000000
00fc000100000000
00ec000400020000
00db000800060000
00bd0011000a0000
00990019000f0000
006b002300170000
0041002e001d0000
001f003500230000
000a003b00250000
0000003d00260000
0000003f00260000
0000003f00270000
0000003f00270000
0000003f00270000
0000003f00270000
0002003f00260000
000f003d00240000
002a0034001f0000
0053002a00190000
0085001f00120000
00af0013000b0000
00d5000b00070000
00eb000500030000
00fb000200000000
0100000000000000
0100000000000000
0100000000000000
0100000000000000
0100000000000000
0100000000000000
0100000000000000
0100000000000000
0100000000000000
0100000000000000
0100000000000000
0100000000000000
0100000000000000
0100000000000000
0100000000000000
0100000000000000
0100000000000000
0100000000000000
0100000000000000
0100000000000000
0100000000000000
0100000000000000
0100000000000000
0100000000000000
0100000000000000
0100000000000000
0100000000000000
0100000000000000
0100000000000000
0100000000000000
0100000000000000
0100000000000000
0100000000000000
0100000000000000
0100000000000000
0100000000000000
0100000000000000
0100000000000000
0100000000000000
0100000000000000
0100000000000000
0100000000000000
0100000000000000
0100000000000000
0100000000000000
0100000000000000
0100000000000000
0100000000000000
0100000000000000
0100000000000000
0100000000000000
0100000000000000
0100000000000000
0100000000000000
0100000000000000
0100000000000000
0100000000000000
0100000000000000
0100000000000000
0100000000000000
0100000000000000
0100000000000000
0100000000000000
0100000000000000
0100000000000000
0100000000000000
0100000000000000
0100000000000000
00fe000100000000
00fc000100010000
00fb000100010000
00f8000200010000
00f8000200010000
00f6000300010000
00f6000300010000
00f7000300010000
00f8000200010000
00fa000100010000
00fb000100010000
00fe000100000000
0100000000000000
0100000000000000
0100000000000000
0100000000000000
0100000000000000
0100000000000000
0100000000000000
0100000000000000
0100000000000000
0100000000000000
0100000000000000
0100000000000000
0100000000000000
0100000000000000
0100000000000000
0100000000000000
0100000000000000
0100000000000000
0100000000000000
0100000000000000
0100000000000000
0100000000000000
0100000000000000
00fc000100000000
00ef000500010000
00df000800050000
00c7000e00090000
00a50016000d0000
007e001f00140000
0053002b00190000
002d0032001f0000
0013003900220000
0006003c00260000
0000003e00270000
0000003f00260000
0000003f00280000
0000004000280000
0000003f00270000
0000003e00270000
0007003d00250000
0017003a00240000
00370031001e0000
0063002500170000
0096001900100000
00bf0010000a0000
00dd000800040000
00f0000400030000
00fe000100000000
0100000000000000
0100000000000000
0100000000000000
0100000000000000
0100000000000000
0100000000000000
0100000000000000
0100000000000000
0100000000000000
0100000000000000
0100000000000000
0100000000000000
0100000000000000
0100000000000000
0100000000000000
0100000000000000
0100000000000000
0100000000000000
0100000000000000
0100000000000000
0100000000000000
0100000000000000
0100000000000000
0100000000000000
0100000000000000
0100000000000000
0100000000000000
0100000000000000
0100000000000000
0100000000000000
0100000000000000
0100000000000000
0100000000000000
0100000000000000
0100000000000000
0100000000000000
0100000000000000
0100000000000000
0100000000000000
0100000000000000
0100000000000000
0100000000000000
0100000000000000
0100000000000000
0100000000000000
0100000000000000
0100000000000000
0100000000000000
0100000000000000
0100000000000000
0100000000000000
0100000000000000
0100000000000000
0100000000000000
0100000000000000
0100000000000000
0100000000000000
0100000000000000
0100000000000000
0100000000000000
0100000000000000
0100000000000000
0100000000000000
0100000000000000
0100000000000000
0100000000000000
00fe000100000000
00fd000100010000
00fb000100010000
00f7000200010000
00f3000400020000
00ef000400030000
00ea000500030000
00ea000500030000
00e8000600030000
00ea000500030000
00ed000500040000
00f1000400020000
00f4000300020000
00f8000200010000
00fa000100000000
0100000000000000
0100000000000000
0100000000000000
0100000000000000
0100000000000000
0100000000000000
0100000000000000
0100000000000000
0100000000000000
0100000000000000
0100000000000000
0100000000000000
0100000000000000
0100000000000000
0100000000000000
0100000000000000
0100000000000000
0100000000000000
0100000000000000
0100000000000000
0100000000000000
00fa000100000000
00f0000500000000
00e2000700050000
00cc000d00070000
00b00014000d0000
008b001d00120000
0061002800170000
0039002f001e0000
001c003800220000
000a003c00240000
0001003e00260000
0000003f00270000
0000004000280000
0000003f00270000
0000003f00260000
0000003f00260000
0002003d00270000
000d003b00240000
0023003600220000
004b002d001a0000
0078002100150000
00a80016000e0000
00cd000d00080000
00e6000600050000
00f4000400010000
00fe000100000000
0100000000000000
0100000000000000
0100000000000000
0100000000000000
0100000000000000
0100000000000000
0100000000000000
0100000000000000
0100000000000000
0100000000000000
0100000000000000
0100000000000000
0100000000000000
0100000000000000
0100000000000000
0100000000000000
0100000000000000
0100000000000000
0100000000000000
0100000000000000
0100000000000000
0100000000000000
0100000000000000
0100000000000000
0100000000000000
0100000000000000
0100000000000000
0100000000000000
0100000000000000
0100000000000000
0100000000000000
0100000000000000
0100000000000000
0100000000000000
0100000000000000
0100000000000000
0100000000000000
0100000000000000
0100000000000000
0100000000000000
0100000000000000
0100000000000000
0100000000000000
0100000000000000
0100000000000000
0100000000000000
0100000000000000
0100000000000000
0100000000000000
0100000000000000
0100000000000000
0100000000000000
0100000000000000
0100000000000000
0100000000000000
0100000000000000
0100000000000000
0100000000000000
0100000000000000
0100000000000000
0100000000000000
0100000000000000
0100000000000000
0100000000000000
0100000000000000
00fe000100000000
00fd000100010000
00fb000100010000
00f5000200010000
00ed000500030000
00e6000600040000
00dd000900050000
00d6000a00060000
00d2000b00080000
00cf000b00070000
00d3000b00070000
00d7000b00060000
00de000900040000
00e7000600030000
00ee000400030000
00f4000300020000
00f7000200000000
00fe000100000000
0100000000000000
0100000000000000
0100000000000000
0100000000000000
0100000000000000
0100000000000000
0100000000000000
0100000000000000
0100000000000000
0100000000000000
0100000000000000
0100000000000000
0100000000000000
0100000000000000
0100000000000000
0100000000000000
0100000000000000
00fe000100000000
00f7000200000000
00f0000400010000
00e1000700060000
00ce000c00070000
00b20013000c0000
0091001a00120000
0069002500170000
0042002e001c0000
0024003600200000
000f003a00250000
0003003e00250000
0000004000270000
0000003f00250000
0000004000270000
0000004000280000
0000003e00270000
0000003e00260000
0006003f00260000
0016003800240000
00330032001e0000
005f002600190000
008f001b00100000
00ba0011000b0000
00d7000b00070000
00ec000500040000
00f9000200000000
0100000000000000
0100000000000000
0100000000000000
0100000000000000
0100000000000000
0100000000000000
0100000000000000
0100000000000000
0100000000000000
0100000000000000
0100000000000000
0100000000000000
0100000000000000
0100000000000000
0100000000000000
0100000000000000
0100000000000000
0100000000000000
0100000000000000
0100000000000000
0100000000000000
0100000000000000
0100000000000000
0100000000000000
0100000000000000
0100000000000000
0100000000000000
0100000000000000
0100000000000000
0100000000000000
0100000000000000
0100000000000000
0100000000000000
0100000000000000
0100000000000000
0100000000000000
0100000000000000
0100000000000000
0100000000000000
0100000000000000
0100000000000000
0100000000000000
0100000000000000
0100000000000000
0100000000000000
0100000000000000
0100000000000000
0100000000000000
0100000000000000
0100000000000000
0100000000000000
0100000000000000
0100000000000000
0100000000000000
0100000000000000
0100000000000000
0100000000000000
0100000000000000
0100000000000000
0100000000000000
0100000000000000
0100000000000000
0100000000000000
0100000000000000
0100000000000000
0100000000000000
00fd000100010000
00fb000100010000
00f3000400020000
00ea000500040000
00de000800050000
00d0000d00070000
00c2000f000a0000
00b50012000c0000
00ad0015000c0000
00ab0015000d0000
00b00014000d0000
00b60012000b0000
00c2000e000a0000
00cd000c00080000
00d9000a00060000
00e7000600040000
00ee000400040000
00f6000300000000
00fc000100000000
0100000000000000
0100000000000000
0100000000000000
0100000000000000
0100000000000000
0100000000000000
0100000000000000
0100000000000000
0100000000000000
0100000000000000
0100000000000000
0100000000000000
0100000000000000
0100000000000000
0100000000000000
00fc000100000000
00f6000300000000
00ee000400040000
00e0000800050000
00cc000b00070000
00b10013000d0000
0091001a00110000
006e002400160000
0049002e001c0000
0029003400200000
0012003b00230000
0005003d00240000
0000003f00250000
0000003f00270000
0000003f00270000
0000003e00270000
0000003e00270000
0000004000270000
0002003f00280000
000d003b00240000
0023003700220000
0047002e001c0000
0076002200150000
00a50016000e0000
00c9000d00080000
00e3000800050000
00f3000400020000
00fc000100000000
0100000000000000
0100000000000000
0100000000000000
0100000000000000
0100000000000000
0100000000000000
0100000000000000
0100000000000000
0100000000000000
0100000000000000
0100000000000000
0100000000000000
0100000000000000
0100000000000000
0100000000000000
0100000000000000
0100000000000000
0100000000000000
0100000000000000
0100000000000000
0100000000000000
0100000000000000
0100000000000000
0100000000000000
0100000000000000
0100000000000000
0100000000000000
0100000000000000
0100000000000000
0100000000000000
0100000000000000
0100000000000000
0100000000000000
0100000000000000
0100000000000000
0100000000000000
0100000000000000
0100000000000000
0100000000000000
0100000000000000
0100000000000000
0100000000000000
0100000000000000
0100000000000000
0100000000000000
0100000000000000
0100000000000000
0100000000000000
0100000000000000
0100000000000000
0100000000000000
0100000000000000
0100000000000000
0100000000000000
0100000000000000
0100000000000000
0100000000000000
0100000000000000
0100000000000000
0100000000000000
0100000000000000
0100000000000000
0100000000000000
0100000000000000
0100000000000000
00fe000100000000
00fb000100010000
00f5000200010000
00eb000500040000
00db000900050000
00c7000e00090000
00b20013000d0000
009b0019000f0000
0089001e00110000
0080002000140000
007b002100140000
007f001e00140000
0088001e00110000
00960019000f0000
00a90016000d0000
00bb0011000b0000
00ca000c00070000
00db000800050000
00e8000600030000
00ef000500010000
00f6000100000000
00fc000100000000
0100000000000000
0100000000000000
0100000000000000
0100000000000000
0100000000000000
0100000000000000
0100000000000000
0100000000000000
0100000000000000
0100000000000000
0100000000000000
00fc000100000000
00f6000100000000
00ef000500010000
00e7000600030000
00d8000900050000
00c3000e00090000
00ad0015000d0000
008e001c000f0000
006a002500150000
0048002c001d0000
002b003500200000
0015003900220000
0008003e00260000
0001003e00260000
0000004000270000
0000004000280000
0000004000260000
0000004000260000
0000003f00260000
0000003f00260000
0007003c00250000
0016003800240000
0035003200200000
005e002800170000
008d001d00110000
00ba0011000b0000
00d9000a00060000
00eb000500040000
00f8000300000000
0100000000000000
0100000000000000
0100000000000000
0100000000000000
0100000000000000
0100000000000000
0100000000000000
0100000000000000
0100000000000000
0100000000000000
0100000000000000
0100000000000000
0100000000000000
0100000000000000
0100000000000000
0100000000000000
0100000000000000
0100000000000000
0100000000000000
0100000000000000
0100000000000000
0100000000000000
0100000000000000
0100000000000000
0100000000000000
0100000000000000
0100000000000000
0100000000000000
0100000000000000
0100000000000000
0100000000000000
0100000000000000
0100000000000000
0100000000000000
0100000000000000
0100000000000000
0100000000000000
0100000000000000
0100000000000000
0100000000000000
0100000000000000
0100000000000000
0100000000000000
0100000000000000
0100000000000000
0100000000000000
0100000000000000
0100000000000000
0100000000000000
0100000000000000
0100000000000000
0100000000000000
0100000000000000
0100000000000000
0100000000000000
0100000000000000
0100000000000000
0100000000000000
0100000000000000
0100000000000000
0100000000000000
0100000000000000
0100000000000000
0100000000000000
0100000000000000
00fe000100000000
00fc000100010000
00f7000200010000
00ee000500030000
00df000800050000
00c9000e00080000
00ad0014000d0000
008d001d00110000
0071002300150000
005a002a00190000
004c002d001c0000
0048002d001d0000
004c002c001b0000
0055002a00190000
0068002400170000
007b002200130000
0093001a00110000
00a70016000e0000
00bd000f00090000
00ce000a00070000
00de000800060000
00e5000600050000
00ed000400030000
00f3000300010000
00fa000100000000
00fa000100000000
00fe000100000000
0100000000000000
0100000000000000
0100000000000000
00fe000100000000
00fa000100000000
00f9000100010000
00f3000300010000
00ed000500020000
00e4000600050000
00de000800060000
00ce000b00080000
00b9001000090000
00a10016000e0000
0085001e00120000
0064002500160000
0044002c001b0000
002a003300210000
0015003900230000
0008003d00270000
0002003e00240000
0000003f00260000
0000003f00260000
0000004000260000
0000004000270000
0000004000270000
0000003e00280000
0004003d00250000
000f003b00240000
0028003500200000
004d002c001b0000
0079002000150000
00a40015000e0000
00cb000d00090000
00e4000600040000
00f2000400020000
00fc000100000000
0100000000000000
0100000000000000
0100000000000000
0100000000000000
0100000000000000
0100000000000000
0100000000000000
0100000000000000
0100000000000000
0100000000000000
0100000000000000
0100000000000000
0100000000000000
0100000000000000
0100000000000000
0100000000000000
0100000000000000
0100000000000000
0100000000000000
0100000000000000
0100000000000000
0100000000000000
0100000000000000
0100000000000000
0100000000000000
0100000000000000
0100000000000000
0100000000000000
0100000000000000
0100000000000000
0100000000000000
0100000000000000
0100000000000000
0100000000000000
0100000000000000
0100000000000000
0100000000000000
0100000000000000
0100000000000000
0100000000000000
0100000000000000
0100000000000000
0100000000000000
0100000000000000
0100000000000000
0100000000000000
0100000000000000
0100000000000000
0100000000000000
0100000000000000
0100000000000000
0100000000000000
0100000000000000
0100000000000000
0100000000000000
0100000000000000
0100000000000000
0100000000000000
0100000000000000
0100000000000000
0100000000000000
0100000000000000
0100000000000000
0100000000000000
0100000000000000
00fe000100000000
00fb000100010000
00f3000400020000
00e8000600040000
00d2000b00060000
00b50013000c0000
008e001c00120000
0068002500170000
0046002d001b0000
002e0035001f0000
0024003700210000
001f003700220000
0023003600210000
002c003500200000
00390031001e0000
004b002d001c0000
0063002700180000
007d001f00140000
0096001a000e0000
00aa0015000d0000
00bd0011000b0000
00ce000c00080000
00d9000800060000
00e0000700050000
00e7000600030000
00eb000500040000
00ec000600030000
00ef000500010000
00ee000500020000
00ef000500010000
00ed000600020000
00ea000500040000
00e7000600030000
00e0000800040000
00d9000800060000
00ca000c00070000
00bb0011000a0000
00ab0015000d0000
0091001d000e0000
0078002000140000
00580029001a0000
003d0030001d0000
0024003500230000
0013003b00230000
0008003c00250000
0001003e00250000
0000003f00260000
0000004000270000
0000003f00280000
0000003f00260000
0000003f00270000
0000004000250000
0002003e00270000
000b003a00250000
001e003700220000
003d002f001e0000
0069002500170000
0093001b00100000
00bb0011000a0000
00da000900070000
00ef000400030000
00f8000300000000
0100000000000000
0100000000000000
0100000000000000
0100000000000000
0100000000000000
0100000000000000
0100000000000000
0100000000000000
0100000000000000
0100000000000000
0100000000000000
0100000000000000
0100000000000000
0100000000000000
0100000000000000
0100000000000000
0100000000000000
0100000000000000
0100000000000000
0100000000000000
0100000000000000
0100000000000000
0100000000000000
0100000000000000
0100000000000000
0100000000000000
0100000000000000
0100000000000000
0100000000000000
0100000000000000
0100000000000000
0100000000000000
0100000000000000
0100000000000000
0100000000000000
0100000000000000
0100000000000000
0100000000000000
0100000000000000
0100000000000000
0100000000000000
0100000000000000
0100000000000000
0100000000000000
0100000000000000
0100000000000000
0100000000000000
0100000000000000
0100000000000000
0100000000000000
0100000000000000
0100000000000000
0100000000000000
0100000000000000
0100000000000000
0100000000000000
0100000000000000
0100000000000000
0100000000000000
0100000000000000
0100000000000000
0100000000000000
0100000000000000
0100000000000000
0100000000000000
0100000000000000
00fd000100010000
00f9000100010000
00f0000400030000
00df000800050000
00c5000f000a0000
00a20017000f0000
0074002300150000
0049002d001b0000
0027003500200000
0013003b00240000
000a003d00250000
0008003e00250000
000b003c00250000
000f003c00250000
0018003900230000
0025003500210000
00380032001e0000
004d002c001b0000
0066002600190000
007e001f00130000
0095001900110000
00a90016000d0000
00b70011000c0000
00c0000f00090000
00cc000c00070000
00d5000a00060000
00da000a00060000
00db000900050000
00dc000900060000
00db000900050000
00da000a00060000
00d3000a00070000
00cc000b00070000
00c0000f000a0000
00b70011000b0000
00a80015000d0000
0093001b00110000
007e001f00130000
0064002600170000
004a002c001d0000
00320033001f0000
001d003900220000
000f003b00240000
0006003d00260000
0001003e00250000
0000003d00270000
0000004000260000
0000004000260000
0000003f00270000
0000003f00270000
0000003f00280000
0001003e00260000
0008003d00250000
0018003900230000
00340033001e0000
005c002700180000
0085001f00130000
00ae0015000c0000
00cf000b00080000
00e6000700040000
00f6000300020000
00fc000100000000
0100000000000000
0100000000000000
0100000000000000
0100000000000000
0100000000000000
0100000000000000
0100000000000000
0100000000000000
0100000000000000
0100000000000000
0100000000000000
0100000000000000
0100000000000000
0100000000000000
0100000000000000
0100000000000000
0100000000000000
0100000000000000
0100000000000000
0100000000000000
0100000000000000
0100000000000000
0100000000000000
0100000000000000
0100000000000000
0100000000000000
0100000000000000
0100000000000000
0100000000000000
0100000000000000
0100000000000000
0100000000000000
0100000000000000
0100000000000000
0100000000000000
0100000000000000
0100000000000000
0100000000000000
0100000000000000
0100000000000000
0100000000000000
0100000000000000
0100000000000000
0100000000000000
0100000000000000
0100000000000000
0100000000000000
0100000000000000
0100000000000000
0100000000000000
0100000000000000
0100000000000000
0100000000000000
0100000000000000
0100000000000000
0100000000000000
0100000000000000
0100000000000000
0100000000000000
0100000000000000
0100000000000000
0100000000000000
0100000000000000
0100000000000000
0100000000000000
0100000000000000
00fd000100010000
00f8000200010000
00ed000500030000
00da000900050000
00bc0011000a0000
0091001c00110000
0062002700180000
00340032001e0000
0015003b00240000
0005003e00260000
0000003f00270000
0000003e00270000
0001003e00260000
0003003e00260000
0007003d00250000
000d003c00230000
0019003800230000
0028003500200000
003b0031001e0000
004d002d001b0000
0065002700170000
007a002100130000
0088001d00130000
009a001900100000
00a40014000e0000
00ad0015000d0000
00b40012000b0000
00b60010000b0000
00b50012000a0000
00b50011000c0000
00b40012000a0000
00ae0013000c0000
00a30016000f0000
0096001b000e0000
0088001d00110000
0077002100150000
0065002600170000
004f002d001a0000
003a0031001e0000
0026003600220000
0016003900220000
000a003c00250000
0003003f00260000
0000003f00260000
0000003f00280000
0000003f00260000
0000003f00260000
0000003f00260000
0000003f00270000
0000003f00260000
0000003f00270000
0005003e00260000
0013003a00240000
002c0033001f0000
0050002a001b0000
007b002100130000
00a40015000d0000
00c6000e000a0000
00e1000800050000
00f0000400030000
00fb000200000000
0100000000000000
0100000000000000
0100000000000000
0100000000000000
0100000000000000
0100000000000000
0100000000000000
0100000000000000
0100000000000000
0100000000000000
0100000000000000
0100000000000000
0100000000000000
0100000000000000
0100000000000000
0100000000000000
0100000000000000
0100000000000000
0100000000000000
0100000000000000
0100000000000000
0100000000000000
0100000000000000
0100000000000000
0100000000000000
0100000000000000
0100000000000000
0100000000000000
0100000000000000
0100000000000000
0100000000000000
0100000000000000
0100000000000000
0100000000000000
0100000000000000
0100000000000000
0100000000000000
0100000000000000
0100000000000000
0100000000000000
0100000000000000
0100000000000000
0100000000000000
0100000000000000
0100000000000000
0100000000000000
0100000000000000
0100000000000000
0100000000000000
0100000000000000
0100000000000000
0100000000000000
0100000000000000
0100000000000000
0100000000000000
0100000000000000
0100000000000000
0100000000000000
0100000000000000
0100000000000000
0100000000000000
0100000000000000
0100000000000000
0100000000000000
0100000000000000
0100000000000000
0100000000000000
00fd000100010000
00f8000200010000
00ec000500030000
00d7000a00050000
00b80012000c0000
008a001d00110000
0059002900180000
002b003400200000
000f003c00240000
0001003f00260000
0000004000260000
0000004000260000
0000004000270000
0000003f00260000
0000003e00270000
0002003e00250000
0007003d00260000
000f003b00230000
001a003900250000
0028003400210000
00380031001e0000
0048002c001b0000
0057002a001a0000
0066002400160000
0072002400150000
007b002200140000
0082001e00140000
0087001e00120000
0088001d00110000
0087001d00120000
0082001e00140000
007b002100140000
0070002100150000
0065002700170000
0057002900190000
0045002d001c0000
00370033001e0000
0029003400200000
001a003900240000
000f003b00240000
0006003c00260000
0001003f00280000
0000003e00260000
0000003e00250000
0000003f00280000
0000004000260000
0000003f00270000
0000003e00260000
0000003e00260000
0000003f00260000
0005003e00250000
0010003c00240000
0027003600220000
0046002e001b0000
006f002300150000
009b001900100000
00bd001100090000
00d6000b00070000
00ed000400040000
00f7000300010000
00fe000100000000
0100000000000000
0100000000000000
0100000000000000
0100000000000000
0100000000000000
0100000000000000
0100000000000000
0100000000000000
0100000000000000
0100000000000000
0100000000000000
0100000000000000
0100000000000000
0100000000000000
0100000000000000
0100000000000000
0100000000000000
0100000000000000
0100000000000000
0100000000000000
0100000000000000
0100000000000000
0100000000000000
0100000000000000
0100000000000000
0100000000000000
0100000000000000
0100000000000000
0100000000000000
0100000000000000
0100000000000000
0100000000000000
0100000000000000
0100000000000000
0100000000000000
0100000000000000
0100000000000000
0100000000000000
0100000000000000
0100000000000000
0100000000000000
0100000000000000
0100000000000000
0100000000000000
0100000000000000
0100000000000000
0100000000000000
0100000000000000
0100000000000000
0100000000000000
0100000000000000
0100000000000000
0100000000000000
0100000000000000
0100000000000000
0100000000000000
0100000000000000
0100000000000000
0100000000000000
0100000000000000
0100000000000000
0100000000000000
0100000000000000
0100000000000000
0100000000000000
0100000000000000
0100000000000000
00fd000100010000
00f8000200010000
00ed000500030000
00d8000b00060000
00b90012000b0000
008b001c00120000
005a002a00190000
002d003500200000
000f003b00240000
0003003e00260000
0000003f00270000
0000004000270000
0000004000270000
0000003f00270000
0000003f00280000
0000003f00260000
0000003f00270000
0003003e00250000
0009003d00260000
000f003a00220000
0018003b00230000
0021003700210000
002c0033001f0000
00370031001e0000
0040002e001d0000
004a002d001b0000
0050002a001b0000
0052002a001a0000
0052002b001a0000
0052002a001b0000
004e002d00190000
0047002c001b0000
003f002e001d0000
00360032001d0000
002a0035001f0000
0020003700230000
0017003800230000
000e003b00240000
0008003d00230000
0003003d00240000
0001004000270000
0000003f00260000
0000003f00270000
0000004000260000
0000004000270000
0000003e00270000
0000004000270000
0000003f00250000
0000003e00280000
0004003c00250000
000f003b00240000
0021003900210000
00400030001d0000
0067002400170000
0091001c00100000
00b80010000c0000
00d3000b00060000
00e9000500050000
00f3000400020000
00fc000100000000
0100000000000000
0100000000000000
0100000000000000
0100000000000000
0100000000000000
0100000000000000
0100000000000000
0100000000000000
0100000000000000
0100000000000000
0100000000000000
0100000000000000
0100000000000000
0100000000000000
0100000000000000
0100000000000000
0100000000000000
0100000000000000
0100000000000000
0100000000000000
0100000000000000
0100000000000000
0100000000000000
0100000000000000
0100000000000000
0100000000000000
0100000000000000
0100000000000000
0100000000000000
0100000000000000
0100000000000000
0100000000000000
0100000000000000
0100000000000000
0100000000000000
0100000000000000
0100000000000000
0100000000000000
0100000000000000
0100000000000000
0100000000000000
0100000000000000
0100000000000000
0100000000000000
0100000000000000
0100000000000000
0100000000000000
0100000000000000
0100000000000000
0100000000000000
0100000000000000
0100000000000000
0100000000000000
0100000000000000
0100000000000000
0100000000000000
0100000000000000
0100000000000000
0100000000000000
0100000000000000
0100000000000000
0100000000000000
0100000000000000
0100000000000000
0100000000000000
0100000000000000
0100000000000000
0100000000000000
00fd000100010000
00f9000100010000
00ef000400030000
00db000a00060000
00bf0010000a0000
0095001a00100000
0064002600180000
00360032001f0000
0016003900240000
0006003e00260000
0000003f00260000
0000003f00260000
0000003f00270000
0000004000270000
0000004000280000
0000004000270000
0000003f00270000
0000003e00280000
0001003e00260000
0003003e00260000
0007003d00260000
000c003c00260000
0011003a00250000
0017003900220000
001c003900220000
0021003600230000
0025003500220000
0025003700230000
0027003500200000
0025003600210000
0023003500200000
0021003500210000
001b003700220000
0016003900230000
0010003b00220000
000a003c00240000
0006003e00240000
0002003e00250000
0000003e00260000
0000003e00280000
0000003f00270000
0000003f00260000
0000004000260000
0000003f00270000
0000003f00260000
0000003f00260000
0000004000270000
0000003e00270000
0005003f00250000
000e003c00250000
0020003700230000
003d0031001e0000
0064002700180000
0088001d00120000
00b00014000c0000
00ce000c00090000
00e2000800040000
00f2000400030000
00fa000100000000
0100000000000000
0100000000000000
0100000000000000
0100000000000000
0100000000000000
0100000000000000
0100000000000000
0100000000000000
0100000000000000
0100000000000000
0100000000000000
0100000000000000
0100000000000000
0100000000000000
0100000000000000
0100000000000000
0100000000000000
0100000000000000
0100000000000000
0100000000000000
0100000000000000
0100000000000000
0100000000000000
0100000000000000
0100000000000000
0100000000000000
0100000000000000
0100000000000000
0100000000000000
0100000000000000
0100000000000000
0100000000000000
0100000000000000
0100000000000000
0100000000000000
0100000000000000
0100000000000000
0100000000000000
0100000000000000
0100000000000000
0100000000000000
0100000000000000
0100000000000000
0100000000000000
0100000000000000
0100000000000000
0100000000000000
0100000000000000
0100000000000000
0100000000000000
0100000000000000
0100000000000000
0100000000000000
0100000000000000
0100000000000000
0100000000000000
0100000000000000
0100000000000000
0100000000000000
0100000000000000
0100000000000000
0100000000000000
0100000000000000
0100000000000000
0100000000000000
0100000000000000
0100000000000000
0100000000000000
0100000000000000
00fe000100000000
00f9000100010000
00f2000300020000
00e1000800040000
00c8000d00090000
00a30017000d0000
0077002100150000
004a002c001c0000
0026003600210000
000f003c00240000
0004003f00260000
0000004100260000
0000004000250000
0000003f00280000
0000004000270000
0000004000270000
0000003f00270000
0000004000260000
0000004000260000
0000003f00280000
0001003d00260000
0003003d00260000
0004003d00250000
0007003f00240000
0009003e00230000
000b003a00260000
000c003d00250000
000d003d00250000
000d003c00260000
000d003b00240000
000b003d00230000
000a003c00260000
0007003c00260000
0005003f00240000
0003003f00260000
0001003e00260000
0000003d00270000
0000004000280000
0000004000270000
0000003e00270000
0000004000270000
0000004000280000
0000003f00270000
0000004100260000
0000003f00280000
0000003f00270000
0001004000260000
0008003d00240000
0011003a00230000
0024003700200000
003f002f001d0000
0061002600180000
0087001d00130000
00ab0015000d0000
00c8000d00080000
00e1000700050000
00ee000400030000
00fa000100000000
0100000000000000
0100000000000000
0100000000000000
0100000000000000
0100000000000000
0100000000000000
0100000000000000
0100000000000000
0100000000000000
0100000000000000
0100000000000000
0100000000000000
0100000000000000
0100000000000000
0100000000000000
0100000000000000
0100000000000000
0100000000000000
0100000000000000
0100000000000000
0100000000000000
0100000000000000
0100000000000000
0100000000000000
0100000000000000
0100000000000000
0100000000000000
0100000000000000
0100000000000000
0100000000000000
0100000000000000
0100000000000000
0100000000000000
0100000000000000
0100000000000000
0100000000000000
0100000000000000
0100000000000000
0100000000000000
0100000000000000
0100000000000000
0100000000000000
0100000000000000
0100000000000000
0100000000000000
0100000000000000
0100000000000000
0100000000000000
0100000000000000
0100000000000000
0100000000000000
0100000000000000
0100000000000000
0100000000000000
0100000000000000
0100000000000000
0100000000000000
0100000000000000
0100000000000000
0100000000000000
0100000000000000
0100000000000000
0100000000000000
0100000000000000
0100000000000000
0100000000000000
0100000000000000
0100000000000000
0100000000000000
0100000000000000
00fe000100000000
00fa000100010000
00f6000300020000
00e9000500030000
00d6000a00070000
00b70012000b0000
008f001c00110000
0065002700170000
003e002f001e0000
0023003600210000
0010003b00240000
0007003e00250000
0001003e00260000
0000003f00260000
0000003f00270000
0000003f00280000
0000003f00270000
0000003e00260000
0000003f00270000
0000004100260000
0000003f00270000
0000003e00270000
0001003f00290000
0001003f00270000
0002004000240000
0002003f00250000
0002003e00280000
0002003f00270000
0002003e00260000
0001003e00270000
0001003e00270000
0001003e00260000
0000003f00270000
0000003f00280000
0000004000270000
0000004000270000
0000004000260000
0000003f00250000
0000003e00260000
0000003f00260000
0000003e00270000
0000004000260000
0000004000270000
0000003e00260000
0001003e00250000
0005003e00250000
000b003d00250000
0017003900230000
002a003500210000
0045002d001d0000
0066002600180000
0088001f00110000
00ad0015000d0000
00ca000c00090000
00df000800060000
00ef000400030000
00f8000300000000
00fe000100000000
0100000000000000
0100000000000000
0100000000000000
0100000000000000
0100000000000000
0100000000000000
0100000000000000
0100000000000000
0100000000000000
0100000000000000
0100000000000000
0100000000000000
0100000000000000
0100000000000000
0100000000000000
0100000000000000
0100000000000000
0100000000000000
0100000000000000
0100000000000000
0100000000000000
0100000000000000
0100000000000000
0100000000000000
0100000000000000
0100000000000000
0100000000000000
0100000000000000
0100000000000000
0100000000000000
0100000000000000
0100000000000000
0100000000000000
0100000000000000
0100000000000000
0100000000000000
0100000000000000
0100000000000000
0100000000000000
0100000000000000
0100000000000000
0100000000000000
0100000000000000
0100000000000000
0100000000000000
0100000000000000
0100000000000000
0100000000000000
0100000000000000
0100000000000000
0100000000000000
0100000000000000
0100000000000000
0100000000000000
0100000000000000
0100000000000000
0100000000000000
0100000000000000
0100000000000000
0100000000000000
0100000000000000
0100000000000000
0100000000000000
0100000000000000
0100000000000000
0100000000000000
0100000000000000
0100000000000000
0100000000000000
0100000000000000
0100000000000000
00fe000100000000
00f8000200010000
00f1000300020000
00e1000800050000
00c9000e00080000
00ab0014000d0000
0085001f00120000
0060002800180000
003f0030001c0000
0024003700220000
0013003b00230000
0009003d00250000
0003003e00260000
0000003e00270000
0000003e00260000
0000004000260000
0000003e00270000
0000004100270000
0000003e00270000
0000003f00280000
0000003f00260000
0000003e00260000
0000003f00270000
0000004000260000
0000003e00270000
0000003f00270000
0000003f00280000
0000003f00260000
0000003e00270000
0000003f00250000
0000003f00260000
0000003f00270000
0000003e00270000
0000004000280000
0000003f00280000
0000004000270000
0000003f00270000
0000004000270000
0000003f00270000
0000003f00270000
0000004000270000
0000004000250000
0003004000270000
0008003d00240000
0011003c00230000
001f003700220000
00330032001f0000
004d002c001b0000
006c002500170000
008f001c00130000
00ad0014000b0000
00c9000d00080000
00de000800060000
00ec000500030000
00f7000200020000
00fe000100000000
0100000000000000
0100000000000000
0100000000000000
0100000000000000
0100000000000000
0100000000000000
0100000000000000
0100000000000000
0100000000000000
0100000000000000
0100000000000000
0100000000000000
0100000000000000
0100000000000000
0100000000000000
0100000000000000
0100000000000000
0100000000000000
0100000000000000
0100000000000000
0100000000000000
0100000000000000
0100000000000000
0100000000000000
0100000000000000
0100000000000000
0100000000000000
0100000000000000
0100000000000000
0100000000000000
0100000000000000
0100000000000000
0100000000000000
0100000000000000
0100000000000000
0100000000000000
0100000000000000
0100000000000000
0100000000000000
0100000000000000
0100000000000000
0100000000000000
0100000000000000
0100000000000000
0100000000000000
0100000000000000
0100000000000000
0100000000000000
0100000000000000
0100000000000000
0100000000000000
0100000000000000
0100000000000000
0100000000000000
0100000000000000
0100000000000000
0100000000000000
0100000000000000
0100000000000000
0100000000000000
0100000000000000
0100000000000000
0100000000000000
0100000000000000
0100000000000000
0100000000000000
0100000000000000
0100000000000000
0100000000000000
0100000000000000
0100000000000000
0100000000000000
0100000000000000
00fb000100010000
00f7000200020000
00ed000500020000
00da000900050000
00c4000e00090000
00a80016000e0000
0086001e00120000
0066002600170000
0046002e001d0000
002c003300200000
001b003900220000
000e003c00240000
0006003d00260000
0001003f00260000
0000003f00260000
0000003e00260000
0000003f00270000
0000003f00270000
0000003f00250000
0000003d00270000
0000003e00260000
0000003e00270000
0000003f00250000
0000003f00260000
0000004000280000
0000003f00260000
0000003f00260000
0000003f00280000
0000004000260000
0000003f00270000
0000004000270000
0000003e00270000
0000003f00260000
0000003e00270000
0000004000280000
0000004000270000
0000004000260000
0000003f00270000
0000004000260000
0002003f00250000
0006003e00250000
000f003b00250000
001a003900230000
002a003300200000
0041002f001e0000
005c002800190000
007c001f00150000
0098001900100000
00b60012000b0000
00cb000d00080000
00e0000800040000
00ef000400040000
00f5000300010000
00fe000100000000
0100000000000000
0100000000000000
0100000000000000
0100000000000000
0100000000000000
0100000000000000
0100000000000000
0100000000000000
0100000000000000
0100000000000000
0100000000000000
0100000000000000
0100000000000000
0100000000000000
0100000000000000
0100000000000000
0100000000000000
0100000000000000
0100000000000000
0100000000000000
0100000000000000
0100000000000000
0100000000000000
0100000000000000
0100000000000000
0100000000000000
0100000000000000
0100000000000000
0100000000000000
0100000000000000
0100000000000000
0100000000000000
0100000000000000
0100000000000000
0100000000000000
0100000000000000
0100000000000000
0100000000000000
0100000000000000
0100000000000000
0100000000000000
0100000000000000
0100000000000000
0100000000000000
0100000000000000
0100000000000000
0100000000000000
0100000000000000
0100000000000000
0100000000000000
0100000000000000
0100000000000000
0100000000000000
0100000000000000
0100000000000000
0100000000000000
0100000000000000
0100000000000000
0100000000000000
0100000000000000
0100000000000000
0100000000000000
0100000000000000
0100000000000000
0100000000000000
0100000000000000
0100000000000000
0100000000000000
0100000000000000
0100000000000000
0100000000000000
0100000000000000
0100000000000000
0100000000000000
00fe000100000000
00fa000200010000
00f4000200020000
00e9000500030000
00d8000900060000
00c5000f00090000
00ad0015000d0000
0090001c00110000
0070002300160000
00530029001a0000
003a0030001f0000
0026003500210000
0017003800220000
000d003a00250000
0006003d00250000
0003003e00250000
0002003e00250000
0001003e00240000
0000003d00270000
0000003f00290000
0000004000250000
0000003e00260000
0000003f00280000
0000003d00260000
0000003f00270000
0000004000270000
0000004000270000
0000004000260000
0000003f00270000
0000003f00280000
0000003f00260000
0000004000260000
0000003f00260000
0000003f00270000
0000003e00270000
0000003f00250000
0001003e00270000
0003003f00270000
0006003d00250000
000d003c00250000
0016003a00220000
0025003600220000
003a0030001e0000
0053002900190000
006d002400150000
008b001c00110000
00a60016000e0000
00bf0011000a0000
00d5000b00070000
00e5000600040000
00ef000300030000
00f8000200010000
00fc000100000000
0100000000000000
0100000000000000
0100000000000000
0100000000000000
0100000000000000
0100000000000000
0100000000000000
0100000000000000
0100000000000000
0100000000000000
0100000000000000
0100000000000000
0100000000000000
0100000000000000
0100000000000000
0100000000000000
0100000000000000
0100000000000000
0100000000000000
0100000000000000
0100000000000000
0100000000000000
0100000000000000
0100000000000000
0100000000000000
0100000000000000
0100000000000000
0100000000000000
0100000000000000
0100000000000000
0100000000000000
0100000000000000
0100000000000000
0100000000000000
0100000000000000
0100000000000000
0100000000000000
0100000000000000
0100000000000000
0100000000000000
0100000000000000
0100000000000000
0100000000000000
0100000000000000
0100000000000000
0100000000000000
0100000000000000
0100000000000000
0100000000000000
0100000000000000
0100000000000000
0100000000000000
0100000000000000
0100000000000000
0100000000000000
0100000000000000
0100000000000000
0100000000000000
0100000000000000
0100000000000000
0100000000000000
0100000000000000
0100000000000000
0100000000000000
0100000000000000
0100000000000000
0100000000000000
0100000000000000
0100000000000000
0100000000000000
0100000000000000
0100000000000000
0100000000000000
0100000000000000
0100000000000000
0100000000000000
00fe000100000000
00fa000200010000
00f4000300020000
00ec000500030000
00de000900050000
00cb000c00070000
00b50012000c0000
009b0018000f0000
0082001f00120000
0065002600170000
004c002d001b0000
00350031001f0000
0024003500220000
0018003900220000
0010003c00240000
000a003b00240000
0007003d00270000
0005003f00270000
0003003f00250000
0002003f00270000
0001003d00270000
0001003f00270000
0000003f00260000
0000003f00280000
0000003f00260000
0000003f00280000
0000004000260000
0000003f00270000
0000003f00260000
0000003f00270000
0000004000260000
0000003e00270000
0001004000250000
0003003f00250000
0005003d00270000
0009003c00250000
0010003c00240000
0018003a00230000
0024003600220000
00350032001e0000
004b002e001b0000
0064002700170000
0080001e00120000
00990019000f0000
00b40011000b0000
00c7000d00080000
00da000a00060000
00e8000600040000
00f1000400030000
00f8000300000000
00fe000100000000
0100000000000000
0100000000000000
0100000000000000
0100000000000000
0100000000000000
0100000000000000
0100000000000000
0100000000000000
0100000000000000
0100000000000000
0100000000000000
0100000000000000
0100000000000000
0100000000000000
0100000000000000
0100000000000000
0100000000000000
0100000000000000
0100000000000000
0100000000000000
0100000000000000
0100000000000000
0100000000000000
0100000000000000
0100000000000000
0100000000000000
0100000000000000
0100000000000000
0100000000000000
0100000000000000
0100000000000000
0100000000000000
0100000000000000
0100000000000000
0100000000000000
0100000000000000
0100000000000000
0100000000000000
0100000000000000
0100000000000000
0100000000000000
0100000000000000
0100000000000000
0100000000000000
0100000000000000
0100000000000000
0100000000000000
0100000000000000
0100000000000000
0100000000000000
0100000000000000
0100000000000000
0100000000000000
0100000000000000
0100000000000000
0100000000000000
0100000000000000
0100000000000000
0100000000000000
0100000000000000
0100000000000000
0100000000000000
0100000000000000
0100000000000000
0100000000000000
0100000000000000
0100000000000000
0100000000000000
0100000000000000
0100000000000000
0100000000000000
0100000000000000
0100000000000000
0100000000000000
0100000000000000
0100000000000000
0100000000000000
0100000000000000
0100000000000000
00fb000200000000
00f4000300020000
00ed000400030000
00e2000700050000
00d3000b00060000
00c0000e000a0000
00aa0015000c0000
0093001b00110000
007b002100140000
0063002700170000
004d002c001b0000
003a0031001f0000
002c0034001f0000
0021003600230000
0018003800230000
0012003b00230000
000d003c00260000
000a003c00230000
0008003c00250000
0006003e00280000
0005003e00250000
0004003e00280000
0003003d00250000
0002003e00260000
0002003f00240000
0002003e00260000
0003003f00270000
0004003d00260000
0006003c00260000
0009003d00250000
000d003c00240000
0010003b00230000
0018003a00240000
001f003700210000
002c003400200000
003a003100200000
004d002c001a0000
0062002800180000
007c002100140000
0093001b00110000
00aa0015000c0000
00c0000f000a0000
00d3000b00060000
00e2000700050000
00ed000400030000
00f4000300020000
00fb000200000000
0100000000000000
0100000000000000
0100000000000000
0100000000000000
0100000000000000
0100000000000000
0100000000000000
0100000000000000
0100000000000000
0100000000000000
0100000000000000
0100000000000000
0100000000000000
0100000000000000
0100000000000000
0100000000000000
0100000000000000
0100000000000000
0100000000000000
0100000000000000
0100000000000000
0100000000000000
0100000000000000
0100000000000000
0100000000000000
0100000000000000
0100000000000000
0100000000000000
0100000000000000
0100000000000000
0100000000000000
0100000000000000
0100000000000000
0100000000000000
0100000000000000
0100000000000000
0100000000000000
0100000000000000
0100000000000000
0100000000000000
0100000000000000
0100000000000000
0100000000000000
0100000000000000
0100000000000000
0100000000000000
0100000000000000
0100000000000000
0100000000000000
0100000000000000
0100000000000000
0100000000000000
0100000000000000
0100000000000000
0100000000000000
0100000000000000
0100000000000000
0100000000000000
0100000000000000
0100000000000000
0100000000000000
0100000000000000
0100000000000000
0100000000000000
0100000000000000
0100000000000000
0100000000000000
0100000000000000
0100000000000000
0100000000000000
0100000000000000
0100000000000000
0100000000000000
0100000000000000
0100000000000000
0100000000000000
0100000000000000
0100000000000000
0100000000000000
0100000000000000
0100000000000000
0100000000000000
00fe000100000000
00f9000100010000
00f1000400030000
00ea000400040000
00de000800050000
00ce000d00070000
00bd000f000a0000
00a90015000c0000
0092001a00110000
007d002000140000
0069002600170000
0056002a001a0000
0047002d001c0000
003b0031001c0000
0030003200200000
0027003500220000
0020003900220000
001b003800230000
0016003a00230000
0013003a00250000
0010003c00230000
000f003b00250000
000f003d00250000
000e003b00240000
0010003b00240000
0012003b00230000
0015003900230000
001a003900220000
001f003800220000
0026003500220000
002e003400200000
003a0030001e0000
0047002e001d0000
0057002900190000
006a002400170000
007d002000140000
0093001a00110000
00a90014000d0000
00bc0010000a0000
00d0000b00070000
00df000800050000
00ea000400040000
00f1000400030000
00f9000100010000
00fe000100000000
0100000000000000
0100000000000000
0100000000000000
0100000000000000
0100000000000000
0100000000000000
0100000000000000
0100000000000000
0100000000000000
0100000000000000
0100000000000000
0100000000000000
0100000000000000
0100000000000000
0100000000000000
0100000000000000
0100000000000000
0100000000000000
0100000000000000
0100000000000000
0100000000000000
0100000000000000
0100000000000000
0100000000000000
0100000000000000
0100000000000000
0100000000000000
0100000000000000
0100000000000000
0100000000000000
0100000000000000
0100000000000000
0100000000000000
0100000000000000
0100000000000000
0100000000000000
0100000000000000
0100000000000000
0100000000000000
0100000000000000
0100000000000000
0100000000000000
0100000000000000
0100000000000000
0100000000000000
0100000000000000
0100000000000000
0100000000000000
0100000000000000
0100000000000000
0100000000000000
0100000000000000
0100000000000000
0100000000000000
0100000000000000
0100000000000000
0100000000000000
0100000000000000
0100000000000000
0100000000000000
0100000000000000
0100000000000000
0100000000000000
0100000000000000
0100000000000000
0100000000000000
0100000000000000
0100000000000000
0100000000000000
0100000000000000
0100000000000000
0100000000000000
0100000000000000
0100000000000000
0100000000000000
0100000000000000
0100000000000000
0100000000000000
0100000000000000
0100000000000000
0100000000000000
0100000000000000
0100000000000000
0100000000000000
0100000000000000
00fc000100000000
00f7000300010000
00f0000400030000
00e7000500040000
00dd000900050000
00cc000c00070000
00bf000f000a0000
00ae0015000b0000
009a001800100000
0089001e00110000
007a002000140000
006b002400150000
005e002700190000
0052002b001b0000
0049002d001c0000
003f002f001d0000
00390031001f0000
00330033001f0000
002f003200200000
002c003500200000
002b003400210000
002c003500210000
002e0034001f0000
0032003300210000
00380030001e0000
003f002f001c0000
0047002e001c0000
0051002a001a0000
005e002900190000
006b002500170000
007b002100150000
0089001f00110000
009a0019000f0000
00ad0014000b0000
00c0000f000a0000
00cd000c00070000
00dd000900050000
00e7000500040000
00f0000400030000
00f7000300010000
00fc000100000000
0100000000000000
0100000000000000
0100000000000000
0100000000000000
0100000000000000
0100000000000000
0100000000000000
0100000000000000
0100000000000000
0100000000000000
0100000000000000
0100000000000000
0100000000000000
0100000000000000
0100000000000000
0100000000000000
0100000000000000
0100000000000000
0100000000000000
0100000000000000
0100000000000000
0100000000000000
0100000000000000
0100000000000000
0100000000000000
0100000000000000
0100000000000000
0100000000000000
0100000000000000
0100000000000000
0100000000000000
0100000000000000
0100000000000000
0100000000000000
0100000000000000
0100000000000000
0100000000000000
0100000000000000
0100000000000000
0100000000000000
0100000000000000
0100000000000000
0100000000000000
0100000000000000
0100000000000000
0100000000000000
0100000000000000
0100000000000000
0100000000000000
0100000000000000
0100000000000000
0100000000000000
0100000000000000
0100000000000000
0100000000000000
0100000000000000
0100000000000000
0100000000000000
0100000000000000
0100000000000000
0100000000000000
0100000000000000
0100000000000000
0100000000000000
0100000000000000
0100000000000000
0100000000000000
0100000000000000
0100000000000000
0100000000000000
0100000000000000
0100000000000000
0100000000000000
0100000000000000
0100000000000000
0100000000000000
0100000000000000
0100000000000000
0100000000000000
0100000000000000
0100000000000000
0100000000000000
0100000000000000
0100000000000000
0100000000000000
0100000000000000
0100000000000000
0100000000000000
0100000000000000
00fb000100010000
00f6000300010000
00ef000400030000
00e6000600040000
00dd000900070000
00d0000a00070000
00c5000e00090000
00b90011000b0000
00ab0015000e0000
009d0018000e0000
0092001900110000
0087001e00110000
007c002000130000
0072002300160000
006a002600170000
0063002800170000
005e002700190000
005b002800170000
005b002800190000
005a002900190000
005f002800180000
0062002700180000
006b002500160000
0071002300160000
007c002100130000
0087001d00120000
0091001b00110000
009e0018000e0000
00a90015000d0000
00b90011000c0000
00c5000e00090000
00d0000b00070000
00dd000800060000
00e6000600040000
00ef000300030000
00f6000300020000
00fb000200000000
0100000000000000
0100000000000000
0100000000000000
0100000000000000
0100000000000000
0100000000000000
0100000000000000
0100000000000000
0100000000000000
0100000000000000
0100000000000000
0100000000000000
0100000000000000
0100000000000000
0100000000000000
0100000000000000
0100000000000000
0100000000000000
0100000000000000
0100000000000000
0100000000000000
0100000000000000
0100000000000000
0100000000000000
0100000000000000
0100000000000000
0100000000000000
0100000000000000
0100000000000000
0100000000000000
0100000000000000
0100000000000000
0100000000000000
0100000000000000
0100000000000000
0100000000000000
0100000000000000
0100000000000000
0100000000000000
0100000000000000
0100000000000000
0100000000000000
0100000000000000
0100000000000000
0100000000000000
0100000000000000
0100000000000000
0100000000000000
0100000000000000
0100000000000000
0100000000000000
0100000000000000
0100000000000000
0100000000000000
0100000000000000
0100000000000000
0100000000000000
0100000000000000
0100000000000000
0100000000000000
0100000000000000
0100000000000000
0100000000000000
0100000000000000
0100000000000000
0100000000000000
0100000000000000
0100000000000000
0100000000000000
0100000000000000
0100000000000000
0100000000000000
0100000000000000
0100000000000000
0100000000000000
0100000000000000
0100000000000000
0100000000000000
0100000000000000
0100000000000000
0100000000000000
0100000000000000
0100000000000000
0100000000000000
0100000000000000
0100000000000000
0100000000000000
0100000000000000
0100000000000000
0100000000000000
0100000000000000
0100000000000000
00fe000100000000
00fb000100010000
00f6000200020000
00f1000300020000
00eb000500040000
00e5000600040000
00db000800050000
00d0000c00070000
00c9000d00090000
00bf001000090000
00b50011000c0000
00ae0015000d0000
00a60015000d0000
009f0018000f0000
0099001900100000
0093001c00100000
0092001b00100000
008e001b00100000
0093001b00100000
0094001a00110000
0098001800100000
009e0018000e0000
00a50016000e0000
00ae0014000c0000
00b50012000c0000
00be0010000a0000
00c8000e00090000
00d1000b00070000
00db000800050000
00e5000600040000
00eb000500040000
00f1000300020000
00f6000200020000
00fb000100010000
00fe000100000000
0100000000000000
0100000000000000
0100000000000000
0100000000000000
0100000000000000
0100000000000000
0100000000000000
0100000000000000
0100000000000000
0100000000000000
0100000000000000
0100000000000000
0100000000000000
0100000000000000
0100000000000000
0100000000000000
0100000000000000
0100000000000000
0100000000000000
0100000000000000
0100000000000000
0100000000000000
0100000000000000
0100000000000000
0100000000000000
0100000000000000
0100000000000000
0100000000000000
0100000000000000
0100000000000000
0100000000000000
0100000000000000
0100000000000000
0100000000000000
0100000000000000
0100000000000000
0100000000000000
0100000000000000
0100000000000000
0100000000000000
0100000000000000
0100000000000000
0100000000000000
0100000000000000
0100000000000000
0100000000000000
0100000000000000
0100000000000000
0100000000000000
0100000000000000
0100000000000000
0100000000000000
0100000000000000
0100000000000000
0100000000000000
0100000000000000
0100000000000000
0100000000000000
0100000000000000
0100000000000000
0100000000000000
0100000000000000
0100000000000000
0100000000000000
0100000000000000
0100000000000000
0100000000000000
0100000000000000
0100000000000000
0100000000000000
0100000000000000
0100000000000000
0100000000000000
0100000000000000
0100000000000000
0100000000000000
0100000000000000
0100000000000000
0100000000000000
0100000000000000
0100000000000000
0100000000000000
0100000000000000
0100000000000000
0100000000000000
0100000000000000
0100000000000000
0100000000000000
0100000000000000
0100000000000000
0100000000000000
0100000000000000
0100000000000000
0100000000000000
0100000000000000
00fe000100000000
00fb000200000000
00f9000200000000
00f5000300020000
00ef000300030000
00ea000400040000
00e7000600040000
00e0000700040000
00d9000a00050000
00d2000a00070000
00cd000d00080000
00c9000d00080000
00c4000f00080000
00c0001000090000
00c0000f000a0000
00c00010000a0000
00c0001000090000
00c0000f000a0000
00c3000f000a0000
00c8000d00070000
00cd000c00080000
00d1000a00060000
00d8000a00060000
00e0000700050000
00e7000600040000
00ea000400040000
00ef000300030000
00f5000300020000
00f9000100010000
00fb000100010000
00fe000100000000
0100000000000000
0100000000000000
0100000000000000
0100000000000000
0100000000000000
0100000000000000
0100000000000000
0100000000000000
0100000000000000
0100000000000000
0100000000000000
0100000000000000
0100000000000000
0100000000000000
0100000000000000
0100000000000000
0100000000000000
0100000000000000
0100000000000000
0100000000000000
0100000000000000
0100000000000000
0100000000000000
0100000000000000
0100000000000000
0100000000000000
0100000000000000
0100000000000000
0100000000000000
0100000000000000
0100000000000000
0100000000000000
0100000000000000
0100000000000000
0100000000000000
0100000000000000
0100000000000000
0100000000000000
0100000000000000
0100000000000000
0100000000000000
0100000000000000
0100000000000000
0100000000000000
0100000000000000
0100000000000000
0100000000000000
0100000000000000
0100000000000000
0100000000000000
0100000000000000
0100000000000000
0100000000000000
0100000000000000
0100000000000000
0100000000000000
0100000000000000
0100000000000000
0100000000000000
0100000000000000
0100000000000000
0100000000000000
0100000000000000
0100000000000000
0100000000000000
0100000000000000
0100000000000000
0100000000000000
0100000000000000
0100000000000000
0100000000000000
0100000000000000
0100000000000000
0100000000000000
0100000000000000
0100000000000000
0100000000000000
0100000000000000
0100000000000000
0100000000000000
0100000000000000
0100000000000000
0100000000000000
0100000000000000
0100000000000000
0100000000000000
0100000000000000
0100000000000000
0100000000000000
0100000000000000
0100000000000000
0100000000000000
0100000000000000
0100000000000000
0100000000000000
0100000000000000
0100000000000000
0100000000000000
0100000000000000
0100000000000000
0100000000000000
00fe000100000000
00fb000200000000
00f7000300010000
00f4000300030000
00f0000400030000
00ed000400040000
00e9000600040000
00e7000600040000
00e2000700040000
00e0000700050000
00e1000800040000
00e0000700040000
00e1000800050000
00e0000800040000
00e2000700040000
00e7000600040000
00e9000500040000
00ee000400030000
00f2000300030000
00f4000300020000
00f7000200010000
00fb000100010000
00fe000100000000
0100000000000000
0100000000000000
0100000000000000
0100000000000000
0100000000000000
0100000000000000
0100000000000000
0100000000000000
0100000000000000
0100000000000000
0100000000000000
0100000000000000
0100000000000000
0100000000000000
0100000000000000
0100000000000000
0100000000000000
0100000000000000
0100000000000000
0100000000000000
0100000000000000
0100000000000000
0100000000000000
0100000000000000
0100000000000000
0100000000000000
0100000000000000
0100000000000000
0100000000000000
0100000000000000
0100000000000000
0100000000000000
0100000000000000
0100000000000000
0100000000000000
0100000000000000
0100000000000000
0100000000000000
0100000000000000
0100000000000000
0100000000000000
0100000000000000
0100000000000000
0100000000000000
0100000000000000
0100000000000000
0100000000000000
0100000000000000
0100000000000000
0100000000000000
0100000000000000
0100000000000000
0100000000000000
0100000000000000
0100000000000000
0100000000000000
0100000000000000
0100000000000000
0100000000000000
0100000000000000
0100000000000000
0100000000000000
0100000000000000
0100000000000000
0100000000000000
0100000000000000
0100000000000000
0100000000000000
0100000000000000
0100000000000000
0100000000000000
0100000000000000
0100000000000000
0100000000000000
0100000000000000
0100000000000000
0100000000000000
0100000000000000
0100000000000000
0100000000000000
0100000000000000
0100000000000000
0100000000000000
0100000000000000
0100000000000000
0100000000000000
0100000000000000
0100000000000000
0100000000000000
0100000000000000
0100000000000000
0100000000000000
0100000000000000
0100000000000000
0100000000000000
0100000000000000
0100000000000000
0100000000000000
0100000000000000
0100000000000000
0100000000000000
0100000000000000
0100000000000000
0100000000000000
0100000000000000
0100000000000000
0100000000000000
0100000000000000
00fe000100000000
00fc000100000000
00fa000200010000
00f8000300000000
00f6000300020000
00f5000300010000
00f3000300030000
00f2000400030000
00f2000400030000
00f2000300030000
00f3000400020000
00f5000300010000
00f6000300020000
00f8000200010000
00fa000200010000
00fc000100000000
00fe000100000000
0100000000000000
0100000000000000
0100000000000000
0100000000000000
0100000000000000
0100000000000000
0100000000000000
0100000000000000
0100000000000000
0100000000000000
0100000000000000
0100000000000000
0100000000000000
0100000000000000
0100000000000000
0100000000000000
0100000000000000
0100000000000000
0100000000000000
0100000000000000
0100000000000000
0100000000000000
0100000000000000
0100000000000000
0100000000000000
0100000000000000
0100000000000000
0100000000000000
0100000000000000
0100000000000000
0100000000000000
0100000000000000
0100000000000000
0100000000000000
0100000000000000
0100000000000000
0100000000000000
0100000000000000
0100000000000000
0100000000000000
0100000000000000
0100000000000000
0100000000000000
0100000000000000
0100000000000000
0100000000000000
0100000000000000
0100000000000000
0100000000000000
0100000000000000
0100000000000000
0100000000000000
0100000000000000
0100000000000000
0100000000000000
0100000000000000
0100000000000000
0100000000000000
0100000000000000
0100000000000000
0100000000000000
0100000000000000
0100000000000000
0100000000000000
0100000000000000
0100000000000000
0100000000000000
0100000000000000
0100000000000000
0100000000000000
0100000000000000
0100000000000000
0100000000000000
0100000000000000
0100000000000000
0100000000000000
0100000000000000
0100000000000000
0100000000000000
0100000000000000
0100000000000000
0100000000000000
0100000000000000
0100000000000000
0100000000000000
0100000000000000
0100000000000000
0100000000000000
0100000000000000
0100000000000000
0100000000000000
0100000000000000
0100000000000000
0100000000000000
0100000000000000
0100000000000000
0100000000000000
0100000000000000
0100000000000000
0100000000000000
0100000000000000
0100000000000000
0100000000000000
0100000000000000
0100000000000000
0100000000000000
0100000000000000
0100000000000000
0100000000000000
0100000000000000
0100000000000000
0100000000000000
0100000000000000
0100000000000000
0100000000000000
0100000000000000
0100000000000000
0100000000000000
0100000000000000
0100000000000000
0100000000000000
0100000000000000
0100000000000000
0100000000000000
0100000000000000
0100000000000000
0100000000000000
0100000000000000
0100000000000000
0100000000000000
0100000000000000
0100000000000000
0100000000000000
0100000000000000
0100000000000000
0100000000000000
0100000000000000
0100000000000000
0100000000000000
0100000000000000
0100000000000000
0100000000000000
0100000000000000
0100000000000000
0100000000000000
0100000000000000
0100000000000000
0100000000000000
0100000000000000
0100000000000000
0100000000000000
0100000000000000
0100000000000000
0100000000000000
0100000000000000
0100000000000000
0100000000000000
0100000000000000
0100000000000000
0100000000000000
0100000000000000
0100000000000000
0100000000000000
0100000000000000
0100000000000000
0100000000000000
0100000000000000
0100000000000000
0100000000000000
0100000000000000
0100000000000000
0100000000000000
0100000000000000
0100000000000000
0100000000000000
0100000000000000
0100000000000000
0100000000000000
0100000000000000
0100000000000000
0100000000000000
0100000000000000
0100000000000000
0100000000000000
0100000000000000
0100000000000000
0100000000000000
0100000000000000
0100000000000000
0100000000000000
0100000000000000
0100000000000000
0100000000000000
0100000000000000
0100000000000000
0100000000000000
0100000000000000
0100000000000000
0100000000000000
0100000000000000
0100000000000000
0100000000000000
0100000000000000
0100000000000000
0100000000000000
0100000000000000
0100000000000000
0100000000000000
0100000000000000
0100000000000000
0100000000000000
0100000000000000
0100000000000000
0100000000000000
0100000000000000
0100000000000000
0100000000000000
0100000000000000
0100000000000000
0100000000000000
0100000000000000
0100000000000000
0100000000000000
0100000000000000
0100000000000000
0100000000000000
0100000000000000
0100000000000000
0100000000000000
0100000000000000
0100000000000000
0100000000000000
0100000000000000
0100000000000000
0100000000000000
0100000000000000
0100000000000000
0100000000000000
0100000000000000
0100000000000000
0100000000000000
0100000000000000
0100000000000000
0100000000000000
0100000000000000
0100000000000000
0100000000000000
0100000000000000
0100000000000000
0100000000000000
0100000000000000
0100000000000000
0100000000000000
0100000000000000
0100000000000000
0100000000000000
0100000000000000
0100000000000000
0100000000000000
0100000000000000
0100000000000000
0100000000000000
0100000000000000
0100000000000000
0100000000000000
0100000000000000
0100000000000000
0100000000000000
0100000000000000
0100000000000000
0100000000000000
0100000000000000
0100000000000000
0100000000000000
0100000000000000
0100000000000000
0100000000000000
0100000000000000
0100000000000000
0100000000000000
0100000000000000
0100000000000000
0100000000000000
0100000000000000
0100000000000000
0100000000000000
0100000000000000
0100000000000000
0100000000000000
0100000000000000
0100000000000000
0100000000000000
0100000000000000
0100000000000000
0100000000000000
0100000000000000
0100000000000000
0100000000000000
0100000000000000
0100000000000000
0100000000000000
0100000000000000
0100000000000000
0100000000000000
0100000000000000
0100000000000000
0100000000000000
0100000000000000
0100000000000000
0100000000000000
0100000000000000
0100000000000000
0100000000000000
0100000000000000
0100000000000000
0100000000000000
0100000000000000
0100000000000000
0100000000000000
0100000000000000
0100000000000000
0100000000000000
0100000000000000
0100000000000000
0100000000000000
0100000000000000
0100000000000000
0100000000000000
0100000000000000
0100000000000000
0100000000000000
0100000000000000
0100000000000000
0100000000000000
0100000000000000
0100000000000000
0100000000000000
0100000000000000
0100000000000000
0100000000000000
0100000000000000
0100000000000000
0100000000000000
0100000000000000
0100000000000000
0100000000000000
0100000000000000
0100000000000000
0100000000000000
0100000000000000
0100000000000000
0100000000000000
0100000000000000
0100000000000000
0100000000000000
0100000000000000
0100000000000000
0100000000000000
0100000000000000
0100000000000000
0100000000000000
0100000000000000
0100000000000000
0100000000000000
0100000000000000
0100000000000000
0100000000000000
0100000000000000
0100000000000000
0100000000000000
0100000000000000
0100000000000000
0100000000000000
0100000000000000
0100000000000000
0100000000000000
0100000000000000
0100000000000000
0100000000000000
0100000000000000
0100000000000000
0100000000000000
0100000000000000
0100000000000000
0100000000000000
0100000000000000
0100000000000000
0100000000000000
0100000000000000
0100000000000000
0100000000000000
0100000000000000
0100000000000000
0100000000000000
0100000000000000
0100000000000000
0100000000000000
0100000000000000
0100000000000000
0100000000000000
0100000000000000
0100000000000000
0100000000000000
0100000000000000
0100000000000000
0100000000000000
0100000000000000
0100000000000000
0100000000000000
0100000000000000
0100000000000000
0100000000000000
0100000000000000
0100000000000000
0100000000000000
0100000000000000
0100000000000000
0100000000000000
0100000000000000
0100000000000000
0100000000000000
0100000000000000
0100000000000000
0100000000000000
0100000000000000
0100000000000000
0100000000000000
0100000000000000
0100000000000000
0100000000000000
0100000000000000
0100000000000000
0100000000000000
0100000000000000
0100000000000000
0100000000000000
0100000000000000
0100000000000000
0100000000000000
0100000000000000
0100000000000000
0100000000000000
0100000000000000
0100000000000000
0100000000000000
0100000000000000
0100000000000000
0100000000000000
0100000000000000
0100000000000000
0100000000000000
0100000000000000
0100000000000000
0100000000000000
0100000000000000
0100000000000000
0100000000000000
0100000000000000
0100000000000000
0100000000000000
0100000000000000
0100000000000000
0100000000000000
0100000000000000
0100000000000000
0100000000000000
0100000000000000
0100000000000000
0100000000000000
0100000000000000
0100000000000000
0100000000000000
0100000000000000
0100000000000000
0100000000000000
0100000000000000
0100000000000000
0100000000000000
0100000000000000
0100000000000000
0100000000000000
0100000000000000
0100000000000000
0100000000000000
0100000000000000
0100000000000000
0100000000000000
0100000000000000
0100000000000000
0100000000000000
0100000000000000
0100000000000000
0100000000000000
0100000000000000
0100000000000000
0100000000000000
0100000000000000
0100000000000000
0100000000000000
0100000000000000
0100000000000000
0100000000000000
0100000000000000
0100000000000000
0100000000000000
0100000000000000
0100000000000000
0100000000000000
0100000000000000
0100000000000000
0100000000000000
0100000000000000
0100000000000000
0100000000000000
0100000000000000
0100000000000000
0100000000000000
0100000000000000
0100000000000000
0100000000000000
0100000000000000
0100000000000000
0100000000000000
0100000000000000
0100000000000000
0100000000000000
0100000000000000
0100000000000000
0100000000000000
0100000000000000
0100000000000000
0100000000000000
0100000000000000
0100000000000000
0100000000000000
0100000000000000
0100000000000000
0100000000000000
0100000000000000
0100000000000000
0100000000000000
0100000000000000
0100000000000000
0100000000000000
0100000000000000
0100000000000000
0100000000000000
0100000000000000
0100000000000000
0100000000000000
0100000000000000
0100000000000000
0100000000000000
0100000000000000
0100000000000000
0100000000000000
0100000000000000
0100000000000000
0100000000000000
0100000000000000
0100000000000000
0100000000000000
0100000000000000
0100000000000000
0100000000000000
0100000000000000
0100000000000000
0100000000000000
0100000000000000
0100000000000000
0100000000000000
0100000000000000
0100000000000000
0100000000000000
0100000000000000
0100000000000000
0100000000000000
0100000000000000
0100000000000000
0100000000000000
0100000000000000
0100000000000000
0100000000000000
0100000000000000
0100000000000000
0100000000000000
0100000000000000
0100000000000000
0100000000000000
0100000000000000
0100000000000000
0100000000000000
0100000000000000
0100000000000000
0100000000000000
0100000000000000
0100000000000000
0100000000000000
0100000000000000
0100000000000000
0100000000000000
0100000000000000
0100000000000000
0100000000000000
0100000000000000
0100000000000000
0100000000000000
0100000000000000
0100000000000000
0100000000000000
0100000000000000
0100000000000000
0100000000000000
0100000000000000
0100000000000000
0100000000000000
0100000000000000
0100000000000000
0100000000000000
0100000000000000
0100000000000000
0100000000000000
0100000000000000
0100000000000000
0100000000000000
0100000000000000
0100000000000000
0100000000000000
0100000000000000
0100000000000000
0100000000000000
0100000000000000
0100000000000000
0100000000000000
0100000000000000
0100000000000000
0100000000000000
0100000000000000
0100000000000000
0100000000000000
0100000000000000
0100000000000000
0100000000000000
0100000000000000
0100000000000000
0100000000000000
0100000000000000
0100000000000000
0100000000000000
0100000000000000
0100000000000000
0100000000000000
0100000000000000
0100000000000000
0100000000000000
0100000000000000
0100000000000000
0100000000000000
0100000000000000
0100000000000000
0100000000000000
0100000000000000
0100000000000000
0100000000000000
0100000000000000
0100000000000000
0100000000000000
0100000000000000
0100000000000000
0100000000000000
0100000000000000
0100000000000000
0100000000000000
0100000000000000
0100000000000000
0100000000000000
0100000000000000
0100000000000000
0100000000000000
0100000000000000
0100000000000000
0100000000000000
0100000000000000
0100000000000000
0100000000000000
0100000000000000
0100000000000000
0100000000000000
0100000000000000
0100000000000000
0100000000000000
0100000000000000
0100000000000000
0100000000000000
0100000000000000
0100000000000000
0100000000000000
0100000000000000
0100000000000000
0100000000000000
0100000000000000
0100000000000000
0100000000000000
0100000000000000
0100000000000000
0100000000000000
0100000000000000
0100000000000000
0100000000000000
0100000000000000
0100000000000000
0100000000000000
0100000000000000
0100000000000000
0100000000000000
0100000000000000
0100000000000000
0100000000000000
0100000000000000
0100000000000000
0100000000000000
0100000000000000
0100000000000000
0100000000000000
0100000000000000
0100000000000000
0100000000000000
0100000000000000
0100000000000000
0100000000000000
0100000000000000
0100000000000000
0100000000000000
0100000000000000
0100000000000000
0100000000000000
0100000000000000
0100000000000000
0100000000000000
0100000000000000
0100000000000000
0100000000000000
0100000000000000
0100000000000000
0100000000000000
0100000000000000
0100000000000000
0100000000000000
0100000000000000
0100000000000000
0100000000000000
0100000000000000
0100000000000000
0100000000000000
0100000000000000
0100000000000000
0100000000000000
0100000000000000
0100000000000000
0100000000000000
0100000000000000
0100000000000000
0100000000000000
0100000000000000
0100000000000000
0100000000000000
0100000000000000
0100000000000000
0100000000000000
0100000000000000
0100000000000000
0100000000000000
0100000000000000
0100000000000000
0100000000000000
0100000000000000
0100000000000000
0100000000000000
0100000000000000
0100000000000000
0100000000000000
0100000000000000
0100000000000000
0100000000000000
0100000000000000
0100000000000000
0100000000000000
0100000000000000
0100000000000000
0100000000000000
0100000000000000
0100000000000000
0100000000000000
0100000000000000
0100000000000000
0100000000000000
0100000000000000
0100000000000000
0100000000000000
0100000000000000
0100000000000000
0100000000000000
0100000000000000
0100000000000000
0100000000000000
0100000000000000
0100000000000000
0100000000000000
0100000000000000
0100000000000000
0100000000000000
0100000000000000
0100000000000000
0100000000000000
0100000000000000
0100000000000000
0100000000000000
0100000000000000
0100000000000000
0100000000000000
0100000000000000
0100000000000000
0100000000000000
0100000000000000
0100000000000000
0100000000000000
0100000000000000
0100000000000000
0100000000000000
0100000000000000
0100000000000000
0100000000000000
0100000000000000
0100000000000000
0100000000000000
0100000000000000
0100000000000000
0100000000000000
0100000000000000
0100000000000000
0100000000000000
0100000000000000
0100000000000000
0100000000000000
0100000000000000
0100000000000000
0100000000000000
0100000000000000
0100000000000000
0100000000000000
0100000000000000
0100000000000000
0100000000000000
0100000000000000
0100000000000000
0100000000000000
0100000000000000
0100000000000000
0100000000000000
0100000000000000
0100000000000000
0100000000000000
0100000000000000
0100000000000000
0100000000000000
0100000000000000
0100000000000000
0100000000000000
0100000000000000
0100000000000000
0100000000000000
0100000000000000
0100000000000000
0100000000000000
0100000000000000
0100000000000000
0100000000000000
0100000000000000
0100000000000000
0100000000000000
0100000000000000
0100000000000000
0100000000000000
0100000000000000
0100000000000000
0100000000000000
0100000000000000
0100000000000000
0100000000000000
0100000000000000
0100000000000000
0100000000000000
0100000000000000
0100000000000000
0100000000000000
0100000000000000
0100000000000000
0100000000000000
0100000000000000
0100000000000000
0100000000000000
0100000000000000
0100000000000000
0100000000000000
0100000000000000
0100000000000000
0100000000000000
0100000000000000
0100000000000000
0100000000000000
0100000000000000
0100000000000000
0100000000000000
0100000000000000
0100000000000000
0100000000000000
0100000000000000
0100000000000000
0100000000000000
0100000000000000
0100000000000000
0100000000000000
0100000000000000
0100000000000000
0100000000000000
0100000000000000
0100000000000000
0100000000000000
0100000000000000
0100000000000000
0100000000000000
0100000000000000
0100000000000000
0100000000000000
0100000000000000
0100000000000000
0100000000000000
0100000000000000
0100000000000000
0100000000000000
0100000000000000
0100000000000000
0100000000000000
0100000000000000
0100000000000000
0100000000000000
0100000000000000
0100000000000000
0100000000000000
0100000000000000
0100000000000000
0100000000000000
0100000000000000
0100000000000000
0100000000000000
0100000000000000
0100000000000000
0100000000000000
0100000000000000
0100000000000000
0100000000000000
0100000000000000
0100000000000000
0100000000000000
0100000000000000
0100000000000000
0100000000000000
0100000000000000
0100000000000000
0100000000000000
0100000000000000
0100000000000000
0100000000000000
0100000000000000
0100000000000000
0100000000000000
0100000000000000
0100000000000000
0100000000000000
0100000000000000
0100000000000000
0100000000000000
0100000000000000
0100000000000000
0100000000000000
0100000000000000
0100000000000000
0100000000000000
0100000000000000
0100000000000000
0100000000000000
0100000000000000
0100000000000000
0100000000000000
0100000000000000
0100000000000000
0100000000000000
0100000000000000
0100000000000000
0100000000000000
0100000000000000
0100000000000000
0100000000000000
0100000000000000
0100000000000000
0100000000000000
0100000000000000
0100000000000000
0100000000000000
0100000000000000
0100000000000000
0100000000000000
0100000000000000
0100000000000000
0100000000000000
0100000000000000
0100000000000000
0100000000000000
0100000000000000
0100000000000000
0100000000000000
0100000000000000
0100000000000000
0100000000000000
0100000000000000
0100000000000000
0100000000000000
0100000000000000
0100000000000000
0100000000000000
0100000000000000
0100000000000000
0100000000000000
0100000000000000
0100000000000000
0100000000000000
0100000000000000
0100000000000000
0100000000000000
0100000000000000
0100000000000000
0100000000000000
0100000000000000
0100000000000000
0100000000000000
0100000000000000
0100000000000000
0100000000000000
0100000000000000
0100000000000000
0100000000000000
0100000000000000
0100000000000000
0100000000000000
0100000000000000
0100000000000000
0100000000000000
0100000000000000
0100000000000000
0100000000000000
0100000000000000
0100000000000000
0100000000000000
0100000000000000
0100000000000000
0100000000000000
0100000000000000
0100000000000000
0100000000000000
0100000000000000
0100000000000000
0100000000000000
0100000000000000
0100000000000000
0100000000000000
0100000000000000
0100000000000000
0100000000000000
0100000000000000
0100000000000000
0100000000000000
0100000000000000
0100000000000000
0100000000000000
0100000000000000
0100000000000000
0100000000000000
0100000000000000
0100000000000000
0100000000000000
0100000000000000
0100000000000000
0100000000000000
0100000000000000
0100000000000000
0100000000000000
0100000000000000
0100000000000000
0100000000000000
0100000000000000
0100000000000000
0100000000000000
0100000000000000
0100000000000000
0100000000000000
0100000000000000
0100000000000000
0100000000000000
0100000000000000
0100000000000000
0100000000000000
0100000000000000
0100000000000000
0100000000000000
0100000000000000
0100000000000000
0100000000000000
0100000000000000
0100000000000000
0100000000000000
0100000000000000
0100000000000000
0100000000000000
0100000000000000
0100000000000000
0100000000000000
0100000000000000
0100000000000000
0100000000000000
0100000000000000
0100000000000000
0100000000000000
0100000000000000
0100000000000000
0100000000000000
0100000000000000
0100000000000000
0100000000000000
0100000000000000
0100000000000000
0100000000000000
0100000000000000
0100000000000000
0100000000000000
0100000000000000
0100000000000000
0100000000000000
0100000000000000
0100000000000000
0100000000000000
0100000000000000
0100000000000000
0100000000000000
0100000000000000
0100000000000000
0100000000000000
0100000000000000
0100000000000000
0100000000000000
0100000000000000
0100000000000000
0100000000000000
0100000000000000
0100000000000000
0100000000000000
0100000000000000
0100000000000000
0100000000000000
0100000000000000
0100000000000000
0100000000000000
0100000000000000
0100000000000000
0100000000000000
0100000000000000
0100000000000000
0100000000000000
0100000000000000
0100000000000000
0100000000000000
0100000000000000
0100000000000000
0100000000000000
0100000000000000
0100000000000000
0100000000000000
0100000000000000
0100000000000000
0100000000000000
0100000000000000
0100000000000000
0100000000000000
0100000000000000
0100000000000000
0100000000000000
0100000000000000
0100000000000000
0100000000000000
0100000000000000
0100000000000000
0100000000000000
0100000000000000
0100000000000000
0100000000000000
0100000000000000
0100000000000000
0100000000000000
0100000000000000
0100000000000000
0100000000000000
0100000000000000
0100000000000000
0100000000000000
0100000000000000
0100000000000000
0100000000000000
0100000000000000
0100000000000000
0100000000000000
0100000000000000
0100000000000000
0100000000000000
0100000000000000
0100000000000000
0100000000000000
0100000000000000
0100000000000000
0100000000000000
0100000000000000
0100000000000000
0100000000000000
0100000000000000
0100000000000000
0100000000000000
0100000000000000
0100000000000000
0100000000000000
0100000000000000
0100000000000000
0100000000000000
0100000000000000
0100000000000000
0100000000000000
0100000000000000
0100000000000000
0100000000000000
0100000000000000
0100000000000000
0100000000000000
0100000000000000
0100000000000000
0100000000000000
0100000000000000
0100000000000000
0100000000000000
0100000000000000
0100000000000000
0100000000000000
0100000000000000
0100000000000000
0100000000000000
0100000000000000
0100000000000000
0100000000000000
0100000000000000
0100000000000000
0100000000000000
0100000000000000
0100000000000000
0100000000000000
0100000000000000
0100000000000000
0100000000000000
0100000000000000
0100000000000000
0100000000000000
0100000000000000
0100000000000000
0100000000000000
0100000000000000
0100000000000000
0100000000000000
0100000000000000
0100000000000000
0100000000000000
0100000000000000
0100000000000000
0100000000000000
0100000000000000
0100000000000000
0100000000000000
0100000000000000
0100000000000000
0100000000000000
0100000000000000
0100000000000000
0100000000000000
0100000000000000
0100000000000000
0100000000000000
0100000000000000
0100000000000000
0100000000000000
0100000000000000
0100000000000000
0100000000000000
0100000000000000
0100000000000000
0100000000000000
0100000000000000
0100000000000000
0100000000000000
0100000000000000
0100000000000000
0100000000000000
0100000000000000
0100000000000000
0100000000000000
0100000000000000
0100000000000000
0100000000000000
0100000000000000
0100000000000000
0100000000000000
0100000000000000
0100000000000000
0100000000000000
0100000000000000
0100000000000000
0100000000000000
0100000000000000
0100000000000000
0100000000000000
0100000000000000
0100000000000000
0100000000000000
0100000000000000
0100000000000000
0100000000000000
0100000000000000
0100000000000000
0100000000000000
0100000000000000
0100000000000000
0100000000000000
0100000000000000
0100000000000000
0100000000000000
0100000000000000
0100000000000000
0100000000000000
0100000000000000
0100000000000000
0100000000000000
0100000000000000
0100000000000000
0100000000000000
0100000000000000
0100000000000000
0100000000000000
0100000000000000
0100000000000000
0100000000000000
0100000000000000
0100000000000000
0100000000000000
0100000000000000
0100000000000000
0100000000000000
0100000000000000
0100000000000000
0100000000000000
0100000000000000
0100000000000000
0100000000000000
0100000000000000
0100000000000000
0100000000000000
0100000000000000
0100000000000000
0100000000000000
0100000000000000
0100000000000000
0100000000000000
0100000000000000
0100000000000000
0100000000000000
0100000000000000
0100000000000000
0100000000000000
0100000000000000
0100000000000000
0100000000000000
0100000000000000
0100000000000000
0100000000000000
0100000000000000
0100000000000000
0100000000000000
0100000000000000
0100000000000000
0100000000000000
0100000000000000
0100000000000000
0100000000000000
0100000000000000
0100000000000000
0100000000000000
0100000000000000
0100000000000000
0100000000000000
0100000000000000
0100000000000000
0100000000000000
0100000000000000
0100000000000000
0100000000000000
0100000000000000
0100000000000000
0100000000000000
0100000000000000
0100000000000000
0100000000000000
0100000000000000
0100000000000000
0100000000000000
0100000000000000
0100000000000000
0100000000000000
0100000000000000
0100000000000000
0100000000000000
0100000000000000
0100000000000000
0100000000000000
0100000000000000
0100000000000000
0100000000000000
0100000000000000
0100000000000000
0100000000000000
0100000000000000
0100000000000000
0100000000000000
0100000000000000
0100000000000000
0100000000000000
0100000000000000
0100000000000000
0100000000000000
0100000000000000
0100000000000000
0100000000000000
0100000000000000
0100000000000000
0100000000000000
0100000000000000
0100000000000000
0100000000000000
0100000000000000
0100000000000000
0100000000000000
0100000000000000
0100000000000000
0100000000000000
0100000000000000
0100000000000000
0100000000000000
0100000000000000
0100000000000000
0100000000000000
0100000000000000
0100000000000000
0100000000000000
0100000000000000
0100000000000000
0100000000000000
0100000000000000
0100000000000000
0100000000000000
0100000000000000
0100000000000000
0100000000000000
0100000000000000
0100000000000000
0100000000000000
0100000000000000
0100000000000000
0100000000000000
0100000000000000
0100000000000000
0100000000000000
0100000000000000
0100000000000000
0100000000000000
0100000000000000
0100000000000000
0100000000000000
0100000000000000
0100000000000000
0100000000000000
0100000000000000
0100000000000000
0100000000000000
0100000000000000
0100000000000000
0100000000000000
0100000000000000
0100000000000000
0100000000000000
0100000000000000
0100000000000000
0100000000000000
0100000000000000
0100000000000000
0100000000000000
0100000000000000
0100000000000000
0100000000000000
0100000000000000
0100000000000000
0100000000000000
0100000000000000
0100000000000000
0100000000000000
0100000000000000
0100000000000000
0100000000000000
0100000000000000
0100000000000000
0100000000000000
0100000000000000
0100000000000000
0100000000000000
0100000000000000
0100000000000000
0100000000000000
0100000000000000
0100000000000000
0100000000000000
0100000000000000
0100000000000000
0100000000000000
0100000000000000
0100000000000000
0100000000000000
0100000000000000
0100000000000000
0100000000000000
0100000000000000
0100000000000000
0100000000000000
0100000000000000
0100000000000000
0100000000000000
0100000000000000
0100000000000000
0100000000000000
0100000000000000
0100000000000000
0100000000000000
0100000000000000
0100000000000000
0100000000000000
0100000000000000
0100000000000000
0100000000000000
0100000000000000
0100000000000000
0100000000000000
0100000000000000
0100000000000000
0100000000000000
0100000000000000
0100000000000000
0100000000000000
0100000000000000
0100000000000000
0100000000000000
0100000000000000
0100000000000000
0100000000000000
0100000000000000
0100000000000000
0100000000000000
0100000000000000
0100000000000000
0100000000000000
0100000000000000
0100000000000000
0100000000000000
0100000000000000
0100000000000000
0100000000000000
0100000000000000
0100000000000000
0100000000000000
0100000000000000
0100000000000000
0100000000000000
0100000000000000
0100000000000000
0100000000000000
0100000000000000
0100000000000000
0100000000000000
0100000000000000
0100000000000000
0100000000000000
0100000000000000
0100000000000000
0100000000000000
0100000000000000
0100000000000000
0100000000000000
0100000000000000
0100000000000000
0100000000000000
0100000000000000
0100000000000000
0100000000000000
0100000000000000
0100000000000000
0100000000000000
0100000000000000
0100000000000000
0100000000000000
0100000000000000
0100000000000000
0100000000000000
0100000000000000
0100000000000000
0100000000000000
0100000000000000
0100000000000000
0100000000000000
0100000000000000
0100000000000000
0100000000000000
0100000000000000
0100000000000000
0100000000000000
0100000000000000
0100000000000000
0100000000000000
0100000000000000
0100000000000000
0100000000000000
0100000000000000
0100000000000000
0100000000000000
0100000000000000
0100000000000000
0100000000000000
0100000000000000
0100000000000000
0100000000000000
0100000000000000
0100000000000000
0100000000000000
0100000000000000
0100000000000000
0100000000000000
0100000000000000
0100000000000000
0100000000000000
0100000000000000
0100000000000000
0100000000000000
0100000000000000
0100000000000000
0100000000000000
0100000000000000
0100000000000000
0100000000000000
0100000000000000
0100000000000000
0100000000000000
0100000000000000
0100000000000000
0100000000000000
0100000000000000
0100000000000000
0100000000000000
0100000000000000
0100000000000000
0100000000000000
0100000000000000
0100000000000000
0100000000000000
0100000000000000
0100000000000000
0100000000000000
0100000000000000
0100000000000000
0100000000000000
0100000000000000
0100000000000000
0100000000000000
0100000000000000
0100000000000000
0100000000000000
0100000000000000
0100000000000000
0100000000000000
0100000000000000
0100000000000000
0100000000000000
0100000000000000
0100000000000000
0100000000000000
0100000000000000
0100000000000000
0100000000000000
0100000000000000
0100000000000000
0100000000000000
0100000000000000
0100000000000000
0100000000000000
0100000000000000
0100000000000000
0100000000000000
0100000000000000
0100000000000000
0100000000000000
0100000000000000
0100000000000000
0100000000000000
0100000000000000
0100000000000000
0100000000000000
0100000000000000
0100000000000000
0100000000000000
0100000000000000
0100000000000000
0100000000000000
0100000000000000
0100000000000000
0100000000000000
0100000000000000
0100000000000000
0100000000000000
0100000000000000
0100000000000000
0100000000000000
0100000000000000
0100000000000000
0100000000000000
0100000000000000
0100000000000000
0100000000000000
0100000000000000
0100000000000000
0100000000000000
0100000000000000
0100000000000000
0100000000000000
0100000000000000
0100000000000000
0100000000000000
0100000000000000
0100000000000000
0100000000000000
0100000000000000
0100000000000000
0100000000000000
0100000000000000
0100000000000000
0100000000000000
0100000000000000
0100000000000000
0100000000000000
0100000000000000
0100000000000000
0100000000000000
0100000000000000
0100000000000000
0100000000000000
0100000000000000
0100000000000000
0100000000000000
0100000000000000
0100000000000000
0100000000000000
0100000000000000
0100000000000000
0100000000000000
0100000000000000
0100000000000000
0100000000000000
0100000000000000
0100000000000000
0100000000000000
0100000000000000
0100000000000000
0100000000000000
0100000000000000
0100000000000000
0100000000000000
0100000000000000
0100000000000000
0100000000000000
0100000000000000
0100000000000000
0100000000000000
0100000000000000
0100000000000000
0100000000000000
0100000000000000
0100000000000000
0100000000000000
0100000000000000
0100000000000000
0100000000000000
0100000000000000
0100000000000000
0100000000000000
0100000000000000
0100000000000000
0100000000000000
0100000000000000
0100000000000000
0100000000000000
0100000000000000
0100000000000000
0100000000000000
0100000000000000
0100000000000000
0100000000000000
0100000000000000
0100000000000000
0100000000000000
0100000000000000
0100000000000000
0100000000000000
0100000000000000
0100000000000000
0100000000000000
0100000000000000
0100000000000000
0100000000000000
0100000000000000
0100000000000000
0100000000000000
0100000000000000
0100000000000000
0100000000000000
0100000000000000
0100000000000000
0100000000000000
0100000000000000
0100000000000000
0100000000000000
0100000000000000
0100000000000000
0100000000000000
0100000000000000
0100000000000000
0100000000000000
0100000000000000
0100000000000000
0100000000000000
0100000000000000
0100000000000000
0100000000000000
0100000000000000
0100000000000000
0100000000000000
0100000000000000
0100000000000000
0100000000000000
0100000000000000
0100000000000000
0100000000000000
0100000000000000
0100000000000000
0100000000000000
0100000000000000
0100000000000000
0100000000000000
0100000000000000
0100000000000000
0100000000000000
0100000000000000
0100000000000000
0100000000000000
0100000000000000
0100000000000000
0100000000000000
0100000000000000
0100000000000000
0100000000000000
0100000000000000
0100000000000000
0100000000000000
0100000000000000
0100000000000000
0100000000000000
0100000000000000
0100000000000000
0100000000000000
0100000000000000
0100000000000000
0100000000000000
0100000000000000
0100000000000000
0100000000000000
0100000000000000
0100000000000000
0100000000000000
0100000000000000
0100000000000000
0100000000000000
0100000000000000
0100000000000000
0100000000000000
0100000000000000
0100000000000000
0100000000000000
0100000000000000
0100000000000000
0100000000000000
0100000000000000
0100000000000000
0100000000000000
0100000000000000
0100000000000000
0100000000000000
0100000000000000
0100000000000000
0100000000000000
0100000000000000
0100000000000000
0100000000000000
0100000000000000
0100000000000000
0100000000000000
0100000000000000
0100000000000000
0100000000000000
0100000000000000
0100000000000000
0100000000000000
0100000000000000
0100000000000000
0100000000000000
0100000000000000
0100000000000000
0100000000000000
0100000000000000
0100000000000000
0100000000000000
0100000000000000
0100000000000000
0100000000000000
0100000000000000
0100000000000000
0100000000000000
0100000000000000
0100000000000000
0100000000000000
0100000000000000
0100000000000000
0100000000000000
0100000000000000
0100000000000000
0100000000000000
0100000000000000
0100000000000000
0100000000000000
0100000000000000
0100000000000000
0100000000000000
0100000000000000
0100000000000000
0100000000000000
0100000000000000
0100000000000000
0100000000000000
0100000000000000
0100000000000000
0100000000000000
0100000000000000
0100000000000000
0100000000000000
0100000000000000
0100000000000000
0100000000000000
0100000000000000
0100000000000000
0100000000000000
0100000000000000
0100000000000000
0100000000000000
0100000000000000
0100000000000000
0100000000000000
0100000000000000
0100000000000000
0100000000000000
0100000000000000
0100000000000000
0100000000000000
0100000000000000
0100000000000000
0100000000000000
0100000000000000
0100000000000000
0100000000000000
0100000000000000
0100000000000000
0100000000000000
0100000000000000
0100000000000000
0100000000000000
0100000000000000
0100000000000000
0100000000000000
0100000000000000
0100000000000000
0100000000000000
0100000000000000
0100000000000000
0100000000000000
0100000000000000
0100000000000000
0100000000000000
0100000000000000
0100000000000000
0100000000000000
0100000000000000
0100000000000000
0100000000000000
0100000000000000
0100000000000000
0100000000000000
0100000000000000
0100000000000000
0100000000000000
0100000000000000
0100000000000000
0100000000000000
0100000000000000
0100000000000000
0100000000000000
0100000000000000
0100000000000000
0100000000000000
0100000000000000
0100000000000000
0100000000000000
0100000000000000
0100000000000000
0100000000000000
0100000000000000
0100000000000000
0100000000000000
0100000000000000
0100000000000000
0100000000000000
0100000000000000
0100000000000000
0100000000000000
0100000000000000
0100000000000000
0100000000000000
0100000000000000
0100000000000000
0100000000000000
0100000000000000
0100000000000000
0100000000000000
0100000000000000
0100000000000000
0100000000000000
0100000000000000
0100000000000000
0100000000000000
0100000000000000
0100000000000000
0100000000000000
0100000000000000
0100000000000000
0100000000000000
0100000000000000
0100000000000000
0100000000000000
0100000000000000
0100000000000000
0100000000000000
0100000000000000
0100000000000000
0100000000000000
0100000000000000
0100000000000000
0100000000000000
0100000000000000
0100000000000000
0100000000000000
0100000000000000
0100000000000000
0100000000000000
0100000000000000
0100000000000000
0100000000000000
0100000000000000
0100000000000000
0100000000000000
0100000000000000
0100000000000000
0100000000000000
0100000000000000
0100000000000000
0100000000000000
0100000000000000
0100000000000000
0100000000000000
0100000000000000
0100000000000000
0100000000000000
0100000000000000
0100000000000000
0100000000000000
0100000000000000
0100000000000000
0100000000000000
0100000000000000
0100000000000000
0100000000000000
0100000000000000
0100000000000000
0100000000000000
0100000000000000
0100000000000000
0100000000000000
0100000000000000
0100000000000000
0100000000000000
0100000000000000
0100000000000000
0100000000000000
0100000000000000
0100000000000000
0100000000000000
0100000000000000
0100000000000000
0100000000000000
0100000000000000
0100000000000000
0100000000000000
0100000000000000
0100000000000000
0100000000000000
0100000000000000
0100000000000000
0100000000000000
0100000000000000
0100000000000000
0100000000000000
0100000000000000
0100000000000000
0100000000000000
0100000000000000
0100000000000000
0100000000000000
0100000000000000
0100000000000000
0100000000000000
0100000000000000
0100000000000000
0100000000000000
0100000000000000
0100000000000000
0100000000000000
0100000000000000
0100000000000000
0100000000000000
0100000000000000
0100000000000000
0100000000000000
0100000000000000
0100000000000000
0100000000000000
0100000000000000
0100000000000000
0100000000000000
0100000000000000
0100000000000000
0100000000000000
0100000000000000
0100000000000000
0100000000000000
0100000000000000
0100000000000000
0100000000000000
0100000000000000
0100000000000000
0100000000000000
0100000000000000
0100000000000000
0100000000000000
0100000000000000
0100000000000000
0100000000000000
0100000000000000
0100000000000000
0100000000000000
0100000000000000
0100000000000000
0100000000000000
0100000000000000
0100000000000000
0100000000000000
0100000000000000
0100000000000000
0100000000000000
0100000000000000
0100000000000000
0100000000000000
0100000000000000
0100000000000000
0100000000000000
0100000000000000
0100000000000000
0100000000000000
0100000000000000
0100000000000000
0100000000000000
0100000000000000
0100000000000000
0100000000000000
0100000000000000
0100000000000000
0100000000000000
0100000000000000
0100000000000000
0100000000000000
0100000000000000
0100000000000000
0100000000000000
0100000000000000
0100000000000000
0100000000000000
0100000000000000
0100000000000000
0100000000000000
0100000000000000
0100000000000000
0100000000000000
0100000000000000
0100000000000000
0100000000000000
0100000000000000
0100000000000000
0100000000000000
0100000000000000
0100000000000000
0100000000000000
0100000000000000
0100000000000000
0100000000000000
0100000000000000
0100000000000000
0100000000000000
0100000000000000
0100000000000000
0100000000000000
0100000000000000
0100000000000000
0100000000000000
0100000000000000
0100000000000000
0100000000000000
0100000000000000
0100000000000000
0100000000000000
0100000000000000
0100000000000000
0100000000000000
0100000000000000
0100000000000000
0100000000000000
0100000000000000
0100000000000000
0100000000000000
0100000000000000
0100000000000000
0100000000000000
0100000000000000
0100000000000000
0100000000000000
0100000000000000
0100000000000000
0100000000000000
0100000000000000
0100000000000000
0100000000000000
0100000000000000
0100000000000000
0100000000000000
0100000000000000
0100000000000000
0100000000000000
0100000000000000
0100000000000000
0100000000000000
0100000000000000
0100000000000000
0100000000000000
0100000000000000
0100000000000000
0100000000000000
0100000000000000
0100000000000000
0100000000000000
0100000000000000
0100000000000000
0100000000000000
0100000000000000
0100000000000000
0100000000000000
0100000000000000
0100000000000000
0100000000000000
0100000000000000
0100000000000000
0100000000000000
0100000000000000
0100000000000000
0100000000000000
0100000000000000
0100000000000000
0100000000000000
0100000000000000
0100000000000000
0100000000000000
0100000000000000
0100000000000000
0100000000000000
0100000000000000
0100000000000000
0100000000000000
0100000000000000
0100000000000000
0100000000000000
0100000000000000
0100000000000000
0100000000000000
0100000000000000
0100000000000000
0100000000000000
0100000000000000
0100000000000000
0100000000000000
0100000000000000
0100000000000000
0100000000000000
0100000000000000
0100000000000000
0100000000000000
0100000000000000
0100000000000000
0100000000000000
0100000000000000
0100000000000000
0100000000000000
0100000000000000
0100000000000000
0100000000000000
0100000000000000
0100000000000000
0100000000000000
0100000000000000
0100000000000000
0100000000000000
0100000000000000
0100000000000000
0100000000000000
0100000000000000
0100000000000000
0100000000000000
0100000000000000
0100000000000000
0100000000000000
0100000000000000
0100000000000000
0100000000000000
0100000000000000
0100000000000000
0100000000000000
0100000000000000
0100000000000000
0100000000000000
0100000000000000
0100000000000000
0100000000000000
0100000000000000
0100000000000000
0100000000000000
0100000000000000
0100000000000000
0100000000000000
0100000000000000
0100000000000000
0100000000000000
0100000000000000
0100000000000000
0100000000000000
0100000000000000
0100000000000000
0100000000000000
0100000000000000
0100000000000000
0100000000000000
0100000000000000
0100000000000000
0100000000000000
0100000000000000
0100000000000000
0100000000000000
0100000000000000
0100000000000000
0100000000000000
0100000000000000
0100000000000000
0100000000000000
0100000000000000
0100000000000000
0100000000000000
0100000000000000
0100000000000000
0100000000000000
0100000000000000
0100000000000000
0100000000000000
0100000000000000
0100000000000000
0100000000000000
0100000000000000
0100000000000000
0100000000000000
0100000000000000
0100000000000000
0100000000000000
0100000000000000
0100000000000000
0100000000000000
0100000000000000
0100000000000000
0100000000000000
0100000000000000
0100000000000000
0100000000000000
0100000000000000
0100000000000000
0100000000000000
0100000000000000
0100000000000000
0100000000000000
0100000000000000
0100000000000000
0100000000000000
0100000000000000
0100000000000000
0100000000000000
0100000000000000
0100000000000000
0100000000000000
0100000000000000
0100000000000000
0100000000000000
0100000000000000
0100000000000000
0100000000000000
0100000000000000
0100000000000000
0100000000000000
0100000000000000
0100000000000000
0100000000000000
0100000000000000
0100000000000000
0100000000000000
0100000000000000
0100000000000000
0100000000000000
0100000000000000
0100000000000000
0100000000000000
0100000000000000
0100000000000000
0100000000000000
0100000000000000
0100000000000000
0100000000000000
0100000000000000
0100000000000000
0100000000000000
0100000000000000
0100000000000000
0100000000000000
0100000000000000
0100000000000000
0100000000000000
0100000000000000
0100000000000000
0100000000000000
0100000000000000
0100000000000000
0100000000000000
0100000000000000
0100000000000000
0100000000000000
0100000000000000
0100000000000000
0100000000000000
0100000000000000
0100000000000000
0100000000000000
0100000000000000
0100000000000000
0100000000000000
0100000000000000
0100000000000000
0100000000000000
0100000000000000
0100000000000000
0100000000000000
0100000000000000
0100000000000000
0100000000000000
0100000000000000
0100000000000000
0100000000000000
0100000000000000
0100000000000000
0100000000000000
0100000000000000
0100000000000000
0100000000000000
0100000000000000
0100000000000000
0100000000000000
0100000000000000
0100000000000000
0100000000000000
0100000000000000
0100000000000000
0100000000000000
0100000000000000
0100000000000000
0100000000000000
0100000000000000
0100000000000000
0100000000000000
0100000000000000
0100000000000000
0100000000000000
0100000000000000
0100000000000000
0100000000000000
0100000000000000
0100000000000000
0100000000000000
0100000000000000
0100000000000000
0100000000000000
0100000000000000
0100000000000000
0100000000000000
0100000000000000
0100000000000000
0100000000000000
0100000000000000
0100000000000000
0100000000000000
0100000000000000
0100000000000000
0100000000000000
0100000000000000
0100000000000000
0100000000000000
0100000000000000
0100000000000000
0100000000000000
0100000000000000
0100000000000000
0100000000000000
0100000000000000
0100000000000000
0100000000000000
0100000000000000
0100000000000000
0100000000000000
0100000000000000
0100000000000000
0100000000000000
0100000000000000
0100000000000000
0100000000000000
0100000000000000
0100000000000000
0100000000000000
0100000000000000
0100000000000000
0100000000000000
0100000000000000
0100000000000000
0100000000000000
0100000000000000
0100000000000000
0100000000000000
0100000000000000
0100000000000000
0100000000000000
0100000000000000
0100000000000000
0100000000000000
0100000000000000
0100000000000000
0100000000000000
0100000000000000
0100000000000000
0100000000000000
0100000000000000
0100000000000000
0100000000000000
0100000000000000
0100000000000000
0100000000000000
0100000000000000
0100000000000000
0100000000000000
0100000000000000
0100000000000000
0100000000000000
0100000000000000
0100000000000000
0100000000000000
0100000000000000
0100000000000000
0100000000000000
0100000000000000
0100000000000000
0100000000000000
0100000000000000
0100000000000000
0100000000000000
0100000000000000
0100000000000000
0100000000000000
0100000000000000
0100000000000000
0100000000000000
0100000000000000
0100000000000000
0100000000000000
0100000000000000
0100000000000000
0100000000000000
0100000000000000
0100000000000000
0100000000000000
0100000000000000
0100000000000000
0100000000000000
0100000000000000
0100000000000000
0100000000000000
0100000000000000
0100000000000000
0100000000000000
0100000000000000
0100000000000000
0100000000000000
0100000000000000
0100000000000000
0100000000000000
0100000000000000
0100000000000000
0100000000000000
0100000000000000
0100000000000000
0100000000000000
0100000000000000
0100000000000000
0100000000000000
0100000000000000
0100000000000000
0100000000000000
0100000000000000
0100000000000000
0100000000000000
0100000000000000
0100000000000000
0100000000000000
0100000000000000
0100000000000000
0100000000000000
0100000000000000
0100000000000000
0100000000000000
0100000000000000
0100000000000000
0100000000000000
0100000000000000
0100000000000000
0100000000000000
0100000000000000
0100000000000000
0100000000000000
0100000000000000
0100000000000000
0100000000000000
0100000000000000
0100000000000000
0100000000000000
0100000000000000
0100000000000000
0100000000000000
0100000000000000
0100000000000000
0100000000000000
0100000000000000
0100000000000000
0100000000000000
0100000000000000
0100000000000000
0100000000000000
0100000000000000
0100000000000000
0100000000000000
0100000000000000
0100000000000000
0100000000000000
0100000000000000
0100000000000000
0100000000000000
0100000000000000
0100000000000000
0100000000000000
0100000000000000
0100000000000000
0100000000000000
0100000000000000
0100000000000000
0100000000000000
0100000000000000
0100000000000000
0100000000000000
0100000000000000
0100000000000000
0100000000000000
0100000000000000
0100000000000000
0100000000000000
0100000000000000
0100000000000000
0100000000000000
0100000000000000
0100000000000000
0100000000000000
0100000000000000
0100000000000000
0100000000000000
0100000000000000
0100000000000000
0100000000000000
0100000000000000
0100000000000000
0100000000000000
0100000000000000
0100000000000000
0100000000000000
0100000000000000
0100000000000000
0100000000000000
0100000000000000
0100000000000000
0100000000000000
0100000000000000
0100000000000000
0100000000000000
0100000000000000
0100000000000000
0100000000000000
0100000000000000
0100000000000000
0100000000000000
0100000000000000
0100000000000000
0100000000000000
0100000000000000
0100000000000000
0100000000000000
0100000000000000
0100000000000000
0100000000000000
0100000000000000
0100000000000000
0100000000000000
0100000000000000
0100000000000000
0100000000000000
0100000000000000
0100000000000000
0100000000000000
0100000000000000
0100000000000000
0100000000000000
0100000000000000
0100000000000000
0100000000000000
0100000000000000
0100000000000000
0100000000000000
0100000000000000
0100000000000000
0100000000000000
0100000000000000
0100000000000000
0100000000000000
0100000000000000
0100000000000000
0100000000000000
0100000000000000
0100000000000000
0100000000000000
0100000000000000
0100000000000000
0100000000000000
0100000000000000
0100000000000000
0100000000000000
0100000000000000
0100000000000000
0100000000000000
0100000000000000
0100000000000000
0100000000000000
0100000000000000
0100000000000000
0100000000000000
0100000000000000
0100000000000000
0100000000000000
0100000000000000
0100000000000000
0100000000000000
0100000000000000
0100000000000000
0100000000000000
0100000000000000
0100000000000000
0100000000000000
0100000000000000
0100000000000000
0100000000000000
0100000000000000
0100000000000000
0100000000000000
0100000000000000
0100000000000000
0100000000000000
0100000000000000
0100000000000000
0100000000000000
0100000000000000
0100000000000000
0100000000000000
0100000000000000
0100000000000000
0100000000000000
0100000000000000
0100000000000000
0100000000000000
0100000000000000
0100000000000000
0100000000000000
0100000000000000
0100000000000000
0100000000000000
0100000000000000
0100000000000000
0100000000000000
0100000000000000
0100000000000000
0100000000000000
0100000000000000
0100000000000000
0100000000000000
0100000000000000
0100000000000000
0100000000000000
0100000000000000
0100000000000000
0100000000000000
0100000000000000
0100000000000000
0100000000000000
0100000000000000
0100000000000000
0100000000000000
0100000000000000
0100000000000000
0100000000000000
0100000000000000
0100000000000000
0100000000000000
0100000000000000
0100000000000000
0100000000000000
0100000000000000
0100000000000000
0100000000000000
0100000000000000
0100000000000000
0100000000000000
0100000000000000
0100000000000000
0100000000000000
0100000000000000
0100000000000000
0100000000000000
0100000000000000
0100000000000000
0100000000000000
0100000000000000
0100000000000000
0100000000000000
0100000000000000
0100000000000000
0100000000000000
0100000000000000
0100000000000000
0100000000000000
0100000000000000
0100000000000000
0100000000000000
0100000000000000
0100000000000000
0100000000000000
0100000000000000
0100000000000000
0100000000000000
0100000000000000
0100000000000000
0100000000000000
0100000000000000
0100000000000000
0100000000000000
0100000000000000
0100000000000000
0100000000000000
0100000000000000
0100000000000000
0100000000000000
0100000000000000
0100000000000000
0100000000000000
0100000000000000
0100000000000000
0100000000000000
0100000000000000
0100000000000000
0100000000000000
0100000000000000
0100000000000000
0100000000000000
0100000000000000
0100000000000000
0100000000000000
0100000000000000
0100000000000000
0100000000000000
0100000000000000
0100000000000000
0100000000000000
0100000000000000
0100000000000000
0100000000000000
0100000000000000
0100000000000000
0100000000000000
0100000000000000
0100000000000000
0100000000000000
0100000000000000
0100000000000000
0100000000000000
0100000000000000
0100000000000000
0100000000000000
0100000000000000
0100000000000000
0100000000000000
0100000000000000
0100000000000000
0100000000000000
0100000000000000
0100000000000000
0100000000000000
0100000000000000
0100000000000000
0100000000000000
0100000000000000
0100000000000000
0100000000000000
0100000000000000
0100000000000000
0100000000000000
0100000000000000
0100000000000000
0100000000000000
0100000000000000
0100000000000000
0100000000000000
0100000000000000
0100000000000000
0100000000000000
0100000000000000
0100000000000000
0100000000000000
0100000000000000
0100000000000000
0100000000000000
0100000000000000
0100000000000000
0100000000000000
0100000000000000
0100000000000000
0100000000000000
0100000000000000
0100000000000000
0100000000000000
0100000000000000
0100000000000000
0100000000000000
0100000000000000
0100000000000000
0100000000000000
0100000000000000
0100000000000000
0100000000000000
0100000000000000
0100000000000000
0100000000000000
0100000000000000
0100000000000000
0100000000000000
0100000000000000
0100000000000000
0100000000000000
0100000000000000
0100000000000000
0100000000000000
0100000000000000
0100000000000000
0100000000000000
0100000000000000
0100000000000000
0100000000000000
0100000000000000
0100000000000000
0100000000000000
0100000000000000
0100000000000000
0100000000000000
0100000000000000
0100000000000000
0100000000000000
0100000000000000
0100000000000000
0100000000000000
0100000000000000
0100000000000000
0100000000000000
0100000000000000
0100000000000000
0100000000000000
0100000000000000
0100000000000000
0100000000000000
0100000000000000
0100000000000000
0100000000000000
0100000000000000
0100000000000000
0100000000000000
0100000000000000
0100000000000000
0100000000000000
0100000000000000
0100000000000000
0100000000000000
0100000000000000
0100000000000000
0100000000000000
0100000000000000
0100000000000000
0100000000000000
0100000000000000
0100000000000000
0100000000000000
0100000000000000
0100000000000000
0100000000000000
0100000000000000
0100000000000000
0100000000000000
0100000000000000
0100000000000000
0100000000000000
0100000000000000
0100000000000000
0100000000000000
0100000000000000
0100000000000000
0100000000000000
0100000000000000
0100000000000000
0100000000000000
0100000000000000
0100000000000000
0100000000000000
0100000000000000
0100000000000000
0100000000000000
0100000000000000
0100000000000000
0100000000000000
0100000000000000
0100000000000000
0100000000000000
0100000000000000
0100000000000000
0100000000000000
0100000000000000
0100000000000000
0100000000000000
0100000000000000
0100000000000000
0100000000000000
0100000000000000
0100000000000000
0100000000000000
0100000000000000
0100000000000000
0100000000000000
0100000000000000
0100000000000000
0100000000000000
0100000000000000
0100000000000000
0100000000000000
0100000000000000
0100000000000000
0100000000000000
0100000000000000
0100000000000000
0100000000000000
0100000000000000
0100000000000000
0100000000000000
0100000000000000
0100000000000000
0100000000000000
0100000000000000
0100000000000000
0100000000000000
0100000000000000
0100000000000000
0100000000000000
0100000000000000
0100000000000000
0100000000000000
0100000000000000
0100000000000000
0100000000000000
0100000000000000
0100000000000000
0100000000000000
0100000000000000
0100000000000000
0100000000000000
0100000000000000
0100000000000000
0100000000000000
0100000000000000
0100000000000000
0100000000000000
0100000000000000
0100000000000000
0100000000000000
0100000000000000
0100000000000000
0100000000000000
0100000000000000
0100000000000000
0100000000000000
0100000000000000
0100000000000000
0100000000000000
0100000000000000
0100000000000000
0100000000000000
0100000000000000
0100000000000000
0100000000000000
0100000000000000
0100000000000000
0100000000000000
0100000000000000
0100000000000000
0100000000000000
0100000000000000
0100000000000000
0100000000000000
0100000000000000
0100000000000000
0100000000000000
0100000000000000
0100000000000000
0100000000000000
0100000000000000
0100000000000000
0100000000000000
0100000000000000
0100000000000000
0100000000000000
0100000000000000
0100000000000000
0100000000000000
0100000000000000
0100000000000000
0100000000000000
0100000000000000
0100000000000000
0100000000000000
0100000000000000
0100000000000000
0100000000000000
0100000000000000
0100000000000000
0100000000000000
0100000000000000
0100000000000000
0100000000000000
0100000000000000
0100000000000000
0100000000000000
0100000000000000
0100000000000000
0100000000000000
0100000000000000
0100000000000000
0100000000000000
0100000000000000
0100000000000000
0100000000000000
0100000000000000
0100000000000000
0100000000000000
0100000000000000
0100000000000000
0100000000000000
0100000000000000
0100000000000000
0100000000000000
0100000000000000
0100000000000000
0100000000000000
0100000000000000
0100000000000000
0100000000000000
0100000000000000
0100000000000000
0100000000000000
0100000000000000
0100000000000000
0100000000000000
0100000000000000
0100000000000000
0100000000000000
0100000000000000
0100000000000000
0100000000000000
0100000000000000
0100000000000000
0100000000000000
0100000000000000
0100000000000000
0100000000000000
0100000000000000
0100000000000000
0100000000000000
0100000000000000
0100000000000000
0100000000000000
0100000000000000
0100000000000000
0100000000000000
0100000000000000
0100000000000000
0100000000000000
0100000000000000
0100000000000000
0100000000000000
0100000000000000
0100000000000000
0100000000000000
0100000000000000
0100000000000000
0100000000000000
0100000000000000
0100000000000000
0100000000000000
0100000000000000
0100000000000000
0100000000000000
0100000000000000
0100000000000000
0100000000000000
0100000000000000
0100000000000000
0100000000000000
0100000000000000
0100000000000000
0100000000000000
0100000000000000
0100000000000000
0100000000000000
0100000000000000
0100000000000000
0100000000000000
0100000000000000
0100000000000000
0100000000000000
0100000000000000
0100000000000000
0100000000000000
0100000000000000
0100000000000000
0100000000000000
0100000000000000
0100000000000000
0100000000000000
0100000000000000
0100000000000000
0100000000000000
0100000000000000
0100000000000000
0100000000000000
0100000000000000
0100000000000000
0100000000000000
0100000000000000
0100000000000000
0100000000000000
0100000000000000
0100000000000000
0100000000000000
0100000000000000
0100000000000000
0100000000000000
0100000000000000
0100000000000000
0100000000000000
0100000000000000
0100000000000000
0100000000000000
0100000000000000
0100000000000000
0100000000000000
0100000000000000
0100000000000000
0100000000000000
0100000000000000
0100000000000000
0100000000000000
0100000000000000
0100000000000000
0100000000000000
0100000000000000
0100000000000000
0100000000000000
0100000000000000
0100000000000000
0100000000000000
0100000000000000
0100000000000000
0100000000000000
0100000000000000
0100000000000000
0100000000000000
0100000000000000
0100000000000000
0100000000000000
0100000000000000
0100000000000000
0100000000000000
0100000000000000
0100000000000000
0100000000000000
0100000000000000
0100000000000000
0100000000000000
0100000000000000
0100000000000000
0100000000000000
0100000000000000
0100000000000000
0100000000000000
0100000000000000
0100000000000000
0100000000000000
0100000000000000
0100000000000000
0100000000000000
0100000000000000
0100000000000000
0100000000000000
0100000000000000
0100000000000000
0100000000000000
0100000000000000
0100000000000000
0100000000000000
0100000000000000
0100000000000000
0100000000000000
0100000000000000
0100000000000000
0100000000000000
0100000000000000
0100000000000000
0100000000000000
0100000000000000
0100000000000000
0100000000000000
0100000000000000
0100000000000000
0100000000000000
0100000000000000
0100000000000000
0100000000000000
0100000000000000
0100000000000000
0100000000000000
0100000000000000
0100000000000000
0100000000000000
0100000000000000
0100000000000000
0100000000000000
0100000000000000
0100000000000000
0100000000000000
0100000000000000
0100000000000000
0100000000000000
0100000000000000
0100000000000000
0100000000000000
0100000000000000
0100000000000000
0100000000000000
0100000000000000
0100000000000000
0100000000000000
0100000000000000
0100000000000000
0100000000000000
0100000000000000
0100000000000000
0100000000000000
0100000000000000
0100000000000000
0100000000000000
0100000000000000
0100000000000000
0100000000000000
0100000000000000
0100000000000000
0100000000000000
0100000000000000
0100000000000000
0100000000000000
0100000000000000
0100000000000000
0100000000000000
0100000000000000
0100000000000000
0100000000000000
0100000000000000
0100000000000000
0100000000000000
0100000000000000
0100000000000000
0100000000000000
0100000000000000
0100000000000000
0100000000000000
0100000000000000
0100000000000000
0100000000000000
0100000000000000
0100000000000000
0100000000000000
0100000000000000
0100000000000000
0100000000000000
0100000000000000
0100000000000000
0100000000000000
0100000000000000
0100000000000000
0100000000000000
0100000000000000
0100000000000000
0100000000000000
0100000000000000
0100000000000000
0100000000000000
0100000000000000
0100000000000000
0100000000000000
0100000000000000
0100000000000000
0100000000000000
0100000000000000
0100000000000000
0100000000000000
0100000000000000
0100000000000000
0100000000000000
0100000000000000
0100000000000000
0100000000000000
0100000000000000
0100000000000000
0100000000000000
0100000000000000
0100000000000000
0100000000000000
0100000000000000
0100000000000000
0100000000000000
0100000000000000
0100000000000000
0100000000000000
0100000000000000
0100000000000000
0100000000000000
0100000000000000
0100000000000000
0100000000000000
0100000000000000
0100000000000000
0100000000000000
0100000000000000
0100000000000000
0100000000000000
0100000000000000
0100000000000000
0100000000000000
0100000000000000
0100000000000000
0100000000000000
0100000000000000
0100000000000000
0100000000000000
0100000000000000
0100000000000000
0100000000000000
0100000000000000
0100000000000000
0100000000000000
0100000000000000
0100000000000000
0100000000000000
0100000000000000
0100000000000000
0100000000000000
0100000000000000
0100000000000000
0100000000000000
0100000000000000
0100000000000000
0100000000000000
0100000000000000
0100000000000000
0100000000000000
0100000000000000
0100000000000000
0100000000000000
0100000000000000
0100000000000000
0100000000000000
0100000000000000
0100000000000000
0100000000000000
0100000000000000
0100000000000000
0100000000000000
0100000000000000
0100000000000000
0100000000000000
0100000000000000
0100000000000000
0100000000000000
0100000000000000
0100000000000000
0100000000000000
0100000000000000
0100000000000000
0100000000000000
0100000000000000
0100000000000000
0100000000000000
0100000000000000
0100000000000000
0100000000000000
0100000000000000
0100000000000000
0100000000000000
0100000000000000
0100000000000000
0100000000000000
0100000000000000
0100000000000000
0100000000000000
0100000000000000
0100000000000000
0100000000000000
0100000000000000
0100000000000000
0100000000000000
0100000000000000
0100000000000000
0100000000000000
0100000000000000
0100000000000000
0100000000000000
0100000000000000
0100000000000000
0100000000000000
0100000000000000
0100000000000000
0100000000000000
0100000000000000
0100000000000000
0100000000000000
0100000000000000
0100000000000000
0100000000000000
0100000000000000
0100000000000000
0100000000000000
0100000000000000
0100000000000000
0100000000000000
0100000000000000
0100000000000000
0100000000000000
0100000000000000
0100000000000000
0100000000000000
0100000000000000
0100000000000000
0100000000000000
0100000000000000
0100000000000000
0100000000000000
0100000000000000
0100000000000000
0100000000000000
0100000000000000
0100000000000000
0100000000000000
0100000000000000
0100000000000000
0100000000000000
0100000000000000
0100000000000000
0100000000000000
0100000000000000
0100000000000000
0100000000000000
0100000000000000
0100000000000000
0100000000000000
0100000000000000
0100000000000000
0100000000000000
0100000000000000
0100000000000000
0100000000000000
0100000000000000
0100000000000000
0100000000000000
0100000000000000
0100000000000000
0100000000000000
0100000000000000
0100000000000000
0100000000000000
0100000000000000
0100000000000000
0100000000000000
0100000000000000
0100000000000000
0100000000000000
0100000000000000
0100000000000000
0100000000000000
0100000000000000
0100000000000000
0100000000000000
0100000000000000
0100000000000000
0100000000000000
0100000000000000
0100000000000000
0100000000000000
0100000000000000
0100000000000000
0100000000000000
0100000000000000
0100000000000000
0100000000000000
0100000000000000
0100000000000000
0100000000000000
0100000000000000
0100000000000000
0100000000000000
0100000000000000
0100000000000000
0100000000000000
0100000000000000
0100000000000000
0100000000000000
0100000000000000
0100000000000000
0100000000000000
0100000000000000
0100000000000000
0100000000000000
0100000000000000
0100000000000000
0100000000000000
0100000000000000
0100000000000000
0100000000000000
0100000000000000
0100000000000000
0100000000000000
0100000000000000
0100000000000000
0100000000000000
0100000000000000
0100000000000000
0100000000000000
0100000000000000
